:10000000200400202D29000081270000292900005C
:100010002929000029290000292900002929000098
:10002000000000000000000000000000292900007E
:1000300029290000000000002929000029290000CA
:10004000BD1F00005920000001210000E92100002F
:040050004001F0007B
:100054000348044B834202D0034B03B11847704753
:10006400040000200400002000000000064B0749A3
:10007400C91A891048BF0131491003D0044B0BB190
:1000840001481847704700BF040000200400002006
:100094000000000010B5064C237843B9FFF7D8FFE1
:1000A400044B13B10448AFF300800123237010BD47
:1000B4003C0400200000000084A2000108B5054BA8
:1000C4001BB105490548AFF30080BDE80840FFF7C0
:1000D400CDBF00BF000000004004002084A2000146
:1000E4002DE9F041D0E902850446A8EB05074068F4
:1000F40097422844154408D80E463A46A5EB08050D
:1001040002F0B2FC2A466068F11902F0ADFCBFF3BC
:100114005F8FE560BDE8F0812DE9F8434FF00009F9
:10012400064688461746D0E902243369151B9C42CB
:1001340003F1FF3125BF03F1FF339B180B1B1B1B7E
:10014400BD4228BF3D469D4228BF1D4670684146BA
:100154002A46204402F088FCB2682C44A24208BF1C
:100164000024A944A8447F1BBFF35F8FF460002FD1
:10017400DBD14846BDE8F883F8B5164CA822002127
:10018400204602F069FC4FF400660023032140205E
:10019400114A124F124D21616161A261E761266229
:1001A400A3626362E36222666566A0662367E36610
:1001B4006367BFF35F8F0B4B9C46A3F11000ACEB5E
:1001C400030213F9011D8342A154F8D1BFF35F8FD9
:1001D400F8BD00BF980C0020882A00009804002075
:1001E40058040020202B000038B5214B00EB4004BC
:1001F40003EBC40EDEF82C40013000EB4000012C70
:100204008C46154603EBC00015D0022C0FD034BB2E
:10021400DEF82830DEF8242093429CBFDEF820105C
:100224005B18013B9A1A95421CD9204638BDBDE89B
:100234003840FFF771BFDEF82830DEF82440A342CF
:100244009CBFDEF820105B18013B1C1B944228BFA6
:10025400144661462246FFF743FF204638BD00247A
:10026400204638BD2A466146FFF73AFF2C46DCE7B4
:10027400980C0020F8B50B4B04461B780D46532B05
:10028400164601D0FFF778FFEFF311874FF02001F6
:1002940081F31188324629462046FFF7A5FF87F3EC
:1002A4001188F8BD980C0020D0E9013210B504463D
:1002B400501C984207D8236899540246E168636841
:1002C4000131C4E902019A4200D010BD21682069BD
:1002D400FFF7D0FFA368984215BF4FF0FF33002308
:1002E400E360A36010BD00BF2DE9F84F91420F46B3
:1002F400DDE90A94154683461E4668D30B464FF043
:100304000108B3FBF5F39D4208F10108F9D9B045A2
:1003140038BFB04614F0010A02D1B9F1000F3DD143
:10032400DBF80C30002B29DB012402E005FB04F48C
:10033400013E012EFAD8B7FBF4F39D4205D805FB24
:1003440004F4B7FBF4F39D42F9D9224E06E0AC4223
:10035400B4FBF5F30CD31C46B7FBF3F3F156584644
:1003640004FB1377FFF7A0FFDBF80C30002BEEDA69
:10037400BAF1000F02D0B9F1000F09D1BDE8F88F2E
:1003840020215846FFF790FFDBF80C30002BF5DBFB
:10039400C14509F1FF39F3D8BDE8F88FA30711D49B
:1003A40020240CE021465846FFF77EFFDBF80C3092
:1003B40009F1FF39002BE1DBB9F1000FB2D0C145DF
:1003C400F0D8ADE7002E0CBF30242024F7E74FF01F
:1003D40001089CE7242B00002DE9F04F0023402462
:1003E4009BB00DF12809CDE9049480460C461746CC
:1003F400CDE90633089006E004A8FFF755FF079BF4
:10040400002BC0F2AE8014F9011B002900F0A1807A
:100414002529F1D10026234613F9011BA1F123025A
:100424000D2A08D8DFE802F0800707070707070747
:100434007C0784070778A1F13002D2B2092A4FF071
:10044400000501D90EE0013305EB850501EB4505F7
:1004540093F900101C46A1F13002D2B2092AA5F189
:100464003005F0D92E2900F080800022924694F9BC
:10047400001021F00403682B04F101045CD0252949
:10048400BAD05839CBB2202BB9D82029B7D801A378
:1004940053F821F0BD05000003040000030400002C
:1004A400030400000304000003040000030400002C
:1004B400030400000304000003040000030400001C
:1004C400D9050000610600000304000003040000D5
:1004D40003040000030400000304000003040000FC
:1004E40003040000030400000304000003040000EC
:1004F400030400004306000003040000030400009A
:100504000706000003040000ED05000003040000DA
:1005140003040000BD0500001C4646F002067AE70D
:100524001C4646F0040676E71C4646F0080672E7C9
:100534001C4646F001066EE714F9011B21F0040382
:10054400682B9CD114F9011B21F00403682B96D16C
:10055400F2E7079B002B04DD069C002C40F0B280E0
:10056400234418461BB0BDE8F08F94F901102A29E2
:1005740009D13B684FF0010A1A1D3A6094F9021040
:100584001A68023475E7A1F13003DBB2092B4FF08E
:10059400000204F1010400F2E18002EB820201EBAB
:1005A400420214F9011F303AA1F13003DBB2092BE6
:1005B400F3D94FF0010A5CE713461022386801684A
:1005C4000430CDE9005638600DEB0200FFF78CFED5
:1005D400079B15E73B6804A81A1D93F900103A60BD
:1005E400FFF762FE079B0BE7386813460168043087
:1005F400CDE900560A22386004A8FFF775FE079B70
:10060400FEE63B68191D39601D68002D00F08D80E1
:100614000132AE1815F9011B00293FF4F0AEBAF10E
:10062400000F02D0B5423FF4EAAE04A8FFF73CFE47
:10063400079B002BEEDA18461BB0BDE8F08F0823A9
:10064400102200253868016804303860CDE900358F
:100654000DEB0200FFF748FE079BD1E63B684FF025
:10066400010AD3F800B004333B608BEAEB73A3EBCD
:10067400EB73092B09DD4A481946A0FB03C3632920
:100684000AF1010A4FEAD303F6DC924538BF9246D9
:100694000DBB079900250B460029FFF662AFBBF19D
:1006A400000F46DB730752D406F00303022B57D026
:1006B400134659460A22CDE9005604A8FFF714FE52
:1006C400079B9DE62246494640460393FFF7D2FD29
:1006D400039B234445E7BBF1000F06F002031BDB39
:1006E400710719D4002B53D09AB1F3070FD510E03A
:1006F400202104A80392FFF7D7FD0799039A002944
:100704000B4605F1FF35FFF62CAF002DC4D0AA45EA
:10071400EED307990B46BFE7013D0BB1002AF8D091
:10072400F107F6D4002DF2D1B3E74FF0000A1D4DC6
:100734006EE72D2104A80392FFF7B6FD039ACBF1CF
:10074400000B079900290B46FFF60BAFACE72B21F2
:1007540004A80392FFF7A8FD039AF2E7924688E6FD
:10076400002AA5D1002DA3D0554517D9302104A8BE
:100774000392FFF799FD0799013D00290B46FFF607
:10078400F0AE039A002DEFD10029FFF6EAAE8FE711
:10079400F007BCD5079B002B8ADAE2E60B46F3E7A9
:1007A400CDCCCCCC942A00000EB400B582B003ABFF
:1007B40053F8041B01AA0193FFF70EFE02B05DF883
:1007C40004EB03B0704700BFF8B510B30A4601B399
:1007D4000024124E124D01460723124834702C7027
:1007E40001F0D6F9074690B9337863B90E4C07E0A7
:1007F400013C11D00121084601F07AFF337813B986
:100804002B78002BF4D02B78002B18BF12273846F6
:10081400F8BD03273846F8BD1427F8E7410D00203A
:10082400400D00205C0D0020A186010070B5054636
:100834000B46164640F203712A4613481D4601F042
:10084400BBFD044608B1204670BD024640F2064195
:100854000D4801F0B1FD044678B931462846FFF74A
:10086400B3FF0122044640F20641074801F0A4FD0B
:10087400002C08BF0446204670BD012240F2064108
:10088400014801F099FDDEE7540D0020F0B5FA2986
:100894000E460D4628BFFA26FFB049B101AB020A45
:1008A40003EB4601C0B21A70587002338B42FAD17E
:1008B400012240F20371194801F07EFD044610B193
:1008C40020467FB0F0BD024640F20641134801F0D5
:1008D40073FD044670B915B915E0ED1B13D0AE4293
:1008E400374628BF2F4601A87900FFF76DFF04465D
:1008F4000028F2D0012240F20641084801F05CFDD4
:1009040020467FB0F0BD012240F20641034801F0C9
:1009140053FD044620467FB0F0BD00BF540D0020B7
:100924002DE9F0412A2482B005460F46164640F2CE
:100934000371002252488DF80740984601F03CFDAF
:10094400044618B1204602B0BDE8F081024640F2E8
:1009540006414B4801F030FD0446002840F08380F6
:1009640001210DF10700FFF72FFF0446012240F299
:100974000641434801F020FD002CE3D100287CD13E
:1009840001222B0A10460DF107018DF80730FFF7FD
:100994004DFF04460028D5D101220DF10701104670
:1009A4008DF80750FFF742FF04460028CAD1012200
:1009B400330A10460DF107018DF80730FFF736FFB3
:1009C40004460028BED101220DF1070110468DF81E
:1009D4000760FFF72BFF04460028B3D12B23012225
:1009E4000DF107018DF80730FFF720FF04460028BA
:1009F400A8D101223B0A10460DF107018DF80730FA
:100A0400FFF714FF044600289CD101220DF10701D1
:100A140010468DF80770FFF709FF0446002891D1AE
:100A240001224FEA182310460DF107018DF8073013
:100A3400FFF7FCFE0446002884D101220DF10701D2
:100A440010468DF80780FFF7F1FE044600287FF476
:100A540079AF2C2301220DF107018DF80730FFF740
:100A6400E5FE04466EE7012240F20641044801F027
:100A7400A3FC204602B0BDE8F081044662E700BF53
:100A8400540D002010B51049104801F0E1F848B9A0
:100A9400012240F206410E4801F08EFC044650B992
:100AA400204610BD04460B4B0B4A0C490020FFF7AF
:100AB4007BFE204610BD0A4B074A08490020FFF779
:100AC40073FE204610BD00BF988302005C0D002019
:100AD400540D00209C2A0000482B0000CC2A000062
:100AE400E82A0000FFF770BE904213D8994210B56F
:100AF4009E460DD8084C2488A4B2944208D9074CC9
:100B04002488A4B29C4203D9BDE81040FFF708BF73
:100B1400032010BD032070470000002002000020C5
:100B240010B5012240F20641124801F045FC04468A
:100B340008B1204610BD024640F204710D4801F090
:100B44003BFC04460028F4D14FF47A71C82001F02C
:100B5400CFFD012240F20471064801F02DFC044649
:100B64000028E6D14FF47A71C82001F0C1FD204677
:100B740010BD00BF540D0020032801D90320704785
:100B8400362370B51249134A134C82B031F8105011
:100B940032F81060245C012200200DF107018DF869
:100BA4000730FFF743FE88B94FF47A71012001F052
:100BB4009FFD01220DF1070110468DF80740FFF754
:100BC40035FE18B9054A064B15801E8002B070BD6B
:100BD4003C2B0000342B0000442B000000000020BC
:100BE4000200002030B583B0FFF74CFF044610B17B
:100BF400204603B030BD012240F20471E04801F008
:100C0400DBFB04460028F3D1FFF78AFF04460028E3
:100C1400EED101250DF107012A468DF80750FFF7A3
:100C240005FE04460028E3D14FF47A71084601F02A
:100C34005FFDCB2320462A460DF107018DF80730CE
:100C4400FFF7F4FD04460028D2D139232A4628466A
:100C54000DF107018DF80730FFF7E8FD0446002881
:100C6400C6D12C232A4628460DF107018DF80730FA
:100C7400FFF7DCFD04460028BAD18DF807002A46A8
:100C840028460DF10701FFF7D1FD04460028AFD136
:100C940034232A4628460DF107018DF80730FFF763
:100CA400C5FD04460028A3D102232A4628460DF197
:100CB40007018DF80730FFF7B9FD0446002897D1E6
:100CC400CF232A4600200DF107018DF80730FFF7E6
:100CD400ADFD044600288BD18DF807002A4628462E
:100CE4000DF10701FFF7A2FD0446002880D1C123BE
:100CF4002A4628460DF107018DF80730FFF796FDC7
:100D0400044600287FF474AF30232A4628460DF1A8
:100D140007018DF80730FFF789FD044600287FF4AA
:100D240067AFE8232A460DF107018DF80730FFF776
:100D34007DFD044600287FF45BAF85232A462846C0
:100D44000DF107018DF80730FFF770FD0446002808
:100D54007FF44EAF8DF807002A4628460DF10701AF
:100D6400FFF764FD044600287FF442AF78232A4647
:100D740028460DF107018DF80730FFF757FD0446AB
:100D840000287FF435AFEA232A460DF107018DF8D8
:100D94000730FFF74BFD044600287FF429AF8DF898
:100DA40007002A4628460DF10701FFF73FFD0446D8
:100DB40000287FF41DAF00232A4628460DF10701C1
:100DC4008DF80730FFF732FD044600287FF410AF9A
:100DD400ED232A460DF107018DF80730FFF726FDB4
:100DE400044600287FF404AF64232A4628460DF104
:100DF40007018DF80730FFF719FD044600287FF43A
:100E0400F7AE03232A4628460DF107018DF8073073
:100E1400FFF70CFD044600287FF4EAAE12232A46AD
:100E240028460DF107018DF80730FFF7FFFC044653
:100E340000287FF4DDAE81232A4628460DF1070100
:100E44008DF80730FFF7F2FC044600287FF4D0AE9B
:100E5400F7232A460DF107018DF80730FFF7E6FC6A
:100E6400044600287FF4C4AE20232A4628460DF108
:100E740007018DF80730FFF7D9FC044600287FF4FA
:100E8400B7AEC0232A460DF107018DF80730FFF7EE
:100E9400CDFC044600287FF4ABAE23232A46284623
:100EA4000DF107018DF80730FFF7C0FC0446002858
:100EB4007FF49EAEC1232A4600200DF107018DF870
:100EC4000730FFF7B3FC044600287FF491AE1023EB
:100ED4002A4628460DF107018DF80730FFF7A6FCD6
:100EE400044600287FF484AEC5232A460DF1070189
:100EF4008DF80730FFF79AFC044600287FF478AE9B
:100F04003E232A4628460DF107018DF80730FFF7E6
:100F14008DFC044600287FF46BAE28232A4628461D
:100F24000DF107018DF80730FFF780FC0446002817
:100F34007FF45EAEC7232A460DF107018DF8073012
:100F4400FFF774FC044600287FF452AE86232A4639
:100F540028460DF107018DF80730FFF767FC0446BA
:100F640000287FF445AE36232A460DF107018DF89B
:100F74000730FFF75BFC044600287FF439AE01E03C
:100F8400540D002048232A4628460DF107018DF808
:100F94000730FFF74BFC044600287FF429AE3A23C0
:100FA4002A460DF107018DF80730FFF73FFC044690
:100FB40000287FF41DAE55232A4628460DF107016B
:100FC4008DF80730FFF732FC044600287FF410AE9A
:100FD400B1232A460DF107018DF80730FFF726FCEF
:100FE400044600287FF404AE8DF807002A462846FC
:100FF4000DF10701FFF71AFC044600287FF4F8AD51
:1010040018232A4628460DF107018DF80730FFF70B
:101014000DFC044600287FF4EBADB6232A460DF1FF
:1010240007018DF80730FFF701FC044600287FF420
:10103400DFAD08232A4628460DF107018DF8073055
:10104400FFF7F4FB044600287FF4D2AD82232A463E
:1010540028460DF107018DF80730FFF7E7FB04463A
:1010640000287FF4C5AD27232A4628460DF1070141
:101074008DF80730FFF7DAFB044600287FF4B8AD9B
:10108400F2232A460DF107018DF80730FFF7CEFB56
:10109400044600287FF4ACAD8DF807002A462846A4
:1010A4000DF10701FFF7C2FB044600287FF4A0AD51
:1010B40026232A4600200DF107018DF80730FFF79B
:1010C400B5FB044600287FF493AD2A4628460DF16B
:1010D40007018DF80750FFF7A9FB044600287FF4A9
:1010E40087ADE0232A460DF107018DF80730FFF79D
:1010F4009DFB044600287FF47BAD0F232A46284637
:101104000DF107018DF80730FFF790FB0446002826
:101114007FF46EAD31232A4628460DF107018DF880
:101124000730FFF783FB044600287FF461AD2B23CF
:101134002A4628460DF107018DF80730FFF776FBA4
:10114400044600287FF454AD0C232A4628460DF1AA
:1011540007018DF80730FFF769FB044600287FF488
:1011640047AD0E232A4628460DF107018DF80730B6
:10117400FFF75CFB044600287FF43AAD08232A46B7
:1011840028460DF107018DF80730FFF74FFB0446A1
:1011940000287FF42DAD4E232A4628460DF1070181
:1011A4008DF80730FFF742FB044600287FF420AD9A
:1011B400F1232A4628460DF107018DF80730FFF781
:1011C40035FB044600287FF413AD37232A4628460E
:1011D4000DF107018DF80730FFF728FB04460028BE
:1011E4007FF406AD07232A4628460DEB03018DF84C
:1011F4000730FFF71BFB044600287FF4F9AC1023EB
:101204002A4628460DF107018DF80730FFF70EFB3B
:10121400044600287FF4ECAC03232A4628460DF14B
:1012240007018DF80730FFF701FB044600287FF41F
:10123400DFAC0E232A4628460DF107018DF807304E
:10124400FFF7F4FA044600287FF4D2AC09232A46B7
:1012540028460DF107018DF80730FFF7E7FA044639
:1012640000287FF4C5AC8DF807002A4628460DF106
:101274000701FFF7DBFA044600287FF4B9ACE12349
:101284002A460DF107018DF80730FFF7CFFA04461F
:1012940000287FF4ADAC8DF807002A4628460DF1EE
:1012A4000701FFF7C3FA044600287FF4A1AC0E231C
:1012B4002A4628460DF107018DF80730FFF7B6FAE4
:1012C400044600287FF494AC14232A4628460DF1E2
:1012D40007018DF80730FFF7A9FA044600287FF4C8
:1012E40087AC03232A4628460DF107018DF8073001
:1012F400FFF79CFA044600287FF47AAC11232A46AF
:1013040028460DF107018DF80730FFF78FFA0446E0
:1013140000287FF46DAC07232A4628460DEB030111
:101324008DF80730FFF782FA044600287FF460AC9A
:1013340031232A4628460DF107018DF80730FFF7BF
:1013440075FA044600287FF453ACC1232A46284684
:101354000DF107018DF80730FFF768FA04460028FD
:101364007FF446AC48232A4628460DF107018DF840
:101374000730FFF75BFA044600287FF439AC0823F2
:101384002A4628460DF107018DF80730FFF74EFA7B
:10139400044600287FF42CAC0F232A4628460DF17E
:1013A40007018DF80730FFF741FA044600287FF45F
:1013B4001FAC0C232A4628460DF107018DF807308F
:1013C400FFF734FA044600287FF412AC31232A468E
:1013D40028460DF107018DF80730FFF727FA044678
:1013E40000287FF405AC36232A4628460DF1070170
:1013F4008DF80730FFF71AFA044600287FF4F8AB9B
:101404000F232A4628460DF107018DF80730FFF710
:101414000DFA044600287FF4EBAB11232A460DF1A4
:1014240007018DF80730FFF701FA044600287FF41E
:10143400DFAB4FF47A71782001F05AF92923204662
:101444002A460DF107018DF80730FFF7EFF904463E
:1014540000287FF4CDAB03B0BDE83040FFF78CBB70
:10146400F8B5194EB6F800C01FFA8CFC844528D98B
:10147400164F1D463B889BB28B4222D9144602B3B9
:1014840033881B1A9BB2934202D23488241AA4B222
:10149400421E224492B2824213D333889BB29A42B0
:1014A4000FD23B889BB299420BD20B46FFF738FA16
:1014B40040B9204634B121462846BDE8F840FFF73C
:1014C400E5B90320F8BD00BF0000002002000020A1
:1014D400F8B5194EB6F800C01FFA8CFC844528D91B
:1014E400164F1D463B889BB28B4222D9144602B349
:1014F4003B885B1A9BB2934202D23C88641AA4B222
:101504004A1E224493B28B4213D3328892B2904241
:101514000FD23A8892B293420BD20246FFF700FAF6
:1015240040B9204634B121462846BDE8F840FFF7CB
:10153400ADB90320F8BD00BF000000200200002068
:1015440010B10379012B03D00122034B1A707047A9
:10155400024A1370704700BF400D0020410D002067
:101564002DE9F0471C468242904638BF80468242AD
:10157400154628BF05468C42264628BF0E4608F16C
:10158400010ABDF82070AAEB050A1FFA8AFA8946F7
:101594003B46524631462846FFF762FFB8B94C45F0
:1015A40038BF4C46A64206D052463B462146284602
:1015B400FFF756FF58B90134A41BA4B23B46224698
:1015C40031462846FFF784FF08B9454501D1BDE8F7
:1015D400F0873B46224631464046BDE8F047FFF7D8
:1015E40077BF00BF2DE9F0410546002849D00846E1
:1015F40003295AD8DFE801F015021502F0274FF449
:10160400A076FFF7B9FA044640B97B1E721E014664
:101614009BB292B2FFF768FA044630B12046BDE8A7
:10162400F0814FF4A077F026EBE7012240F203713A
:101634001F4800F0C1FE04460028EFD1024640F2E4
:1016440006411B4800F0B8FE804630BB4FF4163705
:1016540001E0BF1B19D0B7F5FA7F3E4628BF4FF40F
:10166400FA7605EB08003146FFF73CFAB04404462D
:101674000028EED0012240F206410D4800F09CFE05
:10168400CCE701242046BDE8F0810122BDE8F04109
:1016940040F20641064800F08FBE012240F20641A6
:1016A400034800F089FE4446B8E70324B6E700BFC8
:1016B400540D0020F0B51D4B83B0002832D003C870
:1016C40083E803000023012119481A4A1A4F1B4ECC
:1016D4003B701B4C33701B4D0370DFF878C01370E4
:1016E400194A1A488CF8003021702B701370FFF7D8
:1016F40079FF18B10023237003B0F0BD4FF6E076F4
:101704002B78134A03EB830302EB430132F81300F3
:101714000096CB888A884988FFF722FF0028E9D100
:1017240003B0F0BDC3E90000CCE700BF440D0020C6
:10173400500D00204F0D0020520D0020510D0020AF
:10174400420D00204C0D00204D0D0020982B000070
:101754005C2B00004E0D00202DE9F04F684B83B048
:101764001B78CBB1674A137803F0FF01002B30D10B
:10177400654A137803F0FF009BB9644A137803F0B9
:10178400FF01002B46D1624B1A78002A5ED1002457
:10179400204603B0BDE8F08F0724204603B0BDE81F
:1017A400F08F5C4F5C4E3B7835781170002BEED097
:1017B400002D00F09380594A1368002B00F09E809E
:1017C40028465168984704460028E1D13D7030709E
:1017D400DEE70023504C524D4E4E012151482370F8
:1017E400137033702B70FFF7FDFE04460028CFD131
:1017F4004FF6E0742B784C4A03EB830302EB43016E
:1018040032F813000094CB888A884988FFF7A8FE31
:101814000446BDE73F4D10702B78002BB7D1404BE9
:10182400414A1B783D4903EB830302EB43030A68F7
:101834001E7A002A62D03046496890470446002840
:10184400A6D12A78344B2E701A70A1E7314A344D50
:1018540012782E781970002A99D1334F06EB86023C
:1018640007EB420337F8128040F6A502B3F8029062
:10187400B3F804A0B3F806B000925B46524649465A
:101884004046FFF76DFE0446002881D12A78274B95
:101894000132A3FB02139B0803EB4303A2EB4303B4
:1018A4004FF6E0722B7003EB830307EB430137F829
:1018B40013000092CB888A884988FFF751FE0446BA
:1018C40000283FF465AF4FF6E0732E705246009344
:1018D40049465B464046FFF743FE59E7012111485C
:1018E4003D703570FFF77EFE044600287FF450AF4C
:1018F4000B4B4FF6E0740C4A1B787DE7062447E750
:10190400420D00204F0D0020500D0020510D0020ED
:10191400520D00204E0D00204D0D0020440D0020DE
:101924004C0D0020982B00005C2B0000ABAAAAAA47
:1019340008B5FFF757F900B108BDFFF7BBFE002853
:10194400FAD104E04FF47A710A2000F0D1FEFFF7D7
:1019540003FF0028F6D00628F4D008BDFFF7E8BF3F
:10196400022800D070470249024800F099BD00BF28
:10197400CC830200540D002008B5FFF7EFFF0020D0
:1019840008BD00BF2DE9F04184B09DF828700028FF
:1019940000F0CB8090461D4602687A4B04469A427A
:1019A40040F0C7800E46002900F0BB80002D00F0F7
:1019B400BC806268536963B19A6818686946D369E0
:1019C4009847002840F0B280029BAB42C0F0AD8043
:1019D400626813695BB19A6818686946D369984765
:1019E400002840F0A380029BAB42C0F09E80062FEB
:1019F40040F29B800F2F06D97B1C9B0740F09580FB
:101A04001B2F00F09280A268137813F0400340F07B
:101A14009480C4E90533636884F820705869C4E984
:101A24000368E56118B343680F2F1968A56100F2D4
:101A34008680FB1F18BF01234A881B0322F44052EF
:101A440043F0080322F00C0213434B80ABB2CB816A
:101A5400C1F80880B8F1000F7CD0836800685B6827
:101A64009847002862D1636894F82070A268D3F87C
:101A740010C0BCF1000F2CD0DCF804100F2F096843
:101A840065615ED8072F94BF00200120CF78000144
:101A940027F03C0740F008003843C870587A1F6AA2
:101AA400ABB218B917B1387B012861D0CB814E6035
:101AB400002E56D01378DCF8085023F02003DCF80D
:101AC40000006D681370A84780BBA26894F820706A
:101AD4006368D17A0F2FC8B2118A89B233D901371A
:101AE40020F04000BF08053F40F020005D7A21F45B
:101AF40070611B6A41EA072155B94BB11B7B012B6D
:101B040006D1E369012B14BF41F0800121F080016B
:101B140089B2D07211821378002043F060031370ED
:101B240004E0B8F1000F7FF441AF012004B0BDE838
:101B3400F081072004B0BDE8F0810820F6E7022315
:101B44007AE70220A2E7072F94BF40F0400000F09C
:101B54009F00CBE78B7868F383038B700A4B8B6011
:101B64007BE7CB7866F38303CB70084B4B60A1E72C
:101B7400E06901289AD0581E013D83B26561CB818A
:101B840095E700BF49505352900D00208C0D002062
:101B940010B594461C4682B0002263460094FFF7B9
:101BA400F1FE02B010BD00BF42684369517A126A67
:101BB40019B912B1127B012A24D0C269511E99426B
:101BC4000FD09A420CD08168C26832B190F820C01C
:101BD400BCF10F0F0DD952F823204A600133436141
:101BE400704781680A8A22F080021204120C0A8269
:101BF400EAE7BCF1070F95BFD25C32F813200A71F3
:101C04008A80EBE78268D2789206E9D5D5E700BFEF
:101C140030B5836A85B004468C4601ADABB193E818
:101C2400070085E8070062681846117883F804C045
:101C3400E26A19609A60636A9847A36A1BB195E8DF
:101C4400070083E8070005B030BD2B46EBE700BF73
:101C54002DE9F04F83B000284BD0B84B02680446FE
:101C64009A4200F052810D46002942D08B69002B24
:101C74003FD00A6A002A3CD00B78012B00F23F8146
:101C840091F90310002934DB95F90410002930DBA5
:101C9400697A012900F03E8119B9117B012900F00C
:101CA4005981DFF8AC822F691B02984467B14FF069
:101CB4000062796838680B681A60C3F80880BB68EA
:101CC4001B6898470646A8B96B69BBB1D3E90112F2
:101CD4004FF4002618680B6812681E60C3F804806D
:101CE4009047064650B12FB1BB6838681B6A9847C5
:101CF40000E00126304603B0BDE8F08F0022D5E9AC
:101D04000613C4E90A2365606162287800F580033C
:101D140003F58D531B02A3606F7A002F00F000813E
:101D24001146B02694466B7B95F80BE02A6A1B0398
:101D3400AD7A43EA4E032B431578002D40F0FB8027
:101D440001218140890704D0B7FA87F1490943EAA0
:101D5400C11392F801E090784FEA4E1126EACE16AC
:101D640041EA4E0123F070053143D3781679984047
:101D74001B011EB1022E0CBF3026202692F805E06E
:101D8400BEF1000F06D0BEF1010F14BF4CF0010CE0
:101D94004CF0030C92F808E092F806800EF0030E63
:101DA40043EA8E032B43002F40F0C180957A92F8CA
:101DB40009A0D77A43F460430195EFF310894FF0FB
:101DC400010E8EF3108865682D78C5F113050EFA9F
:101DD40005FE5B4DD5F804B02BEA0E0BC5F804B034
:101DE4006D6889F310884FF0000EA568C9B2C0B2BF
:101DF40095F8039085F803E029706870AE70D17986
:101E04009BB2A97201995FFA8CFC85F80CA06973E6
:101E1400AF7385F80FC02B82636885F82080597AE8
:101E2400002940F08280127B012A0CBF122210226A
:101E340085F8212093F90220002A80F290804148FD
:101E440093F90120002A26DB5B7902F160411B0132
:101E5400DBB201F5614181F800333B4B02F1C00173
:101E640040F8224053F8215025F4803543F821509E
:101E740053F82130BFF35F8F012153099B0002F017
:101E84001F0203F1604303F5614301FA02F2C3F850
:101E940080211A6063681A7A2C4993F9043012017C
:101EA400294DCE18D2B286F8002303F1C00240F8BF
:101EB400234055F8226026F4803645F8226055F810
:101EC4002220BFF35F8F012203F01F055B099B00F3
:101ED40003F1604303F56143AA40C3F880211A600B
:101EE4006368002693F90320DB7911441B01DBB2FC
:101EF40081F80033114B40F822402360FAE640F2A7
:101F04007A56304603B0BDE8F08F0E26304603B053
:101F1400BDE8F08FAA7A012A3FF4C3AE0626E9E6AB
:101F2400B82608214FF0100CFDE6102280E70027A8
:101F3400BA46019741E741F0B1060AE749505352C6
:101F440000400840D80D00200060004000E100E09F
:101F540004A011401278012A7FF4A3AEDEE79B7936
:101F640002F160411B011248DBB201F5614181F8C5
:101F74000033104B02F1C00140F8224053F82150C5
:101F840025F4803543F8215053F82130BFF35F8F97
:101F9400012153099B0002F01F0203F1604303F582
:101FA400614301FA02F2C3F880211A60636847E7CB
:101FB400D80D00200060004010B4EFF30383103B01
:101FC400214A5BB203F1C00152F8210020F48030B1
:101FD40042F8210052F821201C4A52F82330D3E958
:101FE40006218A421CD018699C6838B393F820C033
:101FF400BCF10F0F0AD9616840F82210D969013287
:102004008A429A610CD05DF8044B7047BCF1070F0B
:1020140016D821798154D96901328A429A61F2D160
:102024005B6893F90330012203F01F0008495B0940
:10203400824041F823205DF8044B70476068DEE776
:10204400A48820F81240DAE700600040D80D002090
:1020540000E100E0EFF30383103B254A5BB203F198
:10206400C00152F8210020F4803042F8210052F8D7
:102074002110204951F8230041680B6A13B15B78A1
:10208400012B01D0FFF790BD10B4C46904F1FF3CEB
:10209400446964450FD00A694AB191F9032016498D
:1020A40002F01F0C03FA0CF3520941F822305DF8D8
:1020B400044BFFF779BD91F9031001F1C00C52F8FC
:1020C4002C4024F4803442F82C4052F82C20BFF3E6
:1020D4005F8F4A09920001F01F0102F1604203FA86
:1020E40001F102F56142C2F880111160DFE700BF1F
:1020F40000600040D80D002000E100E030B4EFF3B0
:102104000382103A344953B203F1C00051F820401D
:1021140002F0FF0224F4803441F8204051F82010EA
:102124002E4951F823008168C978890705D541688B
:10213400497A012901D030BC70470121284C5B0940
:1021440002F01F02203301FA02F244F82320BFF305
:102154004F8FBFF36F8F436893F90230002B32DB4C
:102164005A0903F01F0301FA03F3203244F8223022
:10217400BFF34F8FBFF36F8FD0E90124237892F917
:10218400022023F04003002A237018DB124B02F1D3
:10219400C00453F8245025F4803543F8245053F8F0
:1021A4002430BFF35F8F53099B0002F01F0203F139
:1021B4006043914003F56143C3F880111960012124
:1021C40030BCFFF725BD8268012130BC137823F0B1
:1021D40040031370FFF71CBD00600040D80D0020C1
:1021E40000E100E070B5EFF30383364A103B5CB2C4
:1021F40052F82460736893F90230002B49DB012004
:1022040031495A0903F01F03203200FA03F341F85D
:102214002230BFF34F8FBFF36F8FD6E9013293F9AA
:1022240002301178002B21F04001117019DB274A8C
:1022340003F1C00152F8215025F4803542F82150B1
:1022440052F82120BFF35F8F03F01F025B099B004C
:1022540003F16043904003F56143C3F880011860C3
:10226400B2680021D378D1701A07DDB224D4EB0709
:1022740015D405F01405142D19D0144A04F1C00323
:1022840052F8231021F4803142F8231052F82330FD
:1022940070BDB268137823F040031370E1E70421A2
:1022A400304605F01405FFF7B3FC142DE5D10821E1
:1022B4003046FFF7ADFCE0E705213046FFF7A8FC08
:1022C400D5E700BFD80D002000E100E00060004029
:1022D4002DE9F84F0388DBB182464FF0000B4FF035
:1022E4000109DFF8D0800024304D4FEACB07DAF83B
:1022F400043035F8022BD919898891420AD0013467
:10230400032CF4D1BAF800300BF1010B5B45EAD889
:10231400BDE8F88FDB5909FA04F603F0B853B3F1BA
:10232400807FF6B298F8BB3413D0334231D1204ABF
:1023340004F1200612F81630DB09E0D012F816304A
:10234400012123F08003C82002F8163000F0D0F9F0
:10235400D5E7334211D0164A04F1200112F81130A6
:10236400DB09CCD112F81130C82043F0800302F805
:102374001130012100F0BCF9C1E7012000F0A8FAF6
:1023840098F8BB340120334388F8BB3400F070FA6A
:10239400E1E7012000F09CFA98F8BB34012023EA1D
:1023A400060388F8BB3400F063FAC0E73086020005
:1023B4000030084000E00140C0B10D4B0068984275
:1023C40010D1012A10D80123C8B283409BB202B9AC
:1023D4001B04090A490101F1804101F50021002093
:1023E4008B607047072070470320704701207047B7
:1023F40054524F50F8B50446FFF76AFFEFF31082CA
:10240400012383F31088234F3B681BB92249CB7007
:102414004023CB703B6801333B6082F310882388F0
:102424002BB361681D4C01EBC30E06E01B010831A0
:1024340013448E4544F8230019D008688A88C503DC
:102444004FEA1223D2B2F1D502EB031C54F82C60EC
:102454001B01083120F4803526F4803613448E4560
:1024640044F82C6044F82C5044F82300E5D1EFF3F1
:102474001082012383F310883B6813B13B68013B4E
:102484003B603B681BB980200349CB70C87082F362
:102494001088F8BDD40D0020000D08400008084045
:1024A40098B191B14A6808B503464AB1094A186817
:1024B40090420CD008461A60FFF79CFF002008BD2C
:1024C4000A88002AF2D0012008BD012070470E209E
:1024D40008BD00BF54524F50064B074993F82600DD
:1024E4001A6A51F82030C2F302620449D3400B60E7
:1024F400704700BF00E0014020040020F40D0020DC
:10250400704700BF4AF2035001234049404A2DE975
:10251400F041A1F8FE03A2F80431B2F804319BB2F1
:10252400002BFAD101254FF400474FF0090E394C26
:102534003948DFF8F8C0394E34496660E0606061BC
:10254400A2F80051CCF80850CCF8005091F826209D
:102554002060A7602761086A54F82220304EC0F337
:102564000260C240326081F8133481F8A2E091F82D
:1025740080341BB991F881349A0741D0234D95F8E2
:10258400803493B30022214B83F8812483F8802480
:1025940000231E4A82F8363092F83C30DB07FBD524
:1025A4004FF0000C4FF0F10801254FF0F00E4FF4FE
:1025B40025471C4B136282F826C092F82610106A35
:1025C40054F82110184BC0F30260C140316083F805
:1025D4000C8083F808C083F80CE082F8305082F84D
:1025E4005250A2F8FE73BDE8F0810121C82085F89D
:1025F400801400F07DF895F88034012BFBD1C1E7FD
:102604004FF47A70FFF77CFFC2E700BF00E001409F
:1026140000C0014020040020002D310100127A0086
:10262400F40D002020110120002000400070004023
:1026340038B50025284C0121C82084F8285000F022
:1026440057F884F8245094F82430002BFBD194F8E4
:102654002430214943F0020384F8243091F82430D3
:10266400C3F340009B07F9D41B4A81F8220092F877
:10267400223003F0FF00002BF9D192F840301649C4
:1026840060F3C71382F8403091F84030DB09FBD186
:1026940091F84200104A63F3C71081F8420092F89F
:1026A4004230DB09FBD192F844000B4963F3C710B5
:1026B40082F8440091F84430C3F3C014DB09F9D123
:1026C400012000F005F9054B012083F8BB44BDE867
:1026D400384000F0CDB800BF0030084000E00140B1
:1026E400704700BFA0F101000028FBD1704700BF74
:1026F4001F4B204A1B6800FB01F1934213D302F1E4
:10270400854202F5071203F5741302F6834203F6B9
:10271400FF03A2FB03231B0DA3FB01314FF0FF308A
:10272400F9B1FFF7DFBF4FF47A7210B4A1FB02C412
:102734001148B0FBF3F34FF0FF3044B9BCFBF3FC9A
:102744004FEA9C0088B15DF8044BFFF7CBBF9B00B8
:10275400B1FBF3F1A1FB0212002AF4D1084620B127
:10276400F1E71846002BDCD170475DF8044B704745
:10277400F40D002000127A0000CA9A3B70B50024C0
:102784000B4B0C4EB3F82021B3F84051ADB21540B9
:1027940025FA04F3DB0704D556F82430E0B203B17C
:1027A40098470134102CF3D1014BA3F8305170BD7C
:1027B40000600040940D002070B5032084B000F048
:1027C40087F86FF0FF054FF0FF31254A254C138839
:1027D4005088002BA5640BBF002601260B466FF022
:1027E4000103CDE90111039138B3918823F0020369
:1027F40059B3D28823F0040322BB019319491A4A1E
:102804000B67C2F88032029B03204B67C2F8843204
:10281400039B164C8B67C2F8883200F029F800231A
:102824000F4931F8022B03F1C00001330AB144F817
:102834002020042BF5D104B070BD90880028D8D195
:10284400D28842B123F00803D7E7D288002AD4D033
:1028540023F00803D1E7002ECFD10B46CEE700BF0B
:10286400288602000080004000E100E00060004093
:10287400EFF31081012383F31088124B33F81020F7
:1028840092B22AB133F81020013A92B223F8102000
:1028940033F810309BB293B90B4A10B4B2F8FE333C
:1028A4000A4C9BB234F8100043F4254323EA000396
:1028B400A2F8FE3381F310885DF8044B704781F36E
:1028C40010887047E80D002000E0014010870200E6
:1028D40030B4EFF31081012383F310880E4A32F8E9
:1028E40010309BB26BB90D4C0D4DB4F8FE3335F876
:1028F40010C09BB243EA0C0343F425439BB2A4F8F3
:10290400FE3332F8103001339BB222F8103081F3D9
:10291400108830BC704700BFE80D002000E0014083
:102924001087020000BE704708B500F035F8FFF7C5
:1029340023F8FEE7F8B5174F05463E68A6B17C6854
:1029440006EB460604EB860602E00C34B4420BD0D8
:10295400637AAB42F9D1D4E900020021121A0C3493
:1029640000F07AF8B442F3D1BE6896B1FC6804EB87
:10297400061602E01034A6420BD0637BAB42F9D1B9
:10298400D4E90002A168121A103400F06DF8A642CE
:10299400F3D1F8BD388602004FF47001274B284A62
:1029A40070B50020C3F888109A60FEF7D9FFFFF7CE
:1029B400A9FD0120FEF7D4FF224B83F30A880020EF
:1029C400FFF7B8FFFFF788FDFFF732FE0320FFF79C
:1029D4007FFF00234FF6FF701B4903F10802013308
:1029E4000C2B21F81200F8D100240320FFF740FF3C
:1029F4000320FFF76DFF154B03205C609C60DC60D7
:102A04001C61FFF735FF0120FFF794FF104D114BB8
:102A14005B1BA3424FEAA30605DD55F8043B0134D2
:102A24009847A642F9DC0220FEF79AFFFFF7C4FE9E
:102A3400BDE870400020FFF753BE00BF00ED00E08A
:102A44000000000020000020000D084000000E409F
:102A5400748702007887020002440346934200D13F
:102A6400704703F8011BF9E70A44431E914200D161
:102A7400704710B511F8014B914203F8014FF9D199
:102A840010BD00005465726D696E616C0000000039
:102A9400284E554C4C2900002A2A20525F53504995
:102AA4005F4F70656E2041504920666F722053500D
:102AB40049204D6173746572206661696C65642098
:102AC4002A2A200D0A0000005B4552525D20496EFF
:102AD4002046756E6374696F6E3A20257328292C1D
:102AE400202573002A2A204C434420435320696E36
:102AF400697469616C697A6174696F6E2066616971
:102B04006C6564202A2A0D0A000000000000000001
:102B140000005454522052454747455300000000DA
:102B240030313233343536373839414243444546FF
:102B34004001F0004001F000F0004001F0004001CD
:102B4400482888E8494C49393334315F5350495F48
:102B5400496E69740000000008001E0067007100DF
:102B6400010070001E00CF0071000200D8001E009A
:102B7400370171000300080075006700C8000400F5
:102B840070007500CF00C8000500D800750037013B
:102B9400C800060012711271127112711271127151
:102BA4001271127112711271127112711271127109
:102BB40012711271127112711271127112711271F9
:102BC40012711271127112711271127112711271E9
:102BD40012711271127112711271127112711271D9
:102BE40012711271127112711271127112711271C9
:102BF40012711271127112711271127112711271B9
:102C040012711271127112711271127112711271A8
:102C14001271127112711271127112711271127198
:102C24001271127112711271127112711271127188
:102C34001271127112711271127112711271127178
:102C44001271127112711271127112711271127168
:102C54001271127112711271127112711271127158
:102C64001271127112711271127112711271127148
:102C74001271127112711271127112711271127138
:102C84001271127112711271127112711271127128
:102C94001271127112711271127112711271127118
:102CA4001271127112711271127112711271127108
:102CB40012711271127112711271127112711271F8
:102CC40012711271127112711271127112711271E8
:102CD40012711271127112711271127112711271D8
:102CE40012711271127112711271127112711271C8
:102CF40012711271127112711271127112711271B8
:102D040012711271127112711271127112711271A7
:102D14001271127112711271127112711271127197
:102D24001271127112711271127112711271127187
:102D34001271127112711271127112711271127177
:102D44001271127112711271127112711271127167
:102D54001271127112711271127112711271127157
:102D64001271127112711271127112711271127147
:102D74001271127112711271127112711271127137
:102D84001271127112711271127112711271127127
:102D94001271127112711271127112711271127117
:102DA4001271127112711271127112711271127107
:102DB40012711271127112711271127112711271F7
:102DC40012711271127112711271127112711271E7
:102DD40012711271127112711271127112711271D7
:102DE40012711271127112711271127112711271C7
:102DF40012711271127112711271127112711271B7
:102E040012711271127112711271127112711271A6
:102E14001271127112711271127112711271127196
:102E24001271127112711271127112711271127186
:102E34001271127112711271127112711271127176
:102E44001271127112711271127112711271127166
:102E54001271127112711271127112711271127156
:102E64001271127112711271127112711271127146
:102E74001271127112711271127112711271127136
:102E84001271127112711271127112711271127126
:102E94001271127112711271127112711271127116
:102EA4001271127112711271127112711271127106
:102EB40012711271127112711271127112711271F6
:102EC40012711271127112711271127112711271E6
:102ED40012711271127112711271127112711271D6
:102EE40012711271127112711271127112711271C6
:102EF40012711271127112711271127112711271B6
:102F040012711271127112711271127112711271A5
:102F14001271127112711271127112711271127195
:102F24001271127112711271127112711271127185
:102F34001271127112711271127112711271127175
:102F44001271127112711271127112711271127165
:102F54001271127112711271127112711271127155
:102F64001271127112711271127112711271127145
:102F74001271127112711271127112711271127135
:102F84001271127112711271127112711271127125
:102F94001271127112711271127112711271127115
:102FA4001271127112711271127112711271127105
:102FB40012711271127112711271127112711271F5
:102FC40012711271127112711271127112711271E5
:102FD40012711271127112711271127112711271D5
:102FE40012711271127112711271127112711271C5
:102FF40012711271127112711271127112711271B5
:1030040012711271127112711271127112711271A4
:103014001271127112711271127112711271127194
:103024001271127112711271127112711271127184
:103034001271127112711271127112711271127174
:103044001271127112711271127112711271127164
:103054001271127112711271127112711271127154
:103064001271127112711271127112711271127144
:103074001271127112711271127112711271127134
:103084001271127112711271127112711271127124
:103094001271127112711271127112711271127114
:1030A4001271127112711271127112711271127104
:1030B40012711271127112711271127112711271F4
:1030C40012711271127112711271127112711271E4
:1030D40012711271127112711271127112711271D4
:1030E40012711271127112711271127112711271C4
:1030F40012711271127112711271127112711271B4
:1031040012711271127112711271127112711271A3
:103114001271127112711271127112711271127193
:103124001271127112711271127112711271127183
:103134001271127112711271127112711271127173
:103144001271127112711271127112711271127163
:103154001271127112711271127112711271127153
:103164001271127112711271127112711271127143
:103174001271127112711271127112711271127133
:103184001271127112711271127112711271127123
:103194001271127112711271127112711271127113
:1031A4001271127112711271127112711271127103
:1031B40012711271127112711271127112711271F3
:1031C40012711271127112711271127112711271E3
:1031D40012711271127112711271127112711271D3
:1031E40012711271127112711271127112711271C3
:1031F40012711271127112711271127112711271B3
:1032040012711271127112711271127112711271A2
:103214001271127112711271127112711271127192
:103224001271127112711271127112711271127182
:103234001271127112711271127112711271127172
:103244001271127112711271127112711271127162
:103254001271127112711271127112711271127152
:103264001271127112711271127112711271127142
:103274001271127112711271127112711271127132
:103284001271127112711271127112711271127122
:103294001271127112711271127112711271127112
:1032A4001271127112711271127112711271127102
:1032B40012711271127112711271127112711271F2
:1032C40012711271127112711271127112711271E2
:1032D40012711271127112711271127112711271D2
:1032E40012711271127112711271127112711271C2
:1032F40012711271127112711271127112711271B2
:1033040012711271127112711271127112711271A1
:103314001271127112711271127112711271127191
:103324001271127112711271127112711271127181
:103334001271127112711271127112711271127171
:103344001271127112711271127112711271127161
:103354001271127112711271127112711271127151
:103364001271127112711271127112711271127141
:103374001271127112711271127112711271127131
:103384001271127112711271127112711271127121
:103394001271127112711271127112711271127111
:1033A4001271127112711271127112711271127101
:1033B40012711271127112711271127112711271F1
:1033C40012711271127112711271127112711271E1
:1033D40012711271127112711271127112711271D1
:1033E40012711271127112711271127112711271C1
:1033F40012711271127112711271127112711271B1
:1034040012711271127112711271127112711271A0
:103414001271127112711271127112711271127190
:103424001271127112711271127112711271127180
:103434001271127112711271127112711271127170
:103444001271127112711271127112711271127160
:103454001271127112711271127112711271127150
:103464001271127112711271127112711271127140
:103474001271127112711271127112711271127130
:103484001271127112711271127112711271127120
:103494001271127112711271127112711271127110
:1034A4001271127112711271127112711271127100
:1034B40012711271127112711271127112711271F0
:1034C40012711271127112711271127112711271E0
:1034D40012711271127112711271127112711271D0
:1034E40012711271127112711271127112711271C0
:1034F40012711271127112711271127112711271B0
:10350400127112711271127112711271127112719F
:10351400127112711271127112711271127112718F
:10352400127112711271127112711271127112717F
:10353400127112711271127112711271127112716F
:10354400127112711271127112711271127112715F
:10355400127112711271127112711271127112714F
:10356400127112711271127112711271127112713F
:10357400127112711271127112711271127112712F
:10358400127112711271127112711271127112711F
:10359400127112711271127112711271127112710F
:1035A40012711271127112711271127112711271FF
:1035B40012711271127112711271127112711271EF
:1035C40012711271127112711271127112711271DF
:1035D40012711271127112711271127112711271CF
:1035E40012711271127112711271127112711271BF
:1035F40012711271127112711271127112711271AF
:10360400127112711271127112711271127112719E
:10361400127112711271127112711271127112718E
:10362400127112711271127112711271127112717E
:10363400127112711271127112711271127112716E
:10364400127112711271127112711271127112715E
:10365400127112711271127112711271127112714E
:10366400127112711271127112711271127112713E
:10367400127112711271127112711271127112712E
:10368400127112711271127112711271127112711E
:10369400127112711271127112711271127112710E
:1036A40012711271127112711271127112711271FE
:1036B40012711271127112711271127112711271EE
:1036C40012711271127112711271127112711271DE
:1036D40012711271127112711271127112711271CE
:1036E40012711271127112711271127112711271BE
:1036F40012711271127112711271127112711271AE
:10370400127112711271127112711271127112719D
:10371400127112711271127112711271127112718D
:10372400127112711271127112711271127112717D
:10373400127112711271127112711271127112716D
:10374400127112711271127112711271127112715D
:10375400127112711271127112711271127112714D
:10376400127112711271127112711271127112713D
:10377400127112711271127112711271127112712D
:10378400127112711271127112711271127112711D
:10379400127112711271127112711271127112710D
:1037A40012711271127112711271127112711271FD
:1037B40012711271127112711271127112711271ED
:1037C40012711271127112711271127112711271DD
:1037D40012711271127112711271127112711271CD
:1037E40012711271127112711271127112711271BD
:1037F40012711271127112711271127112711271AD
:10380400127112711271127112711271127112719C
:10381400127112711271127112711271127112718C
:10382400127112711271127112711271127112717C
:10383400127112711271127112711271127112716C
:10384400127112711271127112711271127112715C
:10385400127112711271127112711271127112714C
:10386400127112711271127112711271127112713C
:10387400127112711271127112711271127112712C
:10388400127112711271127112711271127112711C
:10389400127112711271127112711271127112710C
:1038A40012711271127112711271127112711271FC
:1038B40012711271127112711271127112711271EC
:1038C40012711271127112711271127112711271DC
:1038D40012711271127112711271127112711271CC
:1038E40012711271127112711271127112711271BC
:1038F40012711271127112711271127112711271AC
:10390400127112711271127112711271127112719B
:10391400127112711271127112711271127112718B
:10392400127112711271127112711271127112717B
:10393400127112711271127112711271127112716B
:10394400127112711271127112711271127112715B
:10395400127112711271127112711271127112714B
:10396400127112711271127112711271127112713B
:10397400127112711271127112711271127112712B
:10398400127112711271127112711271127112711B
:10399400127112711271127112711271127112710B
:1039A40012711271127112711271127112711271FB
:1039B40012711271127112711271127112711271EB
:1039C40012711271127112711271127112711271DB
:1039D40012711271127112711271127112711271CB
:1039E40012711271127112711271127112711271BB
:1039F40012711271127112711271127112711271AB
:103A0400127112711271127112711271127112719A
:103A1400127112711271127112711271127112718A
:103A2400127112711271127112711271127112717A
:103A3400127112711271127112711271127112716A
:103A4400127112711271127112711271127112715A
:103A5400127112711271127112711271127112714A
:103A6400127112711271127112711271127112713A
:103A7400127112711271127112711271127112712A
:103A8400127112711271127112711271127112711A
:103A9400127112711271127112711271127112710A
:103AA40012711271127112711271127112711271FA
:103AB40012711271127112711271127112711271EA
:103AC40012711271127112711271127112711271DA
:103AD40012711271127112711271127112711271CA
:103AE40012711271127112711271127112711271BA
:103AF40012711271127112711271127112711271AA
:103B04001271127112711271127112711271127199
:103B14001271127112711271127112711271127189
:103B24001271127112711271127112711271127179
:103B34001271127112711271127112711271127169
:103B44001271127112711271127112711271127159
:103B54001271127112711271127112711271127149
:103B64001271127112711271127112711271127139
:103B74001271127112711271127112711271127129
:103B84001271127112711271127112711271127119
:103B94001271127112711271127112711271127109
:103BA40012711271127112711271127112711271F9
:103BB40012711271127112711271127112711271E9
:103BC40012711271127112711271127112711271D9
:103BD40012711271127112711271127112711271C9
:103BE40012711271127112711271127112711271B9
:103BF40012711271127112711271127112711271A9
:103C04001271127112711271127112711271127198
:103C14001271127112711271127112711271127188
:103C24001271127112711271127112711271127178
:103C34001271127112711271127112711271127168
:103C44001271127112711271127112711271127158
:103C54001271127112711271127112711271127148
:103C64001271127112711271127112711271127138
:103C74001271127112711271127112711271127128
:103C84001271127112711271127112711271127118
:103C94001271127112711271127112711271127108
:103CA40012711271127112711271127112711271F8
:103CB40012711271127112711271127112711271E8
:103CC40012711271127112711271127112711271D8
:103CD40012711271127112711271127112711271C8
:103CE40012711271127112711271127112711271B8
:103CF40012711271127112711271127112711271A8
:103D04001271127112711271127112711271127197
:103D14001271127112711271127112711271127187
:103D24001271127112711271127112711271127177
:103D34001271127112711271127112711271127167
:103D44001271127112711271127112711271127157
:103D54001271127112711271127112711271127147
:103D64001271127112711271127112711271127137
:103D74001271127112711271127112711271127127
:103D84001271127112711271127112711271127117
:103D94001271127112711271127112711271127107
:103DA40012711271127112711271127112711271F7
:103DB40012711271127112711271127112711271E7
:103DC40012711271127112711271127112711271D7
:103DD40012711271127112711271127112711271C7
:103DE40012711271127112711271127112711271B7
:103DF40012711271127112711271127112711271A7
:103E04001271127112711271127112711271127196
:103E14001271127112711271127112711271127186
:103E24001271127112711271127112711271127176
:103E34001271127112711271127112711271127166
:103E44001271127112711271127112711271127156
:103E54001271127112711271127112711271127146
:103E64001271127112711271127112711271127136
:103E74001271127112711271127112711271127126
:103E84001271127112711271127112711271127116
:103E94001271127112711271127112711271127106
:103EA40012711271127112711271127112711271F6
:103EB40012711271127112711271127112711271E6
:103EC40012711271127112711271127112711271D6
:103ED40012711271127112711271127112711271C6
:103EE40012711271127112711271127112711271B6
:103EF40012711271127112711271127112711271A6
:103F04001271127112711271127112711271127195
:103F14001271127112711271127112711271127185
:103F24001271127112711271127112711271127175
:103F34001271127112711271127112711271127165
:103F44001271127112711271127112711271127155
:103F54001271127112711271127112711271127145
:103F64001271127112711271127112711271127135
:103F74001271127112711271127112711271127125
:103F84001271127112711271127112711271127115
:103F94001271127112711271127112711271127105
:103FA400127112711271FFFFFFFFFFFFFFFFFFFF8E
:103FB400FFFFFFFFFFFFFFFFFFFFFFFFFFFFFFFF0D
:103FC40012711271127112711271127112711271D5
:103FD40012711271127112711271127112711271C5
:103FE40012711271127112711271127112711271B5
:103FF40012711271127112711271127112711271A5
:104004001271127112711271127112711271127194
:104014001271127112711271127112711271127184
:104024001271127112711271127112711271127174
:104034001271127112711271127112711271127164
:104044001271127112711271127112711271127154
:104054001271127112711271127112711271127144
:104064001271127112711271127112711271127134
:104074001271127112711271127112711271127124
:104084001271127112711271127112711271127114
:104094001271127112711271127112711271127104
:1040A40012711271127112711271127112711271F4
:1040B40012711271127112711271127112711271E4
:1040C40012711271127112711271127112711271D4
:1040D40012711271127112711271127112711271C4
:1040E40012711271127112711271127112711271B4
:1040F40012711271127112711271127112711271A4
:104104001271127112711271127112711271127193
:104114001271127112711271127112711271127183
:104124001271127112711271127112711271127173
:104134001271127112711271127112711271127163
:104144001271127112711271127112711271127153
:104154001271127112711271127112711271127143
:104164001271127112711271127112711271127133
:104174001271127112711271127112711271127123
:104184001271127112711271127112711271127113
:104194001271127112711271127112711271127103
:1041A40012711271127112711271127112711271F3
:1041B40012711271127112711271127112711271E3
:1041C40012711271127112711271127112711271D3
:1041D40012711271127112711271127112711271C3
:1041E4001271262F262F262F12711271127112713D
:1041F4001271127112716C76DF3DF7DFD6DD4BD58B
:10420400127153F5FFFF4BB43B54EF9EAE1A12717B
:104214001271127112711271127112711271127182
:10422400127112711271FFFFFFFFFFFFFFFFFFFF0B
:10423400FFFFFFFFFFFFFFFFFFFFFFFFFFFFFFFF8A
:104244001271127112711271127112711271127152
:10425400127112714BD5CEDCF7DFFFDFE75E7CF81D
:1042640012711271FFFFFFFFDF3D127112711A917B
:10427400E77EFFFFF7BF1271127112713353FFFF14
:10428400FFFFB61B127112711271FFFFFFFFFFFFD8
:10429400F7DFD71D64561271F7BFFFFFFFFFFFFF63
:1042A400FFFFFFFFFFFF7CD71271127112711271B1
:1042B4001271FFFFFFFFFFFFF7DFD71D6456127176
:1042C4001271FFFFFFFFFFFFFFFFFFFF9DBA127197
:1042D4001271FFFFFFFF22D212711271127112715B
:1042E40012713353FFFFFFFFB61B1271CEBCFFFFE9
:1042F4008518127112718D58FFFFC69C12711271CC
:104304001271127112711271127112711271127191
:104314001271127112711271127112711271127181
:104324001271127112711271127112711271127171
:104334001271127112711271127112711271127161
:104344001271127112711271127112711271127151
:104354001271127112711271127112711271127141
:104364001271127112711271127112711271127131
:104374001271127112711271127112711271127121
:104384001271127112711271127112711271127111
:104394001271127112711271127112711271127101
:1043A40012711271127112711271127112711271F1
:1043B40012711271127112711271127112711271E1
:1043C40012711271127112711271127112711271D1
:1043D40012711271127112711271127112711271C1
:1043E4001271127112711271127112715416B67C1B
:1043F400BEBD7CF8127112715416B67CBEBD7CF839
:10440400127112711271127112714394CEFECEFEAA
:10441400BEBD7D39127112715416B67CBEBD7CF8D6
:104424001271127112711271127112711271127170
:104434001271127112711271127112711271127160
:104444001271127112711271127112711271127150
:104454001271127112711271127112711271262F6E
:10446400262F262F262F262F262F262F1271127144
:10447400127112714BB4FFFF7CF81AB2ADFAF7BF98
:1044840022F253F5FFFF74B7EF9EAE1B1271127147
:104494001271127112711271127112711271127100
:1044A40012711271127112711271127112711271F0
:1044B40012711271127112711271127112711271E0
:1044C40012711271127112711271127112711271D0
:1044D40012711A92F7BFDF3D2AF322D26C97853806
:1044E40012711271FFFFFFFFFFFF643612716C97A8
:1044F400FFFFFFFFF7BF1271127112719559FFFF91
:10450400FFFFFFDF22D212711271FFFFFFFF22D2E1
:104514003B53FFDFFFDF22D21271127153F5FFFF0D
:10452400CEDC127112711271127112711271127148
:104534001271FFFFFFFF22D23B53FFDFFFDF22D2C6
:104544001271FFFFFFFF22D21271127112711271E8
:104554001271FFFFFFFF22D21271127112711271D8
:1045640012719559FFFFFFFFFFDF22D23333FFDFC4
:10457400FFDF33333B54FFDFF7BF33131271127184
:10458400127112711271127112711271127112710F
:1045940012711271127112711271127112711271FF
:1045A40012711271127112711271127112711271EF
:1045B40012711271127112711271127112711271DF
:1045C40012711271127112711271127112711271CF
:1045D40012711271127112711271127112711271BF
:1045E40012711271127112711271127112711271AF
:1045F400127112711271127112711271127112719F
:10460400127112711271127112711271127112718E
:10461400127112711271127112711271127112717E
:10462400127112711271127112711271127112716E
:10463400127112711271127112711271127112715E
:10464400127112711271127112711271127112714E
:10465400127112711271127112711271127112713E
:10466400127112711271127112712B13C6FE6C97B2
:104674003B74CEFE5C362B13C6FE6C973B74CEFEA9
:104684005C361271127112711271127112711271FF
:104694006CB7CEFE4BF52B13C6FE6C973B74CEFE67
:1046A4005C361271127112711271127112711271DF
:1046B40012711271127112711271127112711271DE
:1046C40012711271127112711271127112711271CE
:1046D4001271127112711271127112711271262FEC
:1046E400262F262F262F262F262F262F12711271C2
:1046F400127112718D59FFFF129112714394FFFFD1
:104704005C3653F5FFFFFFFFB65B12711271127135
:10471400127112711271127112711271127112717D
:10472400127112711271127112711271127112716D
:10473400127112711271127112711271127112715D
:10474400127112711271127112711271127112714D
:1047540012713B53FFFFDF1D1AB2127112711271F5
:1047640012711271FFFFFFDFD6FDCEDC1271DF1D67
:10477400CEBCFFFFF7BF127112711271E77EFFDF2B
:104784009DB9FFFF74B712711271FFFFFFFF22D2B0
:104794001271E75EFFFF43741271127153F5FFFF4C
:1047A400CEDC1271127112711271127112711271C6
:1047B4001271FFFFFFFF22D21271E75EFFFF437405
:1047C4001271FFFFFFFF22D2127112711271127166
:1047D4001271FFFFFFFF22D2127112711271127156
:1047E4001271E77EFFDF9DB9FFFF74B712717CF889
:1047F400FFFFC6BCCEDCFFFF74B7127112711271D9
:10480400127112711271127112711271127112718C
:10481400127112711271127112711271127112717C
:10482400127112711271127112711271127112716C
:10483400127112711271127112711271127112715C
:10484400127112711271127112711271127112714C
:10485400127112711271127112711271127112713C
:10486400127112711271127112711271127112712C
:10487400127112711271127112711271127112711C
:10488400127112711271127112711271127112710C
:1048940012711271127112711271127112711271FC
:1048A40012711271127112711271127112711271EC
:1048B40012711271127112711271127112711271DC
:1048C40012711271127112711271127112711271CC
:1048D40012711271127112711271127112711271BC
:1048E400127112711271127112716477CEFE333328
:1048F4001271BE9D95BA6477CEFE33331271BE9D9C
:1049040095BA12711271CEFE7D3912711271127143
:104914006C97CEFE4BF56477CEFE33331271BE9D99
:1049240095BA12711271127112711271127112719F
:10493400127112711271127112711271127112715B
:10494400127112711271127112711271127112714B
:10495400127112711271127112711271262F262F97
:10496400262F262F262F262F262F262F262F12716D
:10497400127112718D59FFFF129112714394FFFF4E
:104984005C3653F5FFFFF7BFE75E2B13127112710C
:1049940012711271127112711271127112711271FB
:1049A40012711271127112711271127112711271EB
:1049B40012711271127112711271127112711271DB
:1049C40012711271127112711271127112711271CB
:1049D40012711A92EF7EFFFFFFDFC6BC853822D228
:1049E40012711271FFFFFFDF6456FFFF9D99FFFFF5
:1049F4005C15FFFFF7BF1271127153F5FFFFB63B51
:104A04003B53FFFFCEDC12711271FFFFFFFF22D276
:104A14003B53FFDFE75E1A921271127153F5FFFFE9
:104A2400CEDC127112711271127112711271127143
:104A34001271FFFFFFFF22D23B53FFDFE75E1A92A2
:104A44001271FFFFFFFFFFFFFFFFFFFF6C76127184
:104A54001271FFFFFFFF22D21271127112711271D3
:104A640053F5FFFFB63B3B53FFFFCEDC12711271CF
:104A7400CEDCFFFFFFFFC69C12711271127112711E
:104A8400127112711271127112711271127112710A
:104A940012711271127112711271127112711271FA
:104AA40012711271127112711271127112711271EA
:104AB40012711271127112711271127112711271DA
:104AC40012711271127112711271127112711271CA
:104AD40012711271127112711271127112711271BA
:104AE40012711271127112711271127112711271AA
:104AF400127112711271127112711271127112719A
:104B04001271127112711271127112711271127189
:104B14001271127112711271127112711271127179
:104B24001271127112711271127112711271127169
:104B34001271127112711271127112711271127159
:104B44001271127112711271127112711271127149
:104B54001271127112711271127112711271127139
:104B64001271127112711271127174D8CEFE2B135C
:104B74001271B67CA61B74D8CEFE2B131271B67CB0
:104B8400A61B12711271CEFE7D39127112714394FB
:104B9400C6FE9DDB127174D8CEFE2B131271B67C47
:104BA400A61B1271127112711271127112711271AB
:104BB40012711271127112711271127112711271D9
:104BC40012711271127112711271127112711271C9
:104BD400127112711271127112711271262F262F15
:104BE400262F262F262F262F262F262F262F1271EB
:104BF400127112714BB4FFFF7CD71AB2ADFAF7BF32
:104C040022F253F5FFFF5C36DF1DDF3D2AF31271FC
:104C14001271127112711271127112711271127178
:104C2400127112711271FFFFFFFFFFFFFFFFFFFF01
:104C3400FFFFFFFFFFFFFFFFFFFFFFFFFFFFFFFF80
:104C44001271127112711271127112711271127148
:104C5400127112713333A5DAE75EFFFFFFFFD6FD51
:104C640012711271FFFFFFDF1271E75EFFFFD6FDC5
:104C74001A92FFFFF7BF12711271AE1AFFFF64564A
:104C84001271D6FDFFFF33331271FFFFFFFFFFFFE9
:104C9400FFFFF7BF43B412711271127153F5FFFF96
:104CA400CEDC1271127112711271127112711271C1
:104CB4001271FFFFFFFFFFFFFFFFF7BF43B4127145
:104CC4001271FFFFFFFF22D2127112711271127161
:104CD4001271FFFFFFFF22D2127112711271127151
:104CE400AE1AFFFF64561271D6FDFFFF3333127103
:104CF4003B74FFFFFFFF3333127112711271127193
:104D04001271127112711271127112711271127187
:104D14001271127112711271127112711271127177
:104D24001271127112711271127112711271127167
:104D34001271127112711271127112711271127157
:104D44001271127112711271127112711271127147
:104D54001271127112711271127112711271127137
:104D64001271127112711271127112711271127127
:104D74001271127112711271127112711271127117
:104D84001271127112711271127112711271127107
:104D940012711271127112711271127112711271F7
:104DA40012711271127112711271127112711271E7
:104DB40012711271127112711271127112711271D7
:104DC40012711271127112711271127112711271C7
:104DD40012711271127112711271127112711271B7
:104DE400127112711271127112716477CEFE333323
:104DF4001271BE9D95BA6477CEFE33331271BE9D97
:104E040095BA127112711271127112712AF3BEBD28
:104E1400A61B1A9212716477CEFE33331271BE9DB3
:104E240095BA12711271127112711271127112719A
:104E34001271127112711271127112711271127156
:104E44001271127112711271127112711271127146
:104E5400127112711271127112711271262F262F92
:104E6400262F262F262F262F262F262F262F127168
:104E74001271127112716C76DF3DF7DFD6DD4BD5FE
:104E8400127153F5FFFF4BB422F2DF1DDF3D2AF20E
:104E940012711271127112711271127112711271F6
:104EA400127112711271FFFFFFFFFFFFFFFFFFFF7F
:104EB400FFFFFFFFFFFFFFFFFFFFFFFFFFFFFFFFFE
:104EC40012711271127112711271127112711271C6
:104ED400127112711271127112714394FFFFFFFF6C
:104EE40022B21271FFFFFFDF127174B7FFFF645625
:104EF4001A92FFFFF7BF12711AB2F7DFFFFFFFFF2D
:104F0400FFFFFFFFFFFF8D591271FFFFFFFF2AF222
:104F14006456FFFFE75E1AB21271127153F5FFFF78
:104F2400CEDC12711271127112711271127112713E
:104F34001271FFFFFFFF2AF26456FFFFE75E1AB209
:104F44001271FFFFFFFF22D21271127112711271DE
:104F54001271FFFFFFFF22D21271127112711AB285
:104F6400F7DFFFFFFFFFFFFFFFFFFFFF8D59127108
:104F74001AB2FFFFFFFF12711271127112711271D6
:104F84001271127112711271127112711271127105
:104F940012711271127112711271127112711271F5
:104FA40012711271127112711271127112711271E5
:104FB40012711271127112711271127112711271D5
:104FC40012711271127112711271127112711271C5
:104FD40012711271127112711271127112711271B5
:104FE40012711271127112711271127112711271A5
:104FF4001271127112711271127112711271127195
:105004001271127112711271127112711271127184
:105014001271127112711271127112711271127174
:105024001271127112711271127112711271127164
:105034001271127112711271127112711271127154
:105044001271127112711271127112711271127144
:105054001271127112711271127112711271127134
:10506400127112711271127112712B13C6FE6C97A8
:105074003B74CEFE5C562B13C6FE6C973B74CEFE7F
:105084005C5612711271CEFE7D391A92AE3CB69DF9
:1050940022F2127112712B13C6FE6C973B74CEFE72
:1050A4005C561271127112711271127112711271B5
:1050B40012711271127112711271127112711271D4
:1050C40012711271127112711271127112711271C4
:1050D4001271127112711271127112711271262FE2
:1050E400262F262F262F262F262F262F12711271B8
:1050F4001271127112711271127112711271127194
:105104001271127112711271127112711271127183
:105114001271127112711271127112711271127173
:105124001271127112711271127112711271127163
:105134001271127112711271127112711271127153
:105144001271127112711271127112711271127143
:1051540012713333B63B4BB51AB23B54F7DFE75EFB
:1051640012711271FFFFFFDF12711271127112714D
:105174001A92FFFFF7BF12717497FFFF8D381271F7
:1051840012711A92FFDFE75E1271FFFFFFFF22D256
:105194001271B65BFFFF8D381271127153F5FFFF68
:1051A400CEDC1271127112711271127112711271BC
:1051B4001271FFFFFFFF22D21271B65BFFFF8D3821
:1051C4001271FFFFFFFF22D212711271127112715C
:1051D4001271FFFFFFFF22D21271127112717497C4
:1051E400FFFF8D38127112711A92FFDFE75E1271A0
:1051F4001AB2FFFFFFFF1271127112711271127154
:105204001271127112711271127112711271127182
:105214001271127112711271127112711271127172
:105224001271127112711271127112711271127162
:105234001271127112711271127112711271127152
:105244001271127112711271127112711271127142
:105254001271127112711271127112711271127132
:105264001271127112711271127112711271127122
:105274001271127112711271127112711271127112
:105284001271127112711271127112711271127102
:1052940012711271127112711271127112711271F2
:1052A40012711271127112711271127112711271E2
:1052B40012711271127112711271127112711271D2
:1052C40012711271127112711271127112711271C2
:1052D40012711271127112711271127112711271B2
:1052E4001271127112711271127112715416B67C0C
:1052F400BEBD7D18127112715416B67CBEBD7D18E8
:10530400127112711271CEFE7D3943B5CEFECEFEFE
:10531400CEFECEFE6C9712715416B67CBEBD7D18BF
:105324001271127112711271127112711271127161
:105334001271127112711271127112711271127151
:105344001271127112711271127112711271127141
:105354001271127112711271127112711271262F5F
:10536400262F262F262F262F262F262F1271127135
:105374001271127112711271127112711271127111
:105384001271127112711271127112711271127101
:1053940012711271127112711271127112711271F1
:1053A40012711271127112711271127112711271E1
:1053B40012711271127112711271127112711271D1
:1053C40012711271127112711271127112711271C1
:1053D400127122D2C69CEF7EFFDFF7BFC69C4394B6
:1053E40012711271FFFFFFDF1271127112711271CB
:1053F4001A92FFFFF7BF1271CEBCFFFF4BD512719B
:1054040012711271C69CFFFF53F5FFFFFFFF22D2FA
:1054140012714394FFFFF7BF22B2127153F5FFFFDD
:10542400CEDC127112711271127112711271127139
:105434001271FFFFFFFF22D212714394FFFFF7BFE7
:1054440022B2FFFFFFFFFFFFFFFFFFFFBE5B1271F2
:105454001271FFFFFFFFFFFFFFFFFFFFBE5BCEBC2C
:10546400FFFF4BD5127112711271C69CFFFF53F5E9
:105474001AB2FFFFFFFF12711271127112711271D1
:105484001271127112711271127112711271127100
:1054940012711271127112711271127112711271F0
:1054A40012711271127112711271127112711271E0
:1054B40012711271127112711271127112711271D0
:1054C40012711271127112711271127112711271C0
:1054D40012711271127112711271127112711271B0
:1054E40012711271127112711271127112711271A0
:1054F4001271127112711271127112711271127190
:10550400127112711271127112711271127112717F
:10551400127112711271127112711271127112716F
:10552400127112711271127112711271127112715F
:10553400127112711271127112711271127112714F
:10554400127112711271127112711271127112713F
:10555400127112711271127112711271127112712F
:10556400127112711271127112711271127112711F
:10557400127112711271127112711271127112710F
:1055840012711271127112711271127112711271FF
:1055940012711271127112711271127112711271EF
:1055A40012711271127112711271127112711271DF
:1055B40012711271127112711271127112711271CF
:1055C40012711271127112711271127112711271BF
:1055D40012711271127112711271127112711271AF
:1055E4001271262F262F262F127112711271127129
:1055F400127112711271127112711271127112718F
:10560400127112711271127112711271127112717E
:10561400127112711271127112711271127112716E
:10562400127112711271127112711271127112715E
:10563400127112711271127112711271127112714E
:10564400127112711271127112711271127112713E
:10565400127112711271127112711271127112712E
:10566400127112711271127112711271127112711E
:10567400127112711271127112711271127112710E
:1056840012711271127112711271127112711271FE
:1056940012711271127112711271127112711271EE
:1056A40012711271127112711271127112711271DE
:1056B40012711271127112711271127112711271CE
:1056C40012711271127112711271127112711271BE
:1056D40012711271127112711271127112711271AE
:1056E400127112711271127112711271127112719E
:1056F400127112711271127112711271127112718E
:10570400127112711271127112711271127112717D
:10571400127112711271127112711271127112716D
:10572400127112711271127112711271127112715D
:10573400127112711271127112711271127112714D
:10574400127112711271127112711271127112713D
:10575400127112711271127112711271127112712D
:10576400127112711271127112711271127112711D
:10577400127112711271127112711271127112710D
:1057840012711271127112711271127112711271FD
:1057940012711271127112711271127112711271ED
:1057A40012711271127112711271127112711271DD
:1057B40012711271127112711271127112711271CD
:1057C40012711271127112711271127112711271BD
:1057D40012711271127112711271127112711271AD
:1057E400127112711271127112711271127112719D
:1057F400127112711271127112711271127112718D
:10580400127112711271127112711271127112717C
:10581400127112711271127112711271127112716C
:10582400127112711271127112711271127112715C
:10583400127112711271127112711271127112714C
:10584400127112711271127112711271127112713C
:10585400127112711271127112711271127112712C
:10586400127112711271127112711271127112711C
:10587400127112711271127112711271127112710C
:1058840012711271127112711271127112711271FC
:1058940012711271127112711271127112711271EC
:1058A400127112711271FFFFFFFFFFFFFFFFFFFF75
:1058B400FFFFFFFFFFFFFFFFFFFFFFFFFFFFFFFFF4
:1058C40012711271127112711271127112711271BC
:1058D40012711271127112711271127112711271AC
:1058E400127112711271127112711271127112719C
:1058F400127112711271127112711271127112718C
:10590400127112711271127112711271127112717B
:10591400127112711271127112711271127112716B
:10592400127112711271127112711271127112715B
:10593400127112711271127112711271127112714B
:10594400127112711271127112711271127112713B
:10595400127112711271127112711271127112712B
:10596400127112711271127112711271127112711B
:10597400127112711271127112711271127112710B
:1059840012711271127112711271127112711271FB
:1059940012711271127112711271127112711271EB
:1059A40012711271127112711271127112711271DB
:1059B40012711271127112711271127112711271CB
:1059C40012711271127112711271127112711271BB
:1059D40012711271127112711271127112711271AB
:1059E400127112711271127112711271127112719B
:1059F400127112711271127112711271127112718B
:105A0400127112711271127112711271127112717A
:105A1400127112711271127112711271127112716A
:105A2400127112711271127112711271127112715A
:105A3400127112711271127112711271127112714A
:105A4400127112711271127112711271127112713A
:105A5400127112711271127112711271127112712A
:105A6400127112711271127112711271127112711A
:105A7400127112711271127112711271127112710A
:105A840012711271127112711271127112711271FA
:105A940012711271127112711271127112711271EA
:105AA40012711271127112711271127112711271DA
:105AB40012711271127112711271127112711271CA
:105AC40012711271127112711271127112711271BA
:105AD40012711271127112711271127112711271AA
:105AE400127112711271127112711271127112719A
:105AF400127112711271127112711271127112718A
:105B04001271127112711271127112711271127179
:105B14001271127112711271127112711271127169
:105B2400127112711271FFFFFFFFFFFFFFFFFFFFF2
:105B3400FFFFFFFFFFFFFFFFFFFFFFFFFFFFFFFF71
:105B44001271127112711271127112711271127139
:105B54001271127112711271127112711271127129
:105B64001271127112711271127112711271127119
:105B74001271127112711271127112711271127109
:105B840012711271127112711271127112711271F9
:105B940012711271127112711271127112711271E9
:105BA40012711271127112711271127112711271D9
:105BB40012711271127112711271127112711271C9
:105BC40012711271127112711271127112711271B9
:105BD40012711271127112711271127112711271A9
:105BE4001271127112711271127112711271127199
:105BF4001271127112711271127112711271127189
:105C04001271127112711271127112711271127178
:105C14001271127112711271127112711271127168
:105C24001271127112711271127112711271127158
:105C34001271127112711271127112711271127148
:105C44001271127112711271127112711271127138
:105C54001271127112711271127112711271127128
:105C64001271127112711271127112711271127118
:105C74001271127112711271127112711271127108
:105C840012711271127112711271127112711271F8
:105C940012711271127112711271127112711271E8
:105CA40012711271127112711271127112711271D8
:105CB40012711271127112711271127112711271C8
:105CC40012711271127112711271127112711271B8
:105CD40012711271127112711271127112711271A8
:105CE4001271127112711271127112711271127198
:105CF4001271127112711271127112711271127188
:105D04001271127112711271127112711271127177
:105D14001271127112711271127112711271127167
:105D24001271127112711271127112711271127157
:105D34001271127112711271127112711271127147
:105D44001271127112711271127112711271127137
:105D54001271127112711271127112711271127127
:105D64001271127112711271127112711271127117
:105D74001271127112711271127112711271127107
:105D840012711271127112711271127112711271F7
:105D940012711271127112711271127112711271E7
:105DA40012711271127112711271127112711271D7
:105DB40012711271127112711271127112711271C7
:105DC40012711271127112711271127112711271B7
:105DD40012711271127112711271127112711271A7
:105DE4001271127112711271127112711271127197
:105DF4001271127112711271127112711271127187
:105E04001271127112711271127112711271127176
:105E14001271127112711271127112711271127166
:105E24001271127112711271127112711271127156
:105E34001271127112711271127112711271127146
:105E44001271127112711271127112711271127136
:105E54001271127112711271127112711271127126
:105E64001271127112711271127112711271127116
:105E74001271127112711271127112711271127106
:105E840012711271127112711271127112711271F6
:105E940012711271127112711271127112711271E6
:105EA40012711271127112711271127112711271D6
:105EB40012711271127112711271127112711271C6
:105EC40012711271127112711271127112711271B6
:105ED40012711271127112711271127112711271A6
:105EE4001271127112711271127112711271127196
:105EF4001271127112711271127112711271127186
:105F04001271127112711271127112711271127175
:105F14001271127112711271127112711271127165
:105F24001271127112711271127112711271127155
:105F34001271127112711271127112711271127145
:105F44001271127112711271127112711271127135
:105F54001271127112711271127112711271127125
:105F64001271127112711271127112711271127115
:105F74001271127112711271127112711271127105
:105F840012711271127112711271127112711271F5
:105F940012711271127112711271127112711271E5
:105FA40012711271127112711271127112711271D5
:105FB40012711271127112711271127112711271C5
:105FC40012711271127112711271127112711271B5
:105FD40012711271127112711271127112711271A5
:105FE4001271127112711271127112711271127195
:105FF4001271127112711271127112711271127185
:106004001271127112711271127112711271127174
:106014001271127112711271127112711271127164
:106024001271127112711271127112711271127154
:106034001271127112711271127112711271127144
:106044001271127112711271127112711271127134
:106054001271127112711271127112711271127124
:106064001271127112711271127112711271127114
:106074001271127112711271127112711271127104
:1060840012711271127112711271127112711271F4
:1060940012711271127112711271127112711271E4
:1060A40012711271127112711271127112711271D4
:1060B40012711271127112711271127112711271C4
:1060C40012711271127112711271127112711271B4
:1060D40012711271127112711271127112711271A4
:1060E4001271127112711271127112711271127194
:1060F4001271127112711271127112711271127184
:106104001271127112711271127112711271127173
:106114001271127112711271127112711271127163
:106124001271127112711271127112711271127153
:106134001271127112711271127112711271127143
:106144001271127112711271127112711271127133
:106154001271127112711271127112711271127123
:106164001271127112711271127112711271127113
:106174001271127112711271127112711271127103
:1061840012711271127112711271127112711271F3
:1061940012711271127112711271127112711271E3
:1061A40012711271127112711271127112711271D3
:1061B40012711271127112711271127112711271C3
:1061C40012711271127112711271127112711271B3
:1061D40012711271127112711271127112711271A3
:1061E4001271127112711271127112711271127193
:1061F4001271127112711271127112711271127183
:106204001271127112711271127112711271127172
:106214001271127112711271127112711271127162
:106224001271127112711271127112711271127152
:106234001271127112711271127112711271127142
:106244001271127112711271127112711271127132
:106254001271127112711271127112711271127122
:106264001271127112711271127112711271127112
:106274001271127112711271127112711271127102
:1062840012711271127112711271127112711271F2
:1062940012711271127112711271127112711271E2
:1062A40012711271127112711271127112711271D2
:1062B40012711271127112711271127112711271C2
:1062C40012711271127112711271127112711271B2
:1062D40012711271127112711271127112711271A2
:1062E4001271127112711271127112711271127192
:1062F4001271127112711271127112711271127182
:106304001271127112711271127112711271127171
:106314001271127112711271127112711271127161
:106324001271127112711271127112711271127151
:106334001271127112711271127112711271127141
:106344001271127112711271127112711271127131
:106354001271127112711271127112711271127121
:106364001271127112711271127112711271127111
:106374001271127112711271127112711271127101
:1063840012711271127112711271127112711271F1
:1063940012711271127112711271127112711271E1
:1063A40012711271127112711271127112711271D1
:1063B40012711271127112711271127112711271C1
:1063C40012711271127112711271127112711271B1
:1063D40012711271127112711271127112711271A1
:1063E4001271127112711271127112711271127191
:1063F4001271127112711271127112711271127181
:106404001271127112711271127112711271127170
:106414001271127112711271127112711271127160
:106424001271127112711271127112711271127150
:106434001271127112711271127112711271127140
:106444001271127112711271127112711271127130
:106454001271127112711271127112711271127120
:106464001271127112711271127112711271127110
:106474001271127112711271127112711271127100
:1064840012711271127112711271127112711271F0
:1064940012711271127112711271127112711271E0
:1064A40012711271127112711271127112711271D0
:1064B40012711271127112711271127112711271C0
:1064C40012711271127112711271127112711271B0
:1064D40012711271127112711271127112711271A0
:1064E4001271127112711271127112711271127190
:1064F4001271127112711271127112711271127180
:10650400127112711271127112711271127112716F
:10651400127112711271127112711271127112715F
:10652400127112711271127112711271127112714F
:10653400127112711271127112711271127112713F
:10654400127112711271127112711271127112712F
:10655400127112711271127112711271127112711F
:10656400127112711271127112711271127112710F
:1065740012711271127112711271127112711271FF
:1065840012711271127112711271127112711271EF
:1065940012711271127112711271127112711271DF
:1065A40012711271127112711271127112711271CF
:1065B40012711271127112711271127112711271BF
:1065C40012711271127112711271127112711271AF
:1065D400127112711271127112711271127112719F
:1065E400127112711271127112711271127112718F
:1065F400127112711271127112711271127112717F
:10660400127112711271127112711271127112716E
:10661400127112711271127112711271127112715E
:10662400127112711271127112711271127112714E
:10663400127112711271127112711271127112713E
:10664400127112711271127112711271127112712E
:10665400127112711271127112711271127112711E
:10666400127112711271127112711271127112710E
:1066740012711271127112711271127112711271FE
:1066840012711271127112711271127112711271EE
:1066940012711271127112711271127112711271DE
:1066A40012711271127112711271127112711271CE
:1066B40012711271127112711271127112711271BE
:1066C40012711271127112711271127112711271AE
:1066D400127112711271127112711271127112719E
:1066E400127112711271127112711271127112718E
:1066F400127112711271127112711271127112717E
:10670400127112711271127112711271127112716D
:10671400127112711271127112711271127112715D
:10672400127112711271127112711271127112714D
:10673400127112711271127112711271127112713D
:10674400127112711271127112711271127112712D
:10675400127112711271127112711271127112711D
:10676400127112711271127112711271127112710D
:1067740012711271127112711271127112711271FD
:1067840012711271127112711271127112711271ED
:1067940012711271127112711271127112711271DD
:1067A40012711271127112711271127112711271CD
:1067B40012711271127112711271127112711271BD
:1067C40012711271127112711271127112711271AD
:1067D400127112711271127112711271127112719D
:1067E400127112711271127112711271127112718D
:1067F400127112711271127112711271127112717D
:10680400127112711271127112711271127112716C
:10681400127112711271127112711271127112715C
:10682400127112711271127112711271127112714C
:10683400127112711271127112711271127112713C
:10684400127112711271127112711271127112712C
:10685400127112711271127112711271127112711C
:10686400127112711271127112711271127112710C
:1068740012711271127112711271127112711271FC
:1068840012711271127112711271127112711271EC
:1068940012711271127112711271127112711271DC
:1068A40012711271127112711271127112711271CC
:1068B40012711271127112711271127112711271BC
:1068C40012711271127112711271127112711271AC
:1068D400127112711271127112711271127112719C
:1068E400127112711271127112711271127112718C
:1068F400127112711271127112711271127112717C
:10690400127112711271127112711271127112716B
:10691400127112711271127112711271127112715B
:10692400127112711271127112711271127112714B
:10693400127112711271127112711271127112713B
:10694400127112711271127112711271127112712B
:10695400127112711271127112711271127112711B
:10696400127112711271127112711271127112710B
:1069740012711271127112711271127112711271FB
:1069840012711271127112711271127112711271EB
:1069940012711271127112711271127112711271DB
:1069A40012711271127112711271127112711271CB
:1069B40012711271127112711271127112711271BB
:1069C40012711271127112711271127112711271AB
:1069D400127112711271127112711271127112719B
:1069E400127112711271127112711271127112718B
:1069F400127112711271127112711271127112717B
:106A0400127112711271127112711271127112716A
:106A1400127112711271127112711271127112715A
:106A2400127112711271127112711271127112714A
:106A3400127112711271127112711271127112713A
:106A4400127112711271127112711271127112712A
:106A5400127112711271127112711271127112711A
:106A6400127112711271127112711271127112710A
:106A740012711271127112711271127112711271FA
:106A840012711271127112711271127112711271EA
:106A940012711271127112711271127112711271DA
:106AA40012711271127112711271127112711271CA
:106AB40012711271127112711271127112711271BA
:106AC40012711271127112711271127112711271AA
:106AD400127112711271127112711271127112719A
:106AE400127112711271127112711271127112718A
:106AF400127112711271127112711271127112717A
:106B04001271127112711271127112711271127169
:106B14001271127112711271127112711271127159
:106B24001271127112711271127112711271127149
:106B34001271127112711271127112711271127139
:106B44001271127112711271127112711271127129
:106B54001271127112711271127112711271127119
:106B64001271127112711271127112711271127109
:106B740012711271127112711271127112711271F9
:106B840012711271127112711271127112711271E9
:106B940012711271127112711271127112711271D9
:106BA40012711271127112711271127112711271C9
:106BB40012711271127112711271127112711271B9
:106BC40012711271127112711271127112711271A9
:106BD4001271127112711271127112711271127199
:106BE4001271127112711271127112711271127189
:106BF4001271127112711271127112711271127179
:106C04001271127112711271127112711271127168
:106C14001271127112711271127112711271127158
:106C24001271127112711271127112711271127148
:106C34001271127112711271127112711271127138
:106C44001271127112711271127112711271127128
:106C54001271127112711271127112711271127118
:106C64001271127112711271127112711271127108
:106C740012711271127112711271127112711271F8
:106C840012711271127112711271127112711271E8
:106C940012711271127112711271127112711271D8
:106CA40012711271127112711271127112711271C8
:106CB40012711271127112711271127112711271B8
:106CC40012711271127112711271127112711271A8
:106CD4001271127112711271127112711271127198
:106CE4001271127112711271127112711271127188
:106CF4001271127112711271127112711271127178
:106D04001271127112711271127112711271127167
:106D14001271127112711271127112711271127157
:106D24001271127112711271127112711271127147
:106D34001271127112711271127112711271127137
:106D44001271127112711271127112711271127127
:106D54001271127112711271127112711271127117
:106D64001271127112711271127112711271127107
:106D740012711271127112711271127112711271F7
:106D840012711271127112711271127112711271E7
:106D940012711271127112711271127112711271D7
:106DA40012711271127112711271127112711271C7
:106DB40012711271127112711271127112711271B7
:106DC40012711271127112711271127112711271A7
:106DD4001271127112711271127112711271127197
:106DE4001271127112711271127112711271127187
:106DF4001271127112711271127112711271127177
:106E04001271127112711271127112711271127166
:106E14001271127112711271127112711271127156
:106E24001271127112711271127112711271127146
:106E34001271127112711271127112711271127136
:106E44001271127112711271127112711271127126
:106E54001271127112711271127112711271127116
:106E64001271127112711271127112711271127106
:106E740012711271127112711271127112711271F6
:106E840012711271127112711271127112711271E6
:106E940012711271127112711271127112711271D6
:106EA40012711271127112711271127112711271C6
:106EB40012711271127112711271127112711271B6
:106EC40012711271127112711271127112711271A6
:106ED4001271127112711271127112711271127196
:106EE4001271127112711271127112711271127186
:106EF4001271127112711271127112711271127176
:106F04001271127112711271127112711271127165
:106F14001271127108A508A508A508A508A508A559
:106F240008A508A508A508A508A508A508A508A5F5
:106F340008A508A508A508A508A508A508A508A5E5
:106F440008A508A508A508A508A508A508A508A5D5
:106F540008A508A508A508A508A508A508A508A5C5
:106F640008A508A508A508A508A508A508A508A5B5
:106F740008A508A508A508A508A508A508A508A5A5
:106F840008A508A508A508A508A508A508A508A595
:106F940008A508A508A508A508A508A508A508A585
:106FA40008A508A508A508A508A508A508A508A575
:106FB40008A508A508A508A508A508A508A508A565
:106FC40008A508A508A508A508A508A508A508A555
:106FD40008A508A508A508A508A508A508A508A545
:106FE40008A508A508A508A508A508A508A508A535
:106FF40008A508A508A508A508A508A508A508A525
:1070040008A508A508A508A508A508A508A508A514
:1070140008A508A508A508A508A508A508A508A504
:1070240008A508A508A508A508A508A508A508A5F4
:1070340008A508A508A508A508A508A508A508A5E4
:1070440008A508A508A508A508A508A508A508A5D4
:1070540008A508A508A508A508A508A508A508A5C4
:1070640008A508A508A508A508A508A508A508A5B4
:1070740008A508A508A508A508A508A508A508A5A4
:1070840008A508A508A508A508A508A508A508A594
:1070940008A508A508A508A508A508A508A508A584
:1070A40008A508A508A508A508A508A508A508A574
:1070B40008A508A508A508A508A508A508A508A564
:1070C40008A508A508A508A508A508A508A508A554
:1070D40008A508A508A508A508A508A508A508A544
:1070E40008A508A508A508A508A508A508A508A534
:1070F40008A508A508A508A508A508A508A508A524
:1071040008A508A508A508A508A508A508A508A513
:1071140008A508A508A508A508A508A508A508A503
:1071240008A508A508A508A508A508A508A508A5F3
:1071340008A508A508A508A508A508A508A508A5E3
:1071440008A508A508A508A508A508A508A508A5D3
:1071540008A508A508A508A508A508A508A508A5C3
:1071640008A508A508A508A508A508A508A508A5B3
:1071740008A508A508A508A508A508A508A508A5A3
:1071840008A508A508A508A508A508A508A508A593
:1071940008A508A508A508A508A508A508A508A583
:1071A40008A508A508A508A508A508A508A508A573
:1071B40008A508A508A508A508A508A508A508A563
:1071C40008A508A508A508A508A508A508A508A553
:1071D40008A508A508A508A508A508A508A508A543
:1071E40008A508A508A508A508A508A508A508A533
:1071F40008A508A508A508A508A508A508A508A523
:1072040008A508A508A508A508A508A508A508A512
:1072140008A508A508A508A508A508A508A508A502
:1072240008A508A508A508A508A508A508A508A5F2
:1072340008A508A508A508A508A508A508A508A5E2
:1072440008A508A508A508A508A508A508A508A5D2
:1072540008A508A508A508A508A508A508A508A5C2
:1072640008A508A508A508A508A508A508A508A5B2
:1072740008A508A508A508A508A508A508A508A5A2
:1072840008A508A508A508A508A508A508A508A592
:1072940008A508A508A508A508A508A508A508A582
:1072A40008A508A508A508A508A508A508A508A572
:1072B40008A508A508A508A508A508A508A508A562
:1072C40008A508A508A508A508A508A508A508A552
:1072D40008A508A508A508A508A508A508A508A542
:1072E40008A508A508A508A508A508A508A508A532
:1072F40008A508A508A508A508A508A508A508A522
:1073040008A508A508A508A508A508A508A508A511
:1073140008A508A508A508A508A508A508A508A501
:1073240008A508A508A508A508A508A508A508A5F1
:1073340008A508A508A508A508A508A508A508A5E1
:1073440008A508A508A508A508A508A508A508A5D1
:1073540008A508A508A508A508A508A508A508A5C1
:1073640008A508A508A508A508A508A508A508A5B1
:1073740008A508A508A508A508A508A508A508A5A1
:1073840008A508A508A508A508A508A508A508A591
:1073940008A508A508A508A508A508A508A508A581
:1073A40008A508A508A508A508A508A508A508A571
:1073B40008A508A508A508A508A508A508A508A561
:1073C40008A508A508A508A508A508A508A508A551
:1073D40008A508A508A508A508A508A508A508A541
:1073E40008A508A508A508A508A508A508A508A531
:1073F40008A508A508A508A508A508A508A508A521
:1074040008A508A508A508A508A508A508A508A510
:1074140008A508A508A508A508A508A508A508A500
:1074240008A508A508A508A508A508A508A508A5F0
:1074340008A508A508A508A508A508A508A508A5E0
:1074440008A508A508A508A508A508A508A508A5D0
:1074540008A508A508A508A508A508A508A508A5C0
:1074640008A508A508A508A508A508A508A508A5B0
:1074740008A508A508A508A508A508A508A508A5A0
:1074840008A508A508A508A508A508A508A508A590
:1074940008A508A508A508A508A508A508A508A580
:1074A40008A508A508A508A508A508A508A508A570
:1074B40008A508A508A508A508A508A508A508A560
:1074C40008A508A508A508A508A508A508A508A550
:1074D40008A508A508A508A508A508A508A508A540
:1074E40008A508A508A508A508A508A508A508A530
:1074F40008A508A508A508A508A508A508A508A520
:1075040008A508A508A508A508A508A508A508A50F
:1075140008A508A508A508A508A508A508A508A5FF
:1075240008A508A508A508A508A508A508A508A5EF
:1075340008A508A508A508A508A508A508A508A5DF
:1075440008A508A508A508A508A508A508A508A5CF
:1075540008A508A508A508A508A508A508A508A5BF
:1075640008A508A508A508A508A508A508A508A5AF
:1075740008A508A508A508A508A508A508A508A59F
:1075840008A508A508A508A508A508A508A508A58F
:1075940008A508A508A508A508A508A508A508A57F
:1075A40008A508A508A508A508A508A508A508A56F
:1075B40008A508A508A508A508A508A508A508A55F
:1075C40008A508A508A508A508A508A508A508A54F
:1075D40008A508A508A508A508A508A508A508A53F
:1075E40008A508A508A508A508A508A508A508A52F
:1075F40008A508A508A508A508A508A508A508A51F
:1076040008A508A508A508A508A508A508A508A50E
:1076140008A508A508A508A508A508A508A508A5FE
:1076240008A508A508A508A508A508A508A508A5EE
:1076340008A508A508A508A508A508A508A508A5DE
:1076440008A508A508A508A508A508A508A508A5CE
:1076540008A508A508A508A508A508A508A508A5BE
:1076640008A508A508A508A508A508A508A508A5AE
:1076740008A508A508A508A508A508A508A508A59E
:1076840008A508A508A508A508A508A508A508A58E
:1076940008A508A508A508A508A508A508A508A57E
:1076A40008A508A508A508A508A508A508A508A56E
:1076B40008A508A508A508A508A508A508A508A55E
:1076C40008A508A508A508A508A508A508A508A54E
:1076D40008A508A508A508A508A508A508A508A53E
:1076E40008A508A508A508A508A508A508A508A52E
:1076F40008A508A508A508A508A508A508A508A51E
:1077040008A508A508A508A508A508A508A508A50D
:1077140008A508A508A508A508A508A508A508A5FD
:1077240008A508A508A508A508A508A508A508A5ED
:1077340008A508A508A508A508A508A508A508A5DD
:1077440008A508A508A508A508A508A508A508A5CD
:1077540008A508A508A508A508A508A508A508A5BD
:1077640008A508A508A508A508A508A508A508A5AD
:1077740008A508A508A508A508A508A508A508A59D
:1077840008A508A508A508A508A508A508A508A58D
:1077940008A508A508A508A508A508A508A508A57D
:1077A40008A508A508A508A508A508A508A508A56D
:1077B40008A508A508A508A508A508A508A508A55D
:1077C40008A508A508A508A508A508A508A508A54D
:1077D40008A508A508A508A508A508A508A508A53D
:1077E40008A508A508A508A508A508A508A508A52D
:1077F40008A508A508A508A508A508A508A508A51D
:1078040008A508A508A508A508A508A508A508A50C
:1078140008A508A508A508A508A508A508A508A5FC
:1078240008A508A508A508A508A508A508A508A5EC
:1078340008A508A508A508A508A508A508A508A5DC
:1078440008A508A508A508A508A508A508A508A5CC
:1078540008A508A508A508A508A508A508A508A5BC
:1078640008A508A508A508A508A508A508A508A5AC
:1078740008A508A508A508A508A508A508A508A59C
:1078840008A508A508A508A508A508A508A508A58C
:1078940008A508A508A508A508A508A508A508A57C
:1078A40008A508A508A508A508A508A508A508A56C
:1078B40008A508A508A508A508A508A508A508A55C
:1078C40008A508A508A508A508A508A508A508A54C
:1078D40008A508A508A508A508A508A508A508A53C
:1078E40008A508A508A508A508A508A508A508A52C
:1078F40008A508A508A508A508A508A508A508A51C
:1079040008A508A508A508A508A508A508A508A50B
:1079140008A508A508A508A508A508A508A508A5FB
:1079240008A508A508A508A508A508A508A508A5EB
:1079340008A508A508A508A508A508A508A508A5DB
:1079440008A508A508A508A508A508A508A508A5CB
:1079540008A508A508A508A508A508A508A508A5BB
:1079640008A508A508A508A508A508A508A508A5AB
:1079740008A508A508A508A508A508A508A508A59B
:1079840008A508A508A508A508A508A508A508A58B
:1079940008A508A508A508A508A508A508A508A57B
:1079A40008A508A508A508A508A508A508A508A56B
:1079B40008A508A508A508A508A508A508A508A55B
:1079C40008A508A508A508A508A508A508A508A54B
:1079D40008A508A508A508A508A508A508A508A53B
:1079E40008A508A508A508A508A508A508A508A52B
:1079F40008A508A508A508A508A508A508A508A51B
:107A040008A508A508A508A508A508A508A508A50A
:107A140008A508A508A508A508A508A508A508A5FA
:107A240008A508A508A508A508A508A508A508A5EA
:107A340008A508A508A508A508A508A508A508A5DA
:107A440008A508A508A508A508A508A508A508A5CA
:107A540008A508A508A508A508A508A508A508A5BA
:107A640008A508A508A508A508A508A508A508A5AA
:107A740008A508A508A508A508A508A508A508A59A
:107A840008A508A508A508A508A508A508A508A58A
:107A940008A508A508A508A508A508A508A508A57A
:107AA40008A508A508A508A508A508A508A508A56A
:107AB40008A508A508A508A508A508A508A508A55A
:107AC40008A508A508A508A508A508A508A508A54A
:107AD40008A508A508A508A508A508A508A508A53A
:107AE40008A508A508A508A508A508A508A508A52A
:107AF40008A508A508A508A508A508A508A508A51A
:107B040008A508A508A508A508A508A508A508A509
:107B140008A508A508A508A508A508A508A508A5F9
:107B240008A508A508A508A508A508A508A508A5E9
:107B340008A508A508A508A508A508A508A508A5D9
:107B440008A508A508A508A508A508A508A508A5C9
:107B540008A508A508A508A508A508A508A508A5B9
:107B640008A508A508A508A508A508A508A508A5A9
:107B740008A508A508A508A508A508A508A508A599
:107B840008A508A508A508A508A508A508A508A589
:107B940008A508A508A508A508A508A508A508A579
:107BA40008A508A508A508A508A508A508A508A569
:107BB4004C164C164C164C164C164C164C164C16B1
:107BC4004C164C164C164C164C164C164C164C16A1
:107BD4004C164C164C164C164C164C164C164C1691
:107BE4004C164C164C164C164C164C164C164C1681
:107BF4004C164C164C164C164C164C164C164C1671
:107C04004C164C164C164C164C164C164C164C1660
:107C14004C164C164C164C164C164C164C164C1650
:107C24004C164C164C164C164C164C164C164C1640
:107C34004C164C164C164C164C164C164C164C1630
:107C44004C164C164C164C164C164C164C164C1620
:107C54004C164C164C164C164C1608A508A508A52F
:107C640008A508A508A508A508A508A508A508A5A8
:107C740008A508A508A508A508A508A508A508A598
:107C84004C164C164C164C164C164C164C164C16E0
:107C94004C164C164C164C164C164C164C164C16D0
:107CA4004C164C164C164C164C164C164C164C16C0
:107CB4004C164C164C164C164C164C164C164C16B0
:107CC4004C164C164C164C164C164C164C164C16A0
:107CD4004C164C164C164C164C164C164C164C1690
:107CE4004C164C164C164C164C164C164C164C1680
:107CF4004C164C164C164C164C164C164C164C1670
:107D04004C164C164C164C164C164C164C164C165F
:107D14004C164C164C164C164C164C164C164C164F
:107D24004C164C164C164C164C1608A508A508A55E
:107D340008A508A508A508A508A508A508A508A5D7
:107D440008A508A508A508A508A508A508A508A5C7
:107D540035BC35BC35BC35BC35BC35BC35BC35BC97
:107D640035BC35BC35BC35BC35BC35BC35BC35BC87
:107D740035BC35BC35BC35BC35BC35BC35BC35BC77
:107D840035BC35BC35BC35BC35BC35BC35BC35BC67
:107D940035BC35BC35BC35BC35BC35BC35BC35BC57
:107DA40035BC35BC35BC35BC35BC35BC35BC35BC47
:107DB40035BC35BC35BC35BC35BC35BC35BC35BC37
:107DC40035BC35BC35BC35BC35BC35BC35BC35BC27
:107DD40035BC35BC35BC35BC35BC35BC35BC35BC17
:107DE40035BC35BC35BC35BC35BC35BC35BC35BC07
:107DF40035BC35BC35BC35BC35BC08A508A508A5C3
:107E040008A508A508A508A508A508A508A508A506
:107E140008A508A508A508A508A508A508A508A5F6
:107E240008A508A508A508A508A508A508A54C1631
:107E3400116A116A116A116A116A116A116A116A66
:107E4400116A116A116A116A116A116A116A116A56
:107E5400116A116A116A116A116A116A116A116A46
:107E6400116A116A116A116A116A116A116A116A36
:107E7400116A116A116A116A116A116A116A116A26
:107E8400116A116A116A116A116A116A116A116A16
:107E9400116A116A116A116A116A116A116A116A06
:107EA400116A116A116A116A116A116A116A116AF6
:107EB400116A116A116A116A116A116A116A116AE6
:107EC400116A116A116A116A116A116A116A116AD6
:107ED400116A116A116A116A116A4C1608A508A57B
:107EE40008A508A508A508A508A508A508A508A526
:107EF40008A508A508A508A508A508A508A54C1661
:107F0400116A116A116A116A116A116A116A116A95
:107F1400116A116A116A116A116A116A116A116A85
:107F2400116A116A116A116A116A116A116A116A75
:107F3400116A116A116A116A116A116A116A116A65
:107F4400116A116A116A116A116A116A116A116A55
:107F5400116A116A116A116A116A116A116A116A45
:107F6400116A116A116A116A116A116A116A116A35
:107F7400116A116A116A116A116A116A116A116A25
:107F8400116A116A116A116A116A116A116A116A15
:107F9400116A116A116A116A116A116A116A116A05
:107FA400116A116A116A116A116A4C1608A508A5AA
:107FB40008A508A508A508A508A508A508A508A555
:107FC40008A508A508A508A508A508A508A535BC01
:107FD40035BC35BC35BC35BC35BC35BC35BC35BC15
:107FE40035BC35BC35BC35BC35BC35BC35BC35BC05
:107FF40035BC35BC35BC35BC35BC35BC35BC35BCF5
:1080040035BC35BC35BC35BC35BC35BC35BC35BCE4
:1080140035BC35BC35BC35BC35BC35BC35BC35BCD4
:1080240035BC35BC35BC35BC35BC35BC35BC35BCC4
:1080340035BC35BC35BC35BC35BC35BC35BC35BCB4
:1080440035BC35BC35BC35BC35BC35BC35BC35BCA4
:1080540035BC35BC35BC35BC35BC35BC35BC35BC94
:1080640035BC35BC35BC35BC35BC35BC35BC35BC84
:1080740035BC35BC35BC35BC35BC35BC08A508A5FC
:1080840008A508A508A508A508A508A508A508A584
:1080940008A508A508A508A508A508A508A508A574
:1080A40008A508A508A508A508A508A54C16116AE1
:1080B400116A116A116A116A116A116A116A116AE4
:1080C400116A116A116A116A116A116A116A116AD4
:1080D400116A116A116A116A116A116A116A116AC4
:1080E400116A116A116A116A116A116A116A116AB4
:1080F400116A116A116A116A116A116A116A116AA4
:10810400116A116A116A116A116A116A116A116A93
:10811400116A116A116A116A116A116A116A116A83
:10812400116A116A116A116A116A116A116A116A73
:10813400116A116A116A116A116A116A116A116A63
:10814400116A116A116A116A116A116A116A116A53
:10815400116A116A116A116A116A116A4C1608A52A
:1081640008A508A508A508A508A508A508A508A5A3
:1081740008A508A508A508A508A508A54C16116A10
:10818400116A116A116A116A116A116A116A116A13
:10819400116A116A116A116A116A116A116A116A03
:1081A400116A116A116A116A116A116A116A116AF3
:1081B400116A116A116A116A116A116A116A116AE3
:1081C400116A116A116A116A116A116A116A116AD3
:1081D400116A116A116A116A116A116A116A116AC3
:1081E400116A116A116A116A116A116A116A116AB3
:1081F400116A116A116A116A116A116A116A116AA3
:10820400116A116A116A116A116A116A116A116A92
:10821400116A116A116A116A116A116A116A116A82
:10822400116A116A116A116A116A116A4C1608A559
:1082340008A508A508A508A508A508A508A508A5D2
:1082440008A508A508A508A508A508A535BC35BC3A
:10825400127012701270127012701270127012700A
:1082640012701270127012701270127012701270FA
:1082740012701270127012701270127012701270EA
:1082840012701270127012701270127012701270DA
:1082940012701270127012701270127012701270CA
:1082A40012701270127012701270127012701270BA
:1082B40012701270127012701270127012701270AA
:1082C400127012701270127012701270127012709A
:1082D400127012701270127012701270127012708A
:1082E400127012701270127012701270127012707A
:1082F4001270127012701270127035BC35BC08A561
:1083040008A508A508A508A508A508A508A508A501
:1083140008A508A508A508A508A508A508A508A5F1
:1083240008A508A508A508A508A54C16116A116A90
:10833400116A116A116A116A116A116A116A116A61
:10834400116A116A116A116A116A116A116A116A51
:10835400116A116A116A116A116A116A116A116A41
:10836400116A116A116A116A116A116A116A116A31
:10837400116A116A116A116A116A116A116A116A21
:10838400116A116A116A116A116A116A116A116A11
:10839400116A116A116A116A116A116A116A116A01
:1083A400116A116A116A116A116A116A116A116AF1
:1083B400116A116A116A116A116A116A116A116AE1
:1083C400116A116A116A116A116A116A116A116AD1
:1083D400116A116A116A116A116A116A116A4C16DA
:1083E40008A508A508A508A508A508A508A508A521
:1083F40008A508A508A508A508A54C16116A116AC0
:10840400116A116A116A116A116A116A116A116A90
:10841400116A116A116A116A116A116A116A116A80
:10842400116A116A116A116A116A116A116A116A70
:10843400116A116A116A116A116A116A116A116A60
:10844400116A116A116A116A116A116A116A116A50
:10845400116A116A116A116A116A116A116A116A40
:10846400116A116A116A116A116A116A116A116A30
:10847400116A116A116A116A116A116A116A116A20
:10848400116A116A116A116A116A116A116A116A10
:10849400116A116A116A116A116A116A116A116A00
:1084A400116A116A116A116A116A116A116A4C1609
:1084B40008A508A508A508A508A508A508A508A550
:1084C40008A508A508A508A508A535BC35BC1270E3
:1084D4001270127012701270127012701270127088
:1084E4001270127012701270127012701270127078
:1084F4001270127012701270127012701270127068
:108504001270127012701270127012701270127057
:108514001270127012701270127012701270127047
:108524001270127012701270127012701270127037
:108534001270127012701270127012701270127027
:108544001270127012701270127012701270127017
:108554001270127012701270127012701270127007
:1085640012701270127012701270127012701270F7
:1085740012701270127012701270127035BC35BC09
:1085840008A508A508A508A508A508A508A508A57F
:1085940008A508A508A508A508A508A508A508A56F
:1085A40008A508A508A508A54C16116A116A116A40
:1085B400116A116A116A116A116A116A116A116ADF
:1085C400116A116A116A116A116A116A116A116ACF
:1085D400116A116A116A116A116A116A116A116ABF
:1085E400116A116A116A116A116A116A116A116AAF
:1085F400116A116A116A116A116A116A116A116A9F
:10860400116A116A116A116A116A116A116A116A8E
:10861400116A116A116A116A116A116A116A116A7E
:10862400116A116A116A116A116A116A116A116A6E
:10863400116A116A116A116A116A116A116A116A5E
:10864400116A116A116A116A116A116A116A116A4E
:10865400116A116A116A116A116A116A116A116A3E
:108664004C1608A508A508A508A508A508A508A5E9
:1086740008A508A508A508A54C16116A116A116A6F
:10868400116A116A116A116A116A116A116A116A0E
:10869400116A116A116A116A116A116A116A116AFE
:1086A400116A116A116A116A116A116A116A116AEE
:1086B400116A116A116A116A116A116A116A116ADE
:1086C400116A116A116A116A116A116A116A116ACE
:1086D400116A116A116A116A116A116A116A116ABE
:1086E400116A116A116A116A116A116A116A116AAE
:1086F400116A116A116A116A116A116A116A116A9E
:10870400116A116A116A116A116A116A116A116A8D
:10871400116A116A116A116A116A116A116A116A7D
:10872400116A116A116A116A116A116A116A116A6D
:108734004C1608A508A508A508A508A508A508A518
:1087440008A508A508A508A535BC35BC127012708B
:108754001270127012701270127012701270127005
:1087640012701270127012701270127012701270F5
:1087740012701270127012701270127012701270E5
:1087840012701270127012701270127012701270D5
:1087940012701270127012701270127012701270C5
:1087A40012701270127012701270127012701270B5
:1087B40012701270127012701270127012701270A5
:1087C4001270127012701270127012701270127095
:1087D4001270127012701270127012701270127085
:1087E4001270127012701270127012701270127075
:1087F400127012701270127012701270127035BCF6
:1088040035BC08A508A508A508A508A508A508A5B8
:1088140008A508A508A508A508A508A508A508A5EC
:1088240008A508A508A508A54C16116A116A116ABD
:10883400116A116A116A116A116A116A116A116A5C
:10884400116A116A116A116A116A116A116A116A4C
:10885400116A116A116A116A116A116A116A116A3C
:10886400116A116A116A116A116A116A116A116A2C
:10887400116A116A116A116A116A116A116A116A1C
:10888400116A116A116A116A116A116A116A116A0C
:10889400116A116A116A116A116A116A116A116AFC
:1088A400116A116A116A116A116A116A116A116AEC
:1088B400116A116A116A116A116A116A116A116ADC
:1088C400116A116A116A116A116A116A116A116ACC
:1088D400116A116A116A116A116A116A116A116ABC
:1088E4004C1608A508A508A508A508A508A508A567
:1088F40008A508A508A508A54C16116A116A116AED
:10890400116A116A116A116A116A116A116A116A8B
:10891400116A116A116A116A116A116A116A116A7B
:10892400116A116A116A116A116A116A116A116A6B
:10893400116A116A116A116A116A116A116A116A5B
:10894400116A116A116A116A116A116A116A116A4B
:10895400116A116A116A116A116A116A116A116A3B
:10896400116A116A116A116A116A116A116A116A2B
:10897400116A116A116A116A116A116A116A116A1B
:10898400116A116A116A116A116A116A116A116A0B
:10899400116A116A116A116A116A116A116A116AFB
:1089A400116A116A116A116A116A116A116A116AEB
:1089B4004C1608A508A508A508A508A508A508A596
:1089C40008A508A508A508A535BC35BC1270127009
:1089D4001270127012701270127012701270127083
:1089E4001270127012701270127012701270127073
:1089F4001270127012701270127012701270127063
:108A04001270127012701270127012701270127052
:108A14001270127012701270127012701270127042
:108A24001270127012701270127012701270127032
:108A34001270127012701270127012701270127022
:108A44001270127012701270127012701270127012
:108A54001270127012701270127012701270127002
:108A640012701270127012701270127012701270F2
:108A7400127012701270127012701270127035BC73
:108A840035BC08A508A508A508A508A508A508A536
:108A940008A508A508A508A508A508A508A508A56A
:108AA40008A508A508A508A54C16116A116A116A3B
:108AB400116A116A116A116A116A116A116A116ADA
:108AC400116A116A116A116A116A116A116A116ACA
:108AD400116A116A116A116A116A116A116A116ABA
:108AE400116A116A116A116A116A116A116A116AAA
:108AF400116A116A116A116A116A116A116A116A9A
:108B0400116A116A116A116A116A116A116A116A89
:108B1400116A116A116A116A116A116A116A116A79
:108B2400116A116A116A116A116A116A116A116A69
:108B3400116A116A116A116A116A116A116A116A59
:108B4400116A116A116A116A116A116A116A116A49
:108B5400116A116A116A116A116A116A116A116A39
:108B64004C1608A508A508A508A508A508A508A5E4
:108B740008A508A508A508A54C16116A116A116A6A
:108B8400116A116A116A116A116A116A116A116A09
:108B9400116A116A116A116A116A116A116A116AF9
:108BA400116A116A116A116A116A116A116A116AE9
:108BB400116A116A116A116A116A116A116A116AD9
:108BC400116A116A116A116A116A116A116A116AC9
:108BD400116A116A116A116A116A116A116A116AB9
:108BE400116A116A116A116A116A116A116A116AA9
:108BF400116A116A116A116A116A116A116A116A99
:108C0400116A116A116A116A116A116A116A116A88
:108C1400116A116A116A116A116A116A116A116A78
:108C2400116A116A116A116A116A116A116A116A68
:108C34004C1608A508A508A508A508A508A508A513
:108C440008A508A508A508A535BC35BC1270127086
:108C54001270127012701270127012701270127000
:108C640012701270127012701270127012701270F0
:108C740012701270127012701270127012701270E0
:108C840012701270127012701270127012701270D0
:108C940012701270127012701270127012701270C0
:108CA40012701270127012701270127012701270B0
:108CB40012701270127012701270127012701270A0
:108CC4001270127012701270127012701270127090
:108CD4001270127012701270127012701270127080
:108CE4001270127012701270127012701270127070
:108CF400127012701270127012701270127035BCF1
:108D040035BC08A508A508A508A508A508A508A5B3
:108D140008A508A508A508A508A508A508A508A5E7
:108D240008A508A508A508A54C16116A116A116AB8
:108D3400116A116A116A116A116A116A116A116A57
:108D4400116A116A116A116A116A116A116A116A47
:108D5400116A116A116A116A116A116A116A116A37
:108D6400116A116A116A116A116A116A116A116A27
:108D7400116A116A116A116A116A116A116A116A17
:108D8400116A116A116A116A116A116A116A116A07
:108D9400116A116A116A116A116A116A116A116AF7
:108DA400116A116A116A116A116A116A116A116AE7
:108DB400116A116A116A116A116A116A116A116AD7
:108DC400116A116A116A116A116A116A116A116AC7
:108DD400116A116A116A116A116A116A116A116AB7
:108DE4004C1608A508A508A508A508A508A508A562
:108DF40008A508A508A508A54C16116A116A116AE8
:108E0400116A116A116A116A116A116A116A116A86
:108E1400116A116A116A116A116A116A116A116A76
:108E2400116A116A116A116A116A116A116A116A66
:108E3400116A116A116A116A116A116A116A116A56
:108E4400116A116A116A116A116A116A116A116A46
:108E5400116A116A116A116A116A116A116A116A36
:108E6400116A116A116A116A116A116A116A116A26
:108E7400116A116A116A116A116A116A116A116A16
:108E8400116A116A116A116A116A116A116A116A06
:108E9400116A116A116A116A116A116A116A116AF6
:108EA400116A116A116A116A116A116A116A116AE6
:108EB4004C1608A508A508A508A508A508A508A591
:108EC40008A508A508A508A535BC35BC1270127004
:108ED400127012701270127012701270127012707E
:108EE400127012701270127012701270127012706E
:108EF400127012701270127012701270127012705E
:108F0400127012701270127012701270127012704D
:108F1400127012701270127012701270127012703D
:108F2400127012701270127012701270127012702D
:108F3400127012701270127012701270127012701D
:108F4400127012701270127012701270127012700D
:108F540012701270127012701270127012701270FD
:108F640012701270127012701270127012701270ED
:108F7400127012701270127012701270127035BC6E
:108F840035BC08A508A508A508A508A508A508A531
:108F940008A508A508A508A508A508A508A508A565
:108FA40008A508A508A508A54C16116A116A116A36
:108FB400116A116A116A116A116A116A116A116AD5
:108FC400116A116A116A116A116A116A116A116AC5
:108FD400116A116A116A116A116A116A116A116AB5
:108FE400116A116A116A116A116A116A116A116AA5
:108FF400116A116A116A116A116A116A116A116A95
:10900400116A116A116A116A116A116A116A116A84
:10901400116A116A116A116A116A116A116A116A74
:10902400116A116A116A116A116A116A116A116A64
:10903400116A116A116A116A116A116A116A116A54
:10904400116A116A116A116A116A116A116A116A44
:10905400116A116A116A116A116A116A116A116A34
:109064004C1608A508A508A508A508A508A508A5DF
:1090740008A508A508A508A54C16116A116A116A65
:10908400116A116A116A116A116A116A116A116A04
:10909400116A116A116A116A116A116A116A116AF4
:1090A400116A116A116A116A116A116A116A116AE4
:1090B400116A116A116A116A116A116A116A116AD4
:1090C400116A116A116A116A116A116A116A116AC4
:1090D400116A116A116A116A116A116A116A116AB4
:1090E400116A116A116A116A116A116A116A116AA4
:1090F400116A116A116A116A116A116A116A116A94
:10910400116A116A116A116A116A116A116A116A83
:10911400116A116A116A116A116A116A116A116A73
:10912400116A116A116A116A116A116A116A116A63
:109134004C1608A508A508A508A508A508A508A50E
:1091440008A508A508A508A535BC35BC1270127081
:1091540012701270127012701270127012701270FB
:1091640012701270127012701270127012701270EB
:1091740012701270127012701270127012701270DB
:1091840012701270127012701270127012701270CB
:1091940012701270127012701270127012701270BB
:1091A40012701270127012701270127012701270AB
:1091B400127012701270127012701270127012709B
:1091C400127012701270127012701270127012708B
:1091D400127012701270127012701270127012707B
:1091E400127012701270127012701270127012706B
:1091F400127012701270127012701270127035BCEC
:1092040035BC08A508A508A508A508A508A508A5AE
:1092140008A508A508A508A508A508A508A508A5E2
:1092240008A508A508A508A54C16116A116A116AB3
:10923400116A116A116A116A116A116A116A116A52
:10924400116A116A116A116A116A116A116A116A42
:10925400116A116A116A116A116A116A116A116A32
:10926400116A116A116A116A116A116A116A116A22
:10927400116A116A116A116A116A116A116A116A12
:10928400116A116A116A116A116A116A116A116A02
:10929400116A116A116A116A116A116A116A116AF2
:1092A400116A116A116A116A116A116A116A116AE2
:1092B400116A116A116A116A116A116A116A116AD2
:1092C400116A116A116A116A116A116A116A116AC2
:1092D400116A116A116A116A116A116A116A116AB2
:1092E4004C1608A508A508A508A508A508A508A55D
:1092F40008A508A508A508A54C16116A116A116AE3
:10930400116A116A116A116A116A116A116A116A81
:10931400116A116A116A116A116A116A116A116A71
:10932400116A116A116A116A116A116A116A116A61
:10933400116A116A116A116A116A116A116A116A51
:10934400116A116A116A116A116A116A116A116A41
:10935400116A116A116A116A116A116A116A116A31
:10936400116A116A116A116A116A116A116A116A21
:10937400116A116A116A116A116A116A116A116A11
:10938400116A116A116A116A116A116A116A116A01
:10939400116A116A116A116A116A116A116A116AF1
:1093A400116A116A116A116A116A116A116A116AE1
:1093B4004C1608A508A508A508A508A508A508A58C
:1093C40008A508A508A508A535BC35BC12701270FF
:1093D4001270127012701270127012701270127079
:1093E4001270127012701270127012701270127069
:1093F4001270127012701270127012701270127059
:109404001270127012701270127012701270127048
:109414001270127012701270127012701270127038
:109424001270127012701270127012701270127028
:109434001270127012701270127012701270127018
:109444001270127012701270127012701270127008
:1094540012701270127012701270127012701270F8
:1094640012701270127012701270127012701270E8
:10947400127012701270127012701270127035BC69
:1094840035BC08A508A508A508A508A508A508A52C
:1094940008A508A508A508A508A508A508A508A560
:1094A40008A508A508A508A54C16116A116A116A31
:1094B400116A116A116A116A116A116A116A116AD0
:1094C400116A116A116A116A116A116A116A116AC0
:1094D400116A116A116A116A116A116A116A116AB0
:1094E400116A116A116A116A116A116A116A116AA0
:1094F400116A116A116A116A116A116A116A116A90
:10950400116A116A116A116A116A116A116A116A7F
:10951400116A116A116A116A116A116A116A116A6F
:10952400116A116A116A116A116A116A116A116A5F
:10953400116A116A116A116A116A116A116A116A4F
:10954400116A116A116A116A116A116A116A116A3F
:10955400116A116A116A116A116A116A116A116A2F
:109564004C1608A508A508A508A508A508A508A5DA
:1095740008A508A508A508A54C16116A116A116A60
:10958400116A116A116A116A116A116A116A116AFF
:10959400116A116A116A116A116A116A116A116AEF
:1095A400116A116A116A116A116A116A116A116ADF
:1095B400116A116A116A116A116A116A116A116ACF
:1095C400116A116A116A116A116A116A116A116ABF
:1095D400116A116A116A116A116A116A116A116AAF
:1095E400116A116A116A116A116A116A116A116A9F
:1095F400116A116A116A116A116A116A116A116A8F
:10960400116A116A116A116A116A116A116A116A7E
:10961400116A116A116A116A116A116A116A116A6E
:10962400116A116A116A116A116A116A116A116A5E
:109634004C1608A508A508A508A508A508A508A509
:1096440008A508A508A508A535BC35BC127012707C
:1096540012701270127012701270127012701270F6
:1096640012701270127012701270127012701270E6
:1096740012701270127012701270127012701270D6
:1096840012701270127012701270127012701270C6
:1096940012701270127012701270127012701270B6
:1096A40012701270127012701270127012701270A6
:1096B4001270127012701270127012701270127096
:1096C4001270127012701270127012701270127086
:1096D4001270127012701270127012701270127076
:1096E4001270127012701270127012701270127066
:1096F400127012701270127012701270127035BCE7
:1097040035BC08A508A508A508A508A508A508A5A9
:1097140008A508A508A508A508A508A508A508A5DD
:1097240008A508A508A508A54C16116A116A116AAE
:10973400116A116A116A116A116A116A116A116A4D
:10974400116A116A116A116A116A116A116A116A3D
:10975400116A116A116A116A116A116A116A116A2D
:10976400116A116A116A116A116A116A116A116A1D
:10977400116A116A116A116A116A116A116A116A0D
:10978400116A116A116A116A116A116A116A116AFD
:10979400116A116A116A116A116A116A116A116AED
:1097A400116A116A116A116A116A116A116A116ADD
:1097B400116A116A116A116A116A116A116A116ACD
:1097C400116A116A116A116A116A116A116A116ABD
:1097D400116A116A116A116A116A116A116A116AAD
:1097E4004C1608A508A508A508A508A508A508A558
:1097F40008A508A508A508A54C16116A116A116ADE
:10980400116A116A116A116A116A116A116A116A7C
:10981400116A116A116A116A116A116A116A116A6C
:10982400116A116A116A116A116A116A116A116A5C
:10983400116A116A116A116A116A116A116A116A4C
:10984400116A116A116A116A116A116A116A116A3C
:10985400116A116A116A116A116A116A116A116A2C
:10986400116A116A116A116A116A116A116A116A1C
:10987400116A116A116A116A116A116A116A116A0C
:10988400116A116A116A116A116A116A116A116AFC
:10989400116A116A116A116A116A116A116A116AEC
:1098A400116A116A116A116A116A116A116A116ADC
:1098B4004C1608A508A508A508A508A508A508A587
:1098C40008A508A508A508A535BC35BC12701270FA
:1098D4001270127012701270127012701270127074
:1098E4001270127012701270127012701270127064
:1098F4001270127012701270127012701270127054
:109904001270127012701270127012701270127043
:109914001270127012701270127012701270127033
:109924001270127012701270127012701270127023
:109934001270127012701270127012701270127013
:109944001270127012701270127012701270127003
:1099540012701270127012701270127012701270F3
:1099640012701270127012701270127012701270E3
:10997400127012701270127012701270127035BC64
:1099840035BC08A508A508A508A508A508A508A527
:1099940008A508A508A508A508A508A508A508A55B
:1099A40008A508A508A508A54C16116A116A116A2C
:1099B400116A116A116A116A116A116A116A116ACB
:1099C400116A116A116A116A116A116A116A116ABB
:1099D400116A116A116A116A116A116A116A116AAB
:1099E400116A116A116A116A116A116A116A116A9B
:1099F400116A116A116A116A116A116A116A116A8B
:109A0400116A116A116A116A116A116A116A116A7A
:109A1400116A116A116A116A116A116A116A116A6A
:109A2400116A116A116A116A116A116A116A116A5A
:109A3400116A116A116A116A116A116A116A116A4A
:109A4400116A116A116A116A116A116A116A116A3A
:109A5400116A116A116A116A116A116A116A116A2A
:109A64004C1608A508A508A508A508A508A508A5D5
:109A740008A508A508A508A54C16116A116A116A5B
:109A8400116A116A116A116A116A116A116A116AFA
:109A9400116A116A116A116A116A116A116A116AEA
:109AA400116A116A116A116A116A116A116A116ADA
:109AB400116A116A116A116A116A116A116A116ACA
:109AC400116A116A116A116A116A116A116A116ABA
:109AD400116A116A116A116A116A116A116A116AAA
:109AE400116A116A116A116A116A116A116A116A9A
:109AF400116A116A116A116A116A116A116A116A8A
:109B0400116A116A116A116A116A116A116A116A79
:109B1400116A116A116A116A116A116A116A116A69
:109B2400116A116A116A116A116A116A116A116A59
:109B34004C1608A508A508A508A508A508A508A504
:109B440008A508A508A508A535BC35BC1270127077
:109B540012701270127012701270127012701270F1
:109B640012701270127012701270127012701270E1
:109B740012701270127012701270127012701270D1
:109B840012701270127012701270127012701270C1
:109B940012701270127012701270127012701270B1
:109BA40012701270127012701270127012701270A1
:109BB4001270127012701270127012701270127091
:109BC4001270127012701270127012701270127081
:109BD4001270127012701270127012701270127071
:109BE4001270127012701270127012701270127061
:109BF400127012701270127012701270127035BCE2
:109C040035BC08A508A508A508A508A508A508A5A4
:109C140008A508A508A508A508A508A508A508A5D8
:109C240008A508A508A508A54C16116A116A116AA9
:109C3400116A116A116A116A116A116A116A116A48
:109C4400116A116A116A116A116A116A116A116A38
:109C5400116A116A116A116A116A116A116A116A28
:109C6400116A116A116A116A116A116A116A116A18
:109C7400116A116A116A116A116A116A116A116A08
:109C8400116A116A116A116A116A116A116A116AF8
:109C9400116A116A116A116A116A116A116A116AE8
:109CA400116A116A116A116A116A116A116A116AD8
:109CB400116A116A116A116A116A116A116A116AC8
:109CC400116A116A116A116A116A116A116A116AB8
:109CD400116A116A116A116A116A116A116A116AA8
:109CE4004C1608A508A508A508A508A508A508A553
:109CF40008A508A508A508A54C16116A116A116AD9
:109D0400116A116A116A116A116A116A116A116A77
:109D1400116A116A116A116A116A116A116A116A67
:109D2400116A116A116A116A116A116A116A116A57
:109D3400116A116A116A116A116A116A116A116A47
:109D4400116A116A116A116A116A116A116A116A37
:109D5400116A116A116A116A116A116A116A116A27
:109D6400116A116A116A116A116A116A116A116A17
:109D7400116A116A116A116A116A116A116A116A07
:109D8400116A116A116A116A116A116A116A116AF7
:109D9400116A116A116A116A116A116A116A116AE7
:109DA400116A116A116A116A116A116A116A116AD7
:109DB4004C1608A508A508A508A508A508A508A582
:109DC40008A508A508A508A535BC35BC12701270F5
:109DD400127012701270127012701270127012706F
:109DE400127012701270127012701270127012705F
:109DF400127012701270127012701270127012704F
:109E0400127012701270127012701270127012703E
:109E1400127012701270127012701270127012702E
:109E2400127012701270127012701270127012701E
:109E3400127012701270127012701270127012700E
:109E440012701270127012701270127012701270FE
:109E540012701270127012701270127012701270EE
:109E640012701270127012701270127012701270DE
:109E7400127012701270127012701270127035BC5F
:109E840035BC08A508A508A508A508A508A508A522
:109E940008A508A508A508A508A508A508A508A556
:109EA40008A508A508A508A54C16116A116A116A27
:109EB400116A116A116A116A116A116A116A116AC6
:109EC400116A116A116A116A116A116A116A116AB6
:109ED400116A116A116A116A116A116A116A116AA6
:109EE400116A116A116A116A116A116A116A116A96
:109EF400116A116A116A116A116A116A116A116A86
:109F0400116A116A116A116A116A116A116A116A75
:109F1400116A116A116A116A116A116A116A116A65
:109F2400116A116A116A116A116A116A116A116A55
:109F3400116A116A116A116A116A116A116A116A45
:109F4400116A116A116A116A116A116A116A116A35
:109F5400116A116A116A116A116A116A116A116A25
:109F64004C1608A508A508A508A508A508A508A5D0
:109F740008A508A508A508A54C16116A116A116A56
:109F8400116A116A116A116A116A116A116A116AF5
:109F9400116A116A116A116A116A116A116A116AE5
:109FA400116A116A116A116A116A116A116A116AD5
:109FB400116A116A116A116A116A116A116A116AC5
:109FC400116A116A116A116A116A116A116A116AB5
:109FD400116A116A116A116A116A116A116A116AA5
:109FE400116A116A116A116A116A116A116A116A95
:109FF400116A116A116A116A116A116A116A116A85
:10A00400116A116A116A116A116A116A116A116A74
:10A01400116A116A116A116A116A116A116A116A64
:10A02400116A116A116A116A116A116A116A116A54
:10A034004C1608A508A508A508A508A508A508A5FF
:10A0440008A508A508A508A535BC35BC1270127072
:10A0540012701270127012701270127012701270EC
:10A0640012701270127012701270127012701270DC
:10A0740012701270127012701270127012701270CC
:10A0840012701270127012701270127012701270BC
:10A0940012701270127012701270127012701270AC
:10A0A400127012701270127012701270127012709C
:10A0B400127012701270127012701270127012708C
:10A0C400127012701270127012701270127012707C
:10A0D400127012701270127012701270127012706C
:10A0E400127012701270127012701270127012705C
:10A0F400127012701270127012701270127035BCDD
:10A1040035BC08A508A508A508A508A508A508A59F
:10A1140008A508A508A508A508A508A508A508A5D3
:10A1240008A508A508A508A54C16116A116A116AA4
:10A13400116A116A116A116A116A116A116A116A43
:10A14400116A116A116A116A116A116A116A116A33
:10A15400116A116A116A116A116A116A116A116A23
:10A16400116A116A116A116A116A116A116A116A13
:10A17400116A116A116A116A116A116A116A116A03
:10A18400116A116A116A116A116A116A116A116AF3
:10A19400116A116A116A116A116A116A116A116AE3
:10A1A400116A116A116A116A116A116A116A116AD3
:10A1B400116A116A116A116A116A116A116A116AC3
:10A1C400116A116A116A116A116A116A116A116AB3
:10A1D400116A116A116A116A116A116A116A116AA3
:10A1E4004C1608A508A508A508A508A508A508A54E
:10A1F40008A508A508A508A54C16116A116A116AD4
:10A20400116A116A116A116A116A116A116A116A72
:10A21400116A116A116A116A116A116A116A116A62
:10A22400116A116A116A116A116A116A116A116A52
:10A23400116A116A116A116A116A116A116A116A42
:10A24400116A116A116A116A116A116A116A116A32
:10A25400116A116A116A116A116A116A116A116A22
:10A26400116A116A116A116A116A116A116A116A12
:10A27400116A116A116A116A116A116A116A116A02
:10A28400116A116A116A116A116A116A116A116AF2
:10A29400116A116A116A116A116A116A116A116AE2
:10A2A400116A116A116A116A116A116A116A116AD2
:10A2B4004C1608A508A508A508A508A508A508A57D
:10A2C40008A508A508A508A535BC35BC12701270F0
:10A2D400127012701270127012701270127012706A
:10A2E400127012701270127012701270127012705A
:10A2F400127012701270127012701270127012704A
:10A304001270127012701270127012701270127039
:10A314001270127012701270127012701270127029
:10A324001270127012701270127012701270127019
:10A334001270127012701270127012701270127009
:10A3440012701270127012701270127012701270F9
:10A3540012701270127012701270127012701270E9
:10A3640012701270127012701270127012701270D9
:10A37400127012701270127012701270127035BC5A
:10A3840035BC08A508A508A508A508A508A508A51D
:10A3940008A508A508A508A508A508A508A508A551
:10A3A40008A508A508A508A54C16116A116A116A22
:10A3B400116A116A116A116A116A116A116A116AC1
:10A3C400116A116A116A116A116A116A116A116AB1
:10A3D400116A116A116A116A116A116A116A116AA1
:10A3E400116A116A116A116A116A116A116A116A91
:10A3F400116A116A116A116A116A116A116ACEFE30
:10A40400CEFECEFECEFECEFECEFECEFE116A116A8A
:10A41400116A116A116A116A116A116A116A116A60
:10A42400116A116A116A116A116A116A116A116A50
:10A43400116A116A116A116A116A116A116A116A40
:10A44400116A116A116A116A116A116A116A116A30
:10A45400116A116A116A116A116A116A116A116A20
:10A464004C1608A508A508A508A508A508A508A5CB
:10A4740008A508A508A508A54C16116A116A116A51
:10A48400116A116A116A116A116A116A116A116AF0
:10A49400116A116A116A116A116A116A116A116AE0
:10A4A400116A116A116A116A116A116A116A116AD0
:10A4B400116A116A116A116A116A116A116A116AC0
:10A4C400116A116ACEFECEFE116A116A116A116A0E
:10A4D400116A116ACEFECEFE116A116A116A116AFE
:10A4E400116A116ACEFECEFE116A116A116A116AEE
:10A4F400116A116A116A116A116A116A116A116A80
:10A50400116A116A116A116A116A116A116A116A6F
:10A51400116A116A116A116A116A116A116A116A5F
:10A52400116A116A116A116A116A116A116A116A4F
:10A534004C1608A508A508A508A508A508A508A5FA
:10A5440008A508A508A508A535BC35BC127012706D
:10A5540012701270127012701270127012701270E7
:10A5640012701270127012701270127012701270D7
:10A5740012701270127012701270127012701270C7
:10A5840012701270127012701270127012701270B7
:10A5940012701270127012701270127012701270A7
:10A5A40012701270FFFF127012701270127012701B
:10A5B4001270127012701270127012701270127087
:10A5C4001270127012701270127012701270127077
:10A5D4001270127012701270127012701270127067
:10A5E4001270127012701270127012701270127057
:10A5F400127012701270127012701270127035BCD8
:10A6040035BC08A508A508A508A508A508A508A59A
:10A6140008A508A508A508A508A508A508A508A5CE
:10A6240008A508A508A508A54C16116A116A116A9F
:10A63400116A116A116A116A116A116A116A116A3E
:10A64400116A116A116A116A116A116A116A116A2E
:10A65400116A116A116A116A116A116A116A116A1E
:10A66400116A116A116A116A116A116A116A116A0E
:10A67400116A116A116A116A116ACEFECEFECEFE0B
:10A68400CEFECEFECEFECEFECEFECEFECEFECEFE66
:10A69400116A116A116A116A116A116A116A116ADE
:10A6A400116A116A116A116A116A116A116A116ACE
:10A6B400116A116A116A116A116A116A116A116ABE
:10A6C400116A116A116A116A116A116A116A116AAE
:10A6D400116A116A116A116A116A116A116A116A9E
:10A6E4004C1608A508A508A508A508A508A508A549
:10A6F40008A508A508A508A54C16116A116A116ACF
:10A70400116A116A116A116A116A116A116A116A6D
:10A71400116A116A116A116A116A116A116A116A5D
:10A72400116A116A116A116A116A116A116A116A4D
:10A73400116A116A116A116A116A116A116A116A3D
:10A74400116A116ACEFECEFE116A116A116A116A8B
:10A75400116A116ACEFECEFE116A116A116A116A7B
:10A76400116A116ACEFECEFE116A116A116A116A6B
:10A77400116A116A116A116A116A116A116A116AFD
:10A78400116A116A116A116A116A116A116A116AED
:10A79400116A116A116A116A116A116A116A116ADD
:10A7A400116A116A116A116A116A116A116A116ACD
:10A7B4004C1608A508A508A508A508A508A508A578
:10A7C40008A508A508A508A535BC35BC12701270EB
:10A7D4001270127012701270127012701270127065
:10A7E4001270127012701270127012701270127055
:10A7F4001270127012701270127012701270127045
:10A804001270127012701270127012701270127034
:10A814001270127012701270127012701270127024
:10A82400FFFFFFFF1270FFFFFFFF12701270127024
:10A834001270127012701270127012701270127004
:10A8440012701270127012701270127012701270F4
:10A8540012701270127012701270127012701270E4
:10A8640012701270127012701270127012701270D4
:10A87400127012701270127012701270127035BC55
:10A8840035BC08A508A508A508A508A508A508A518
:10A8940008A508A508A508A508A508A508A508A54C
:10A8A40008A508A508A508A54C16116A116A116A1D
:10A8B400116A116A116A116A116A116A116A116ABC
:10A8C400116A116A116A116A116A116A116A116AAC
:10A8D400116A116A116A116A116A116A116A116A9C
:10A8E400116A116A116A116A116A116A116A116A8C
:10A8F400116A116A116ACEFECEFECEFECEFE116A38
:10A90400116A116A116A116A116A116ACEFECEFEC9
:10A91400CEFECEFE116A116A116A116A116A116AB9
:10A92400116A116A116A116A116A116A116A116A4B
:10A93400116A116A116A116A116A116A116A116A3B
:10A94400116A116A116A116A116A116A116A116A2B
:10A95400116A116A116A116A116A116A116A116A1B
:10A964004C1608A508A508A508A508A508A508A5C6
:10A9740008A508A508A508A54C16116A116A116A4C
:10A98400116A116A116A116A116A116A116A116AEB
:10A99400116A116A116A116A116A116A116A116ADB
:10A9A400116A116A116A116A116A116A116A116ACB
:10A9B400116A116A116A116A116A116A116A116ABB
:10A9C400116A116ACEFECEFE116A116A116A116A09
:10A9D400116A116ACEFECEFE116A116A116A116AF9
:10A9E400116A116ACEFECEFE116A116A116A116AE9
:10A9F400116A116A116A116A116A116A116A116A7B
:10AA0400116A116A116A116A116A116A116A116A6A
:10AA1400116A116A116A116A116A116A116A116A5A
:10AA2400116A116A116A116A116A116A116A116A4A
:10AA34004C1608A508A508A508A508A508A508A5F5
:10AA440008A508A508A508A535BC35BC1270127068
:10AA540012701270127012701270127012701270E2
:10AA640012701270127012701270127012701270D2
:10AA740012701270127012701270127012701270C2
:10AA840012701270127012701270127012701270B2
:10AA9400127012701270127012701270FFFFFFFFAA
:10AAA40012701270127012701270FFFFFFFF12709A
:10AAB4001270127012701270127012701270127082
:10AAC4001270127012701270127012701270127072
:10AAD4001270127012701270127012701270127062
:10AAE4001270127012701270127012701270127052
:10AAF400127012701270127012701270127035BCD3
:10AB040035BC08A508A508A508A508A508A508A595
:10AB140008A508A508A508A508A508A508A508A5C9
:10AB240008A508A508A508A54C16116A116A116A9A
:10AB3400116A116A116A116A116A116A116A116A39
:10AB4400116A116A116A116A116A116A116A116A29
:10AB5400116A116A116A116A116A116A116A116A19
:10AB6400116A116A116A116A116A116A116A116A09
:10AB7400116A116ACEFECEFECEFE116A116A116A06
:10AB8400116A116A116A116A116A116A116A116AE9
:10AB9400CEFECEFECEFE116A116A116A116A116AE6
:10ABA400116A116A116A116A116A116A116A116AC9
:10ABB400116A116A116A116A116A116A116A116AB9
:10ABC400116A116A116A116A116A116A116A116AA9
:10ABD400116A116A116A116A116A116A116A116A99
:10ABE4004C1608A508A508A508A508A508A508A544
:10ABF40008A508A508A508A54C16116A116A116ACA
:10AC0400116A116A116A116A116A116A116A116A68
:10AC1400116A116A116A116A116A116A116A116A58
:10AC2400116A116A116A116A116A116A116A116A48
:10AC3400116A116A116A116A116A116A116A116A38
:10AC4400116A116ACEFECEFE116A116A116A116A86
:10AC5400116A116ACEFECEFE116A116A116A116A76
:10AC6400116A116ACEFECEFE116A116A116A116A66
:10AC7400116A116A116A116A116A116A116A116AF8
:10AC8400116A116A116A116A116A116A116A116AE8
:10AC9400116A116A116A116A116A116A116A116AD8
:10ACA400116A116A116A116A116A116A116A116AC8
:10ACB4004C1608A508A508A508A508A508A508A573
:10ACC40008A508A508A508A535BC35BC12701270E6
:10ACD4001270127012701270127012701270127060
:10ACE4001270127012701270127012701270127050
:10ACF4001270127012701270127012701270127040
:10AD0400127012701270127012701270127012702F
:10AD14001270127012701270FFFFFFFF1270127027
:10AD24001270127012701270127012701270FFFF93
:10AD340012701270127012701270127012701270FF
:10AD440012701270127012701270127012701270EF
:10AD540012701270127012701270127012701270DF
:10AD640012701270127012701270127012701270CF
:10AD7400127012701270127012701270127035BC50
:10AD840035BC08A508A508A508A508A508A508A513
:10AD940008A508A508A508A508A508A508A508A547
:10ADA40008A508A508A508A54C16116A116A116A18
:10ADB400116A116A116A116A116A116A116A116AB7
:10ADC400116A116A116A116A116A116A116A116AA7
:10ADD400116A116A116A116A116A116A116A116A97
:10ADE400116A116A116A116A116A116A116A116A87
:10ADF400116ACEFECEFECEFE116A116A116A116A84
:10AE0400116A116A116A116A116A116A116A116A66
:10AE1400116ACEFECEFECEFE116A116A116A116A63
:10AE2400116A116A116A116A116A116A116A116A46
:10AE3400116A116A116A116A116A116A116A116A36
:10AE4400116A116A116A116A116A116A116A116A26
:10AE5400116A116A116A116A116A116A116A116A16
:10AE64004C1608A508A508A508A508A508A508A5C1
:10AE740008A508A508A508A54C16116A116A116A47
:10AE8400116A116A116A116A116A116A116A116AE6
:10AE9400116A116A116A116A116A116A116A116AD6
:10AEA400116A116A116A116A116A116A116A116AC6
:10AEB400116A116A116A116A116A116A116A116AB6
:10AEC400116A116ACEFECEFE116A116A116A116A04
:10AED400116A116ACEFECEFE116A116A116A116AF4
:10AEE400116ACEFECEFECEFE116A116A116A116A93
:10AEF400116A116A116A116A116A116A116A116A76
:10AF0400116A116A116A116A116A116A116A116A65
:10AF1400116A116A116A116A116A116A116A116A55
:10AF2400116A116A116A116A116A116A116A116A45
:10AF34004C1608A508A508A508A508A508A508A5F0
:10AF440008A508A508A508A535BC35BC1270127063
:10AF540012701270127012701270127012701270DD
:10AF640012701270127012701270127012701270CD
:10AF740012701270127012701270127012701270BD
:10AF840012701270127012701270127012701270AD
:10AF9400127012701270FFFF127012701270127021
:10AFA400127012701270127012701270127012708D
:10AFB400FFFFFFFF12701270127012701270127085
:10AFC400127012701270127012701270127012706D
:10AFD400127012701270127012701270127012705D
:10AFE400127012701270127012701270127012704D
:10AFF400127012701270127012701270127035BCCE
:10B0040035BC08A508A508A508A508A508A508A590
:10B0140008A508A508A508A508A508A508A508A5C4
:10B0240008A508A508A508A54C16116A116A116A95
:10B03400116A116A116A116A116A116A116A116A34
:10B04400116A116A116A116A116A116A116A116A24
:10B05400116A116A116A116A116A116A116A116A14
:10B06400116A116A116A116A116A116A116A116A04
:10B07400CEFECEFECEFE116A116A116A116ACEFEB0
:10B08400116A116A116A116A116A116A116A116AE4
:10B09400116A116ACEFECEFECEFE116A116A116AE1
:10B0A400116A116A116A116A116A116A116A116AC4
:10B0B400116A116A116A116A116A116A116A116AB4
:10B0C400116A116A116A116A116A116A116A116AA4
:10B0D400116A116A116A116A116A116A116A116A94
:10B0E4004C1608A508A508A508A508A508A508A53F
:10B0F40008A508A508A508A54C16116A116A116AC5
:10B10400116A116A116A116A116A116A116A116A63
:10B11400116A116A116A116A116A116A116A116A53
:10B12400116A116A116A116A116A116A116A116A43
:10B13400116A116A116A116A116A116A116A116A33
:10B14400116A116ACEFECEFE116A116A116A116A81
:10B15400116A116ACEFECEFE116A116A116A116A71
:10B16400CEFECEFECEFECEFECEFE116A116A116A6E
:10B17400116A116A116A116A116A116A116A116AF3
:10B18400116A116A116A116A116A116A116A116AE3
:10B19400116A116A116A116A116A116A116A116AD3
:10B1A400116A116A116A116A116A116A116A116AC3
:10B1B4004C1608A508A508A508A508A508A508A56E
:10B1C40008A508A508A508A535BC35BC12701270E1
:10B1D400127012701270127012701270127012705B
:10B1E400127012701270127012701270127012704B
:10B1F400127012701270127012701270127012703B
:10B20400127012701270127012701270127012702A
:10B214001270FFFFFFFF1270127012701270127022
:10B22400127012701270127012701270127012700A
:10B2340012701270FFFFFFFF127012701270127002
:10B2440012701270127012701270127012701270EA
:10B2540012701270127012701270127012701270DA
:10B2640012701270127012701270127012701270CA
:10B27400127012701270127012701270127035BC4B
:10B2840035BC08A508A508A508A508A508A508A50E
:10B2940008A508A508A508A508A508A508A508A542
:10B2A40008A508A508A508A54C16116A116A116A13
:10B2B400116A116A116A116A116A116A116A116AB2
:10B2C400116A116A116A116A116A116A116A116AA2
:10B2D400116A116A116A116A116A116A116A116A92
:10B2E400116A116A116A116A116A116A116A116A82
:10B2F400CEFECEFE116A116A116A116A116ACEFE7F
:10B30400CEFECEFE116A116A116A116A116A116ABF
:10B31400116A116A116ACEFECEFE116A116A116AAF
:10B32400116A116A116A116A116A116A116A116A41
:10B33400116A116A116A116A116A116A116A116A31
:10B34400116A116A116A116A116A116A116A116A21
:10B35400116A116A116A116A116A116A116A116A11
:10B364004C1608A508A508A508A508A508A508A5BC
:10B3740008A508A508A508A54C16116A116A116A42
:10B38400116A116A116A116A116A116A116A116AE1
:10B39400116A116A116A116A116A116A116A116AD1
:10B3A400116A116A116A116A116A116A116A116AC1
:10B3B400116A116A116A116A116A116A116A116AB1
:10B3C400116ACEFECEFECEFE116A116A116A116AAE
:10B3D400116A116ACEFECEFE116A116A116ACEFE9E
:10B3E400CEFECEFECEFECEFECEFECEFE116A116A9B
:10B3F400116A116A116A116A116A116A116A116A71
:10B40400116A116A116A116A116A116A116A116A60
:10B41400116A116A116A116A116A116A116A116A50
:10B42400116A116A116A116A116A116A116A116A40
:10B434004C1608A508A508A508A508A508A508A5EB
:10B4440008A508A508A508A535BC35BC127012705E
:10B4540012701270127012701270127012701270D8
:10B4640012701270127012701270127012701270C8
:10B4740012701270127012701270127012701270B8
:10B484001270127012701270127012701270FFFF2C
:10B49400FFFF12701270127012701270127012701C
:10B4A4001270127012701270127012701270127088
:10B4B4001270127012701270FFFFFFFF1270127080
:10B4C4001270127012701270127012701270127068
:10B4D4001270127012701270127012701270127058
:10B4E4001270127012701270127012701270127048
:10B4F400127012701270127012701270127035BCC9
:10B5040035BC08A508A508A508A508A508A508A58B
:10B5140008A508A508A508A508A508A508A508A5BF
:10B5240008A508A508A508A54C16116A116A116A90
:10B53400116A116A116A116A116A116A116A116A2F
:10B54400116A116A116A116A116A116A116A116A1F
:10B55400116A116A116A116A116A116A116A116A0F
:10B56400116A116A116A116A116A116A116ACEFEAE
:10B57400CEFE116A116A116A116A116A116ACEFE4D
:10B58400CEFECEFECEFE116A116A116A116A116AEC
:10B59400116A116A116A116ACEFECEFE116A116A2D
:10B5A400116A116A116A116A116A116A116A116ABF
:10B5B400116A116A116A116A116A116A116A116AAF
:10B5C400116A116A116A116A116A116A116A116A9F
:10B5D400116A116A116A116A116A116A116A116A8F
:10B5E4004C1608A508A508A508A508A508A508A53A
:10B5F40008A508A508A508A54C16116A116A116AC0
:10B60400116A116A116A116A116A116A116A116A5E
:10B61400116A116A116A116A116A116A116A116A4E
:10B62400116A116A116A116A116A116A116A116A3E
:10B63400116A116A116A116A116A116A116A116A2E
:10B64400CEFECEFECEFECEFECEFE116A116A116A89
:10B65400116A116ACEFECEFE116A116A116ACEFE1B
:10B66400CEFECEFECEFECEFECEFECEFE116A116A18
:10B67400116A116A116A116A116A116A116A116AEE
:10B68400116A116A116A116A116A116A116A116ADE
:10B69400116A116A116A116A116A116A116A116ACE
:10B6A400116A116A116A116A116A116A116A116ABE
:10B6B4004C1608A508A508A508A508A508A508A569
:10B6C40008A508A508A508A535BC35BC12701270DC
:10B6D4001270127012701270127012701270127056
:10B6E4001270127012701270127012701270127046
:10B6F4001270127012701270127012701270127036
:10B70400127012701270127012701270FFFFFFFF2D
:10B714001270127012701270127012701270127015
:10B724001270127012701270127012701270127005
:10B73400127012701270127012701270FFFFFFFFFD
:10B7440012701270127012701270127012701270E5
:10B7540012701270127012701270127012701270D5
:10B7640012701270127012701270127012701270C5
:10B77400127012701270127012701270127035BC46
:10B7840035BC08A508A508A508A508A508A508A509
:10B7940008A508A508A508A508A508A508A508A53D
:10B7A40008A508A508A508A54C16116A116A116A0E
:10B7B400116A116A116A116A116A116A116A116AAD
:10B7C400116A116A116A116A116A116A116A116A9D
:10B7D400116A116A116A116A116A116A116A116A8D
:10B7E400116A116A116A116A116A116A116ACEFE2C
:10B7F400CEFE116A116A116A116A116A116ACEFECB
:10B80400CEFECEFECEFECEFECEFE116A116A116AC7
:10B81400116A116A116A116ACEFECEFE116A116AAA
:10B82400116A116A116A116A116A116A116A116A3C
:10B83400116A116A116A116A116A116A116A116A2C
:10B84400116A116A116A116A116A116A116A116A1C
:10B85400116A116A116A116A116A116A116A116A0C
:10B864004C1608A508A508A508A508A508A508A5B7
:10B8740008A508A508A508A54C16116A116A116A3D
:10B88400116A116A116A116A116A116A116A116ADC
:10B89400116A116A116A116A116A116A116A116ACC
:10B8A400116A116A116A116A116A116A116A116ABC
:10B8B400116A116A116A116A116A116A116ACEFE5B
:10B8C400CEFECEFECEFECEFECEFECEFE116A116AB6
:10B8D400116A116ACEFECEFE116A116A116ACEFE99
:10B8E400CEFECEFECEFECEFECEFECEFE116A116A96
:10B8F400116A116A116A116A116A116A116A116A6C
:10B90400116A116A116A116A116A116A116A116A5B
:10B91400116A116A116A116A116A116A116A116A4B
:10B92400116A116A116A116A116A116A116A116A3B
:10B934004C1608A508A508A508A508A508A508A5E6
:10B9440008A508A508A508A535BC35BC1270127059
:10B9540012701270127012701270127012701270D3
:10B9640012701270127012701270127012701270C3
:10B9740012701270127012701270127012701270B3
:10B98400127012701270127012701270FFFFFFFFAB
:10B99400FFFF127012701270127012701270127017
:10B9A4001270127012701270127012701270127083
:10B9B4001270127012701270FFFFFFFFFFFFFFFF83
:10B9C4001270127012701270127012701270127063
:10B9D4001270127012701270127012701270127053
:10B9E4001270127012701270127012701270127043
:10B9F400127012701270127012701270127035BCC4
:10BA040035BC08A508A508A508A508A508A508A586
:10BA140008A508A508A508A508A508A508A508A5BA
:10BA240008A508A508A508A54C16116A116A116A8B
:10BA3400116A116A116A116A116A116A116A116A2A
:10BA4400116A116A116A116A116A116A116A116A1A
:10BA5400116A116A116A116A116A116A116A116A0A
:10BA6400116A116A116A116A116A116ACEFECEFE58
:10BA7400116A116A116A116A116A116A116ACEFE99
:10BA8400CEFECEFECEFECEFECEFECEFE116A116AF4
:10BA9400116A116A116A116A116ACEFECEFE116A28
:10BAA400116A116A116A116A116A116A116A116ABA
:10BAB400116A116A116A116A116A116A116A116AAA
:10BAC400116A116A116A116A116A116A116A116A9A
:10BAD400116A116A116A116A116A116A116A116A8A
:10BAE4004C1608A508A508A508A508A508A508A535
:10BAF40008A508A508A508A54C16116A116A116ABB
:10BB0400116A116A116A116A116A116A116A116A59
:10BB1400116A116A116A116A116A116A116A116A49
:10BB2400116A116A116A116A116A116A116A116A39
:10BB3400116A116A116A116A116A116A116ACEFED8
:10BB4400CEFECEFECEFECEFECEFECEFE116A116A33
:10BB5400116A116ACEFECEFE116A116A116A116A67
:10BB6400CEFECEFECEFECEFECEFE116A116A116A64
:10BB7400116A116A116A116A116A116A116A116AE9
:10BB8400116A116A116A116A116A116A116A116AD9
:10BB9400116A116A116A116A116A116A116A116AC9
:10BBA400116A116A116A116A116A116A116A116AB9
:10BBB4004C1608A508A508A508A508A508A508A564
:10BBC40008A508A508A508A535BC35BC12701270D7
:10BBD4001270127012701270127012701270127051
:10BBE4001270127012701270127012701270127041
:10BBF4001270127012701270127012701270127031
:10BC0400127012701270127012701270FFFFFFFF28
:10BC14001270FFFFFFFF1270127012701270127018
:10BC24001270127012701270127012701270127000
:10BC340012701270FFFFFFFF12701270FFFFFFFF00
:10BC440012701270127012701270127012701270E0
:10BC540012701270127012701270127012701270D0
:10BC640012701270127012701270127012701270C0
:10BC7400127012701270127012701270127035BC41
:10BC840035BC08A508A508A508A508A508A508A504
:10BC940008A508A508A508A508A508A508A508A538
:10BCA40008A508A508A508A54C16116A116A116A09
:10BCB400116A116A116A116A116A116A116A116AA8
:10BCC400116A116A116A116A116A116A116A116A98
:10BCD400116A116A116A116A116A116A116A116A88
:10BCE400116A116A116A116A116A116ACEFECEFED6
:10BCF400116A116A116A116A116A116A116ACEFE17
:10BD0400CEFECEFECEFECEFECEFECEFECEFECEFECF
:10BD1400116A116A116A116A116ACEFECEFE116AA5
:10BD2400116A116A116A116A116A116A116A116A37
:10BD3400116A116A116A116A116A116A116A116A27
:10BD4400116A116A116A116A116A116A116A116A17
:10BD5400116A116A116A116A116A116A116A116A07
:10BD64004C1608A508A508A508A508A508A508A5B2
:10BD740008A508A508A508A54C16116A116A116A38
:10BD8400116A116A116A116A116A116A116A116AD7
:10BD9400116A116A116A116A116A116A116A116AC7
:10BDA400116A116A116A116A116A116A116A116AB7
:10BDB400116A116A116A116A116A116A116ACEFE56
:10BDC400CEFECEFECEFECEFECEFECEFE116A116AB1
:10BDD400116A116ACEFECEFE116A116A116A116AE5
:10BDE400116ACEFECEFECEFE116A116A116A116A84
:10BDF400116A116A116A116A116A116A116A116A67
:10BE0400116A116A116A116A116A116A116A116A56
:10BE1400116A116A116A116A116A116A116A116A46
:10BE2400116A116A116A116A116A116A116A116A36
:10BE34004C1608A508A508A508A508A508A508A5E1
:10BE440008A508A508A508A535BC35BC1270127054
:10BE540012701270127012701270127012701270CE
:10BE640012701270127012701270127012701270BE
:10BE740012701270127012701270127012701270AE
:10BE8400127012701270127012701270FFFFFFFFA6
:10BE9400127012701270FFFFFFFF12701270127096
:10BEA400127012701270127012701270127012707E
:10BEB4001270FFFF1270127012701270FFFFFFFFFA
:10BEC400127012701270127012701270127012705E
:10BED400127012701270127012701270127012704E
:10BEE400127012701270127012701270127012703E
:10BEF400127012701270127012701270127035BCBF
:10BF040035BC08A508A508A508A508A508A508A581
:10BF140008A508A508A508A508A508A508A508A5B5
:10BF240008A508A508A508A54C16116A116A116A86
:10BF3400116A116A116A116A116A116A116A116A25
:10BF4400116A116A116A116A116A116A116A116A15
:10BF5400116A116A116A116A116A116A116A116A05
:10BF6400116A116A116A116A116A116ACEFECEFE53
:10BF7400116A116A116A116A116A116A116ACEFE94
:10BF8400CEFECEFECEFECEFECEFECEFECEFECEFE4D
:10BF9400CEFE116A116A116A116ACEFECEFE116AD2
:10BFA400116A116A116A116A116A116A116A116AB5
:10BFB400116A116A116A116A116A116A116A116AA5
:10BFC400116A116A116A116A116A116A116A116A95
:10BFD400116A116A116A116A116A116A116A116A85
:10BFE4004C1608A508A508A508A508A508A508A530
:10BFF40008A508A508A508A54C16116A116A116AB6
:10C00400116A116A116A116A116A116A116A116A54
:10C01400116A116A116A116A116A116A116A116A44
:10C02400116A116A116A116A116A116A116A116A34
:10C03400116A116A116A116A116A116A116A116A24
:10C04400CEFECEFECEFECEFECEFE116A116A116A7F
:10C05400116A116ACEFECEFE116A116A116A116A62
:10C06400116A116ACEFECEFE116A116A116A116A52
:10C07400116A116A116A116A116A116A116A116AE4
:10C08400116A116A116A116A116A116A116A116AD4
:10C09400116A116A116A116A116A116A116A116AC4
:10C0A400116A116A116A116A116A116A116A116AB4
:10C0B4004C1608A508A508A508A508A508A508A55F
:10C0C40008A508A508A508A535BC35BC12701270D2
:10C0D400127012701270127012701270127012704C
:10C0E400127012701270127012701270127012703C
:10C0F400127012701270127012701270127012702C
:10C10400127012701270127012701270FFFFFFFF23
:10C1140012701270127012701270FFFF127012708F
:10C124001270127012701270127012701270FFFF7F
:10C13400FFFF12701270127012701270FFFFFFFF77
:10C1440012701270127012701270127012701270DB
:10C1540012701270127012701270127012701270CB
:10C1640012701270127012701270127012701270BB
:10C17400127012701270127012701270127035BC3C
:10C1840035BC08A508A508A508A508A508A508A5FF
:10C1940008A508A508A508A508A508A508A508A533
:10C1A40008A508A508A508A54C16116A116A116A04
:10C1B400116A116A116A116A116A116A116A116AA3
:10C1C400116A116A116A116A116A116A116A116A93
:10C1D400116A116A116A116A116A116A116A116A83
:10C1E400116A116A116A116A116A116ACEFECEFED1
:10C1F400116A116A116A116A116A116A116ACEFE12
:10C20400CEFECEFECEFECEFECEFECEFECEFECEFECA
:10C21400CEFECEFECEFE116A116ACEFECEFE116AAD
:10C22400116A116A116A116A116A116A116A116A32
:10C23400116A116A116A116A116A116A116A116A22
:10C24400116A116A116A116A116A116A116A116A12
:10C25400116A116A116A116A116A116A116A116A02
:10C264004C1608A508A508A508A508A508A508A5AD
:10C2740008A508A508A508A54C16116A116A116A33
:10C28400116A116A116A116A116A116A116A116AD2
:10C29400116A116A116A116A116A116A116A116AC2
:10C2A400116A116A116A116A116A116A116A116AB2
:10C2B400116A116A116A116A116A116A116A116AA2
:10C2C400116ACEFECEFECEFE116A116A116A116A9F
:10C2D400116A116ACEFECEFE116A116A116A116AE0
:10C2E400116A116ACEFECEFE116A116A116A116AD0
:10C2F400116A116A116A116A116A116A116A116A62
:10C30400116A116A116A116A116A116A116A116A51
:10C31400116A116A116A116A116A116A116A116A41
:10C32400116A116A116A116A116A116A116A116A31
:10C334004C1608A508A508A508A508A508A508A5DC
:10C3440008A508A508A508A535BC35BC127012704F
:10C3540012701270127012701270127012701270C9
:10C3640012701270127012701270127012701270B9
:10C3740012701270127012701270127012701270A9
:10C38400127012701270127012701270FFFFFFFFA1
:10C39400127012701270127012701270FFFFFFFF91
:10C3A40012701270127012701270FFFFFFFF127081
:10C3B400127012701270127012701270FFFFFFFF71
:10C3C4001270127012701270127012701270127059
:10C3D4001270127012701270127012701270127049
:10C3E4001270127012701270127012701270127039
:10C3F400127012701270127012701270127035BCBA
:10C4040035BC08A508A508A508A508A508A508A57C
:10C4140008A508A508A508A508A508A508A508A5B0
:10C4240008A508A508A508A54C16116A116A116A81
:10C43400116A116A116A116A116A116A116A116A20
:10C44400116A116A116A116A116A116A116A116A10
:10C45400116A116A116A116A116A116A116A116A00
:10C46400116A116A116A116A116A116ACEFECEFE4E
:10C47400116A116A116A116A116A116A116ACEFE8F
:10C48400CEFECEFECEFECEFECEFECEFECEFECEFE48
:10C49400CEFE116A116A116A116ACEFECEFE116ACD
:10C4A400116A116A116A116A116A116A116A116AB0
:10C4B400116A116A116A116A116A116A116A116AA0
:10C4C400116A116A116A116A116A116A116A116A90
:10C4D400116A116A116A116A116A116A116A116A80
:10C4E4004C1608A508A508A508A508A508A508A52B
:10C4F40008A508A508A508A54C16116A116A116AB1
:10C50400116A116A116A116A116A116A116A116A4F
:10C51400116A116A116A116A116A116A116A116A3F
:10C52400116A116A116A116A116A116A116A116A2F
:10C53400116A116A116A116A116A116A116A116A1F
:10C54400116A116ACEFECEFE116A116A116A116A6D
:10C55400116A116ACEFECEFE116A116A116A116A5D
:10C56400116A116ACEFECEFE116A116A116A116A4D
:10C57400116A116A116A116A116A116A116A116ADF
:10C58400116A116A116A116A116A116A116A116ACF
:10C59400116A116A116A116A116A116A116A116ABF
:10C5A400116A116A116A116A116A116A116A116AAF
:10C5B4004C1608A508A508A508A508A508A508A55A
:10C5C40008A508A508A508A535BC35BC12701270CD
:10C5D4001270127012701270127012701270127047
:10C5E4001270127012701270127012701270127037
:10C5F4001270127012701270127012701270127027
:10C60400127012701270127012701270FFFFFFFF1E
:10C614001270127012701270127012701270127006
:10C62400FFFFFFFF1270FFFFFFFF12701270127006
:10C63400127012701270127012701270FFFFFFFFEE
:10C6440012701270127012701270127012701270D6
:10C6540012701270127012701270127012701270C6
:10C6640012701270127012701270127012701270B6
:10C67400127012701270127012701270127035BC37
:10C6840035BC08A508A508A508A508A508A508A5FA
:10C6940008A508A508A508A508A508A508A508A52E
:10C6A40008A508A508A508A54C16116A116A116AFF
:10C6B400116A116A116A116A116A116A116A116A9E
:10C6C400116A116A116A116A116A116A116A116A8E
:10C6D400116A116A116A116A116A116A116A116A7E
:10C6E400116A116A116A116A116A116ACEFECEFECC
:10C6F400116A116A116A116A116A116A116ACEFE0D
:10C70400CEFECEFECEFECEFECEFECEFECEFECEFEC5
:10C71400116A116A116A116A116ACEFECEFE116A9B
:10C72400116A116A116A116A116A116A116A116A2D
:10C73400116A116A116A116A116A116A116A116A1D
:10C74400116A116A116A116A116A116A116A116A0D
:10C75400116A116A116A116A116A116A116A116AFD
:10C764004C1608A508A508A508A508A508A508A5A8
:10C7740008A508A508A508A54C16116A116A116A2E
:10C78400116A116A116A116A116A116A116A116ACD
:10C79400116A116A116A116A116A116A116A116ABD
:10C7A400116A116A116A116A116A116A116A116AAD
:10C7B400116A116A116A116A116A116A116A116A9D
:10C7C400116A116ACEFECEFE116A116A116A116AEB
:10C7D400116ACEFECEFECEFE116A116A116A116A8A
:10C7E400116A116ACEFECEFE116A116A116A116ACB
:10C7F400116A116A116A116A116A116A116A116A5D
:10C80400116A116A116A116A116A116A116A116A4C
:10C81400116A116A116A116A116A116A116A116A3C
:10C82400116A116A116A116A116A116A116A116A2C
:10C834004C1608A508A508A508A508A508A508A5D7
:10C8440008A508A508A508A535BC35BC127012704A
:10C8540012701270127012701270127012701270C4
:10C8640012701270127012701270127012701270B4
:10C8740012701270127012701270127012701270A4
:10C88400127012701270127012701270FFFFFFFF9C
:10C894001270127012701270127012701270127084
:10C8A4001270FFFFFFFF127012701270127012707C
:10C8B400127012701270127012701270FFFFFFFF6C
:10C8C4001270127012701270127012701270127054
:10C8D4001270127012701270127012701270127044
:10C8E4001270127012701270127012701270127034
:10C8F400127012701270127012701270127035BCB5
:10C9040035BC08A508A508A508A508A508A508A577
:10C9140008A508A508A508A508A508A508A508A5AB
:10C9240008A508A508A508A54C16116A116A116A7C
:10C93400116A116A116A116A116A116A116A116A1B
:10C94400116A116A116A116A116A116A116A116A0B
:10C95400116A116A116A116A116A116A116A116AFB
:10C96400116A116A116A116A116A116ACEFECEFE49
:10C97400116A116A116A116A116A116A116ACEFE8A
:10C98400CEFECEFECEFECEFECEFECEFE116A116AE5
:10C99400116A116A116A116A116ACEFECEFE116A19
:10C9A400116A116A116A116A116A116A116A116AAB
:10C9B400116A116A116A116A116A116A116A116A9B
:10C9C400116A116A116A116A116A116A116A116A8B
:10C9D400116A116A116A116A116A116A116A116A7B
:10C9E4004C1608A508A508A508A508A508A508A526
:10C9F40008A508A508A508A54C16116A116A116AAC
:10CA0400116A116A116A116A116A116A116A116A4A
:10CA1400116A116A116A116A116A116A116A116A3A
:10CA2400116A116A116A116A116A116A116A116A2A
:10CA3400116A116A116A116A116A116A116A116A1A
:10CA4400116A116ACEFECEFE116A116A116A116A68
:10CA5400CEFECEFECEFECEFECEFE116A116A116A65
:10CA6400116A116ACEFECEFE116A116A116A116A48
:10CA7400116A116A116A116A116A116A116A116ADA
:10CA8400116A116A116A116A116A116A116A116ACA
:10CA9400116A116A116A116A116A116A116A116ABA
:10CAA400116A116A116A116A116A116A116A116AAA
:10CAB4004C1608A508A508A508A508A508A508A555
:10CAC40008A508A508A508A535BC35BC12701270C8
:10CAD4001270127012701270127012701270127042
:10CAE4001270127012701270127012701270127032
:10CAF4001270127012701270127012701270127022
:10CB0400127012701270127012701270FFFFFFFF19
:10CB14001270127012701270127012701270127001
:10CB24001270FFFFFFFF12701270127012701270F9
:10CB3400127012701270127012701270FFFFFFFFE9
:10CB440012701270127012701270127012701270D1
:10CB540012701270127012701270127012701270C1
:10CB640012701270127012701270127012701270B1
:10CB7400127012701270127012701270127035BC32
:10CB840035BC08A508A508A508A508A508A508A5F5
:10CB940008A508A508A508A508A508A508A508A529
:10CBA40008A508A508A508A54C16116A116A116AFA
:10CBB400116A116A116A116A116A116A116A116A99
:10CBC400116A116A116A116A116A116A116A116A89
:10CBD400116A116A116A116A116A116A116A116A79
:10CBE400116A116A116A116A116A116A116ACEFE18
:10CBF400CEFE116A116A116A116A116A116ACEFEB7
:10CC0400CEFECEFECEFECEFECEFE116A116A116AB3
:10CC1400116A116A116A116ACEFECEFE116A116A96
:10CC2400116A116A116A116A116A116A116A116A28
:10CC3400116A116A116A116A116A116A116A116A18
:10CC4400116A116A116A116A116A116A116A116A08
:10CC5400116A116A116A116A116A116A116A116AF8
:10CC64004C1608A508A508A508A508A508A508A5A3
:10CC740008A508A508A508A54C16116A116A116A29
:10CC8400116A116A116A116A116A116A116A116AC8
:10CC9400116A116A116A116A116A116A116A116AB8
:10CCA400116A116A116A116A116A116A116A116AA8
:10CCB400116A116A116A116A116A116A116A116A98
:10CCC400116A116ACEFECEFE116A116A116ACEFE95
:10CCD400CEFECEFECEFECEFECEFECEFE116A116A92
:10CCE400116A116ACEFECEFE116A116A116A116AC6
:10CCF400116A116A116A116A116A116A116A116A58
:10CD0400116A116A116A116A116A116A116A116A47
:10CD1400116A116A116A116A116A116A116A116A37
:10CD2400116A116A116A116A116A116A116A116A27
:10CD34004C1608A508A508A508A508A508A508A5D2
:10CD440008A508A508A508A535BC35BC1270127045
:10CD540012701270127012701270127012701270BF
:10CD640012701270127012701270127012701270AF
:10CD7400127012701270127012701270127012709F
:10CD8400127012701270127012701270FFFFFFFF97
:10CD9400127012701270127012701270127012707F
:10CDA4001270FFFFFFFF1270127012701270127077
:10CDB400127012701270127012701270FFFFFFFF67
:10CDC400127012701270127012701270127012704F
:10CDD400127012701270127012701270127012703F
:10CDE400127012701270127012701270127012702F
:10CDF400127012701270127012701270127035BCB0
:10CE040035BC08A508A508A508A508A508A508A572
:10CE140008A508A508A508A508A508A508A508A5A6
:10CE240008A508A508A508A54C16116A116A116A77
:10CE3400116A116A116A116A116A116A116A116A16
:10CE4400116A116A116A116A116A116A116A116A06
:10CE5400116A116A116A116A116A116A116A116AF6
:10CE6400116A116A116A116A116A116A116ACEFE95
:10CE7400CEFE116A116A116A116A116A116ACEFE34
:10CE8400CEFECEFECEFE116A116A116A116A116AD3
:10CE9400116A116A116A116ACEFECEFE116A116A14
:10CEA400116A116A116A116A116A116A116A116AA6
:10CEB400116A116A116A116A116A116A116A116A96
:10CEC400116A116A116A116A116A116A116A116A86
:10CED400116A116A116A116A116A116A116A116A76
:10CEE4004C1608A508A508A508A508A508A508A521
:10CEF40008A508A508A508A54C16116A116A116AA7
:10CF0400116A116A116A116A116A116A116A116A45
:10CF1400116A116A116A116A116A116A116A116A35
:10CF2400116A116A116A116A116A116A116A116A25
:10CF3400116A116A116A116A116A116A116A116A15
:10CF4400116A116ACEFECEFE116A116A116ACEFE12
:10CF5400CEFECEFECEFECEFECEFECEFE116A116A0F
:10CF6400116A116ACEFECEFE116A116A116A116A43
:10CF7400116A116A116A116A116A116A116A116AD5
:10CF8400116A116A116A116A116A116A116A116AC5
:10CF9400116A116A116A116A116A116A116A116AB5
:10CFA400116A116A116A116A116A116A116A116AA5
:10CFB4004C1608A508A508A508A508A508A508A550
:10CFC40008A508A508A508A535BC35BC12701270C3
:10CFD400127012701270127012701270127012703D
:10CFE400127012701270127012701270127012702D
:10CFF400127012701270127012701270127012701D
:10D00400127012701270127012701270FFFFFFFF14
:10D0140012701270127012701270127012701270FC
:10D024001270FFFFFFFF12701270127012701270F4
:10D0340012701270FFFFFFFFFFFFFFFFFFFFFFFFF4
:10D04400FFFFFFFF127012701270127012701270D4
:10D0540012701270127012701270127012701270BC
:10D0640012701270127012701270127012701270AC
:10D07400127012701270127012701270127035BC2D
:10D0840035BC08A508A508A508A508A508A508A5F0
:10D0940008A508A508A508A508A508A508A508A524
:10D0A40008A508A508A508A54C16116A116A116AF5
:10D0B400116A116A116A116A116A116A116A116A94
:10D0C400116A116A116A116A116A116A116A116A84
:10D0D400116A116A116A116A116A116A116A116A74
:10D0E400116A116A116A116A116A116A116A116A64
:10D0F400CEFECEFE116A116A116A116A116ACEFE61
:10D10400CEFECEFE116A116A116A116A116A116AA1
:10D11400116A116A116ACEFECEFE116A116A116A91
:10D12400116A116A116A116A116A116A116A116A23
:10D13400116A116A116A116A116A116A116A116A13
:10D14400116A116A116A116A116A116A116A116A03
:10D15400116A116A116A116A116A116A116A116AF3
:10D164004C1608A508A508A508A508A508A508A59E
:10D1740008A508A508A508A54C16116A116A116A24
:10D18400116A116A116A116A116A116A116A116AC3
:10D19400116A116A116A116A116A116A116A116AB3
:10D1A400116A116A116A116A116A116A116A116AA3
:10D1B400116A116A116A116A116A116A116A116A93
:10D1C400116A116ACEFECEFE116A116A116ACEFE90
:10D1D400CEFECEFECEFECEFECEFECEFE116A116A8D
:10D1E400116A116ACEFECEFE116A116A116A116AC1
:10D1F400116A116A116A116A116A116A116A116A53
:10D20400116A116A116A116A116A116A116A116A42
:10D21400116A116A116A116A116A116A116A116A32
:10D22400116A116A116A116A116A116A116A116A22
:10D234004C1608A508A508A508A508A508A508A5CD
:10D2440008A508A508A508A535BC35BC1270127040
:10D2540012701270127012701270127012701270BA
:10D2640012701270127012701270127012701270AA
:10D27400127012701270127012701270127012709A
:10D28400127012701270127012701270FFFFFFFF92
:10D29400127012701270127012701270127012707A
:10D2A4001270FFFFFFFF1270127012701270127072
:10D2B40012701270FFFFFFFFFFFFFFFFFFFFFFFF72
:10D2C400FFFFFFFF12701270127012701270127052
:10D2D400127012701270127012701270127012703A
:10D2E400127012701270127012701270127012702A
:10D2F400127012701270127012701270127035BCAB
:10D3040035BC08A508A508A508A508A508A508A56D
:10D3140008A508A508A508A508A508A508A508A5A1
:10D3240008A508A508A508A54C16116A116A116A72
:10D33400116A116A116A116A116A116A116A116A11
:10D34400116A116A116A116A116A116A116A116A01
:10D35400116A116A116A116A116A116A116A116AF1
:10D36400116A116A116A116A116A116A116A116AE1
:10D37400CEFECEFECEFE116A116A116A116ACEFE8D
:10D38400116A116A116A116A116A116A116A116AC1
:10D39400116A116ACEFECEFECEFE116A116A116ABE
:10D3A400116A116A116A116A116A116A116A116AA1
:10D3B400116A116A116A116A116A116A116A116A91
:10D3C400116A116A116A116A116A116A116A116A81
:10D3D400116A116A116A116A116A116A116A116A71
:10D3E4004C1608A508A508A508A508A508A508A51C
:10D3F40008A508A508A508A54C16116A116A116AA2
:10D40400116A116A116A116A116A116A116A116A40
:10D41400116A116A116A116A116A116A116A116A30
:10D42400116A116A116A116A116A116A116A116A20
:10D43400116A116A116A116A116A116A116A116A10
:10D44400116A116ACEFECEFE116A116A116A116A5E
:10D45400CEFECEFECEFECEFECEFE116A116A116A5B
:10D46400116A116ACEFECEFE116A116A116A116A3E
:10D47400116A116A116A116A116A116A116A116AD0
:10D48400116A116A116A116A116A116A116A116AC0
:10D49400116A116A116A116A116A116A116A116AB0
:10D4A400116A116A116A116A116A116A116A116AA0
:10D4B4004C1608A508A508A508A508A508A508A54B
:10D4C40008A508A508A508A535BC35BC12701270BE
:10D4D4001270127012701270127012701270127038
:10D4E4001270127012701270127012701270127028
:10D4F4001270127012701270127012701270127018
:10D50400127012701270127012701270FFFFFFFF0F
:10D5140012701270127012701270127012701270F7
:10D524001270FFFFFFFF12701270127012701270EF
:10D53400127012701270127012701270FFFFFFFFDF
:10D5440012701270127012701270127012701270C7
:10D5540012701270127012701270127012701270B7
:10D5640012701270127012701270127012701270A7
:10D57400127012701270127012701270127035BC28
:10D5840035BC08A508A508A508A508A508A508A5EB
:10D5940008A508A508A508A508A508A508A508A51F
:10D5A40008A508A508A508A54C16116A116A116AF0
:10D5B400116A116A116A116A116A116A116A116A8F
:10D5C400116A116A116A116A116A116A116A116A7F
:10D5D400116A116A116A116A116A116A116A116A6F
:10D5E400116A116A116A116A116A116A116A116A5F
:10D5F400116ACEFECEFECEFE116A116A116A116A5C
:10D60400116A116A116A116A116A116A116A116A3E
:10D61400116ACEFECEFECEFE116A116A116A116A3B
:10D62400116A116A116A116A116A116A116A116A1E
:10D63400116A116A116A116A116A116A116A116A0E
:10D64400116A116A116A116A116A116A116A116AFE
:10D65400116A116A116A116A116A116A116A116AEE
:10D664004C1608A508A508A508A508A508A508A599
:10D6740008A508A508A508A54C16116A116A116A1F
:10D68400116A116A116A116A116A116A116A116ABE
:10D69400116A116A116A116A116A116A116A116AAE
:10D6A400116A116A116A116A116A116A116A116A9E
:10D6B400116A116A116A116A116A116A116A116A8E
:10D6C400116A116ACEFECEFE116A116A116A116ADC
:10D6D400116ACEFECEFECEFE116A116A116A116A7B
:10D6E400116A116ACEFECEFE116A116A116A116ABC
:10D6F400116A116A116A116A116A116A116A116A4E
:10D70400116A116A116A116A116A116A116A116A3D
:10D71400116A116A116A116A116A116A116A116A2D
:10D72400116A116A116A116A116A116A116A116A1D
:10D734004C1608A508A508A508A508A508A508A5C8
:10D7440008A508A508A508A535BC35BC127012703B
:10D7540012701270127012701270127012701270B5
:10D7640012701270127012701270127012701270A5
:10D774001270127012701270127012701270127095
:10D78400127012701270127012701270FFFFFFFF8D
:10D794001270127012701270127012701270127075
:10D7A4001270FFFFFFFF127012701270127012706D
:10D7B4001270127012701270FFFFFFFFFFFFFFFF65
:10D7C4001270127012701270127012701270127045
:10D7D4001270127012701270127012701270127035
:10D7E4001270127012701270127012701270127025
:10D7F400127012701270127012701270127035BCA6
:10D8040035BC08A508A508A508A508A508A508A568
:10D8140008A508A508A508A508A508A508A508A59C
:10D8240008A508A508A508A54C16116A116A116A6D
:10D83400116A116A116A116A116A116A116A116A0C
:10D84400116A116A116A116A116A116A116A116AFC
:10D85400116A116A116A116A116A116A116A116AEC
:10D86400116A116A116A116A116A116A116A116ADC
:10D87400116A116ACEFECEFECEFE116A116A116AD9
:10D88400116A116A116A116A116A116A116A116ABC
:10D89400CEFECEFECEFE116A116A116A116A116AB9
:10D8A400116A116A116A116A116A116A116A116A9C
:10D8B400116A116A116A116A116A116A116A116A8C
:10D8C400116A116A116A116A116A116A116A116A7C
:10D8D400116A116A116A116A116A116A116A116A6C
:10D8E4004C1608A508A508A508A508A508A508A517
:10D8F40008A508A508A508A54C16116A116A116A9D
:10D90400116A116A116A116A116A116A116A116A3B
:10D91400116A116A116A116A116A116A116A116A2B
:10D92400116A116A116A116A116A116A116A116A1B
:10D93400116A116A116A116A116A116A116A116A0B
:10D94400116A116ACEFECEFE116A116A116A116A59
:10D95400116A116ACEFECEFE116A116A116A116A49
:10D96400116A116ACEFECEFE116A116A116A116A39
:10D97400116A116A116A116A116A116A116A116ACB
:10D98400116A116A116A116A116A116A116A116ABB
:10D99400116A116A116A116A116A116A116A116AAB
:10D9A400116A116A116A116A116A116A116A116A9B
:10D9B4004C1608A508A508A508A508A508A508A546
:10D9C40008A508A508A508A535BC35BC12701270B9
:10D9D4001270127012701270127012701270127033
:10D9E4001270127012701270127012701270127023
:10D9F4001270127012701270127012701270127013
:10DA0400127012701270127012701270FFFFFFFF0A
:10DA1400FFFFFFFF127012701270127012701270FA
:10DA24001270FFFFFFFF12701270127012701270EA
:10DA3400127012701270FFFFFFFFFFFFFFFFFFFF66
:10DA440012701270127012701270127012701270C2
:10DA540012701270127012701270127012701270B2
:10DA640012701270127012701270127012701270A2
:10DA7400127012701270127012701270127035BC23
:10DA840035BC08A508A508A508A508A508A508A5E6
:10DA940008A508A508A508A508A508A508A508A51A
:10DAA40008A508A508A508A54C16116A116A116AEB
:10DAB400116A116A116A116A116A116A116A116A8A
:10DAC400116A116A116A116A116A116A116A116A7A
:10DAD400116A116A116A116A116A116A116A116A6A
:10DAE400116A116A116A116A116A116A116A116A5A
:10DAF400116A116A116ACEFECEFECEFECEFE116A06
:10DB0400116A116A116A116A116A116ACEFECEFE97
:10DB1400CEFECEFE116A116A116A116A116A116A87
:10DB2400116A116A116A116A116A116A116A116A19
:10DB3400116A116A116A116A116A116A116A116A09
:10DB4400116A116A116A116A116A116A116A116AF9
:10DB5400116A116A116A116A116A116A116A116AE9
:10DB64004C1608A508A508A508A508A508A508A594
:10DB740008A508A508A508A54C16116A116A116A1A
:10DB8400116A116A116A116A116A116A116A116AB9
:10DB9400116A116A116A116A116A116A116A116AA9
:10DBA400116A116A116A116A116A116A116A116A99
:10DBB400116A116A116A116A116A116A116A116A89
:10DBC400116A116ACEFECEFE116A116A116A116AD7
:10DBD400116A116ACEFECEFE116A116A116A116AC7
:10DBE400116A116ACEFECEFE116A116A116A116AB7
:10DBF400116A116A116A116A116A116A116A116A49
:10DC0400116A116A116A116A116A116A116A116A38
:10DC1400116A116A116A116A116A116A116A116A28
:10DC2400116A116A116A116A116A116A116A116A18
:10DC34004C1608A508A508A508A508A508A508A5C3
:10DC440008A508A508A508A535BC35BC1270127036
:10DC540012701270127012701270127012701270B0
:10DC640012701270127012701270127012701270A0
:10DC74001270127012701270127012701270127090
:10DC84001270127012701270127012701270127080
:10DC9400FFFFFFFFFFFF12701270127012701270FC
:10DCA4001270FFFFFFFF1270127012701270127068
:10DCB4001270FFFFFFFFFFFFFFFF12701270127060
:10DCC4001270127012701270127012701270127040
:10DCD4001270127012701270127012701270127030
:10DCE4001270127012701270127012701270127020
:10DCF400127012701270127012701270127035BCA1
:10DD040035BC08A508A508A508A508A508A508A563
:10DD140008A508A508A508A508A508A508A508A597
:10DD240008A508A508A508A54C16116A116A116A68
:10DD3400116A116A116A116A116A116A116A116A07
:10DD4400116A116A116A116A116A116A116A116AF7
:10DD5400116A116A116A116A116A116A116A116AE7
:10DD6400116A116A116A116A116A116A116A116AD7
:10DD7400116A116A116A116A116ACEFECEFECEFED4
:10DD8400CEFECEFECEFECEFECEFECEFECEFECEFE2F
:10DD9400116A116A116A116A116A116A116A116AA7
:10DDA400116A116A116A116A116A116A116A116A97
:10DDB400116A116A116A116A116A116A116A116A87
:10DDC400116A116A116A116A116A116A116A116A77
:10DDD400116A116A116A116A116A116A116A116A67
:10DDE4004C1608A508A508A508A508A508A508A512
:10DDF40008A508A508A508A54C16116A116A116A98
:10DE0400116A116A116A116A116A116A116A116A36
:10DE1400116A116A116A116A116A116A116A116A26
:10DE2400116A116A116A116A116A116A116A116A16
:10DE3400116A116A116A116A116A116A116A116A06
:10DE4400116A116ACEFECEFE116A116A116A116A54
:10DE5400116A116ACEFECEFE116A116A116A116A44
:10DE6400116A116ACEFECEFE116A116A116A116A34
:10DE7400116A116A116A116A116A116A116A116AC6
:10DE8400116A116A116A116A116A116A116A116AB6
:10DE9400116A116A116A116A116A116A116A116AA6
:10DEA400116A116A116A116A116A116A116A116A96
:10DEB4004C1608A508A508A508A508A508A508A541
:10DEC40008A508A508A508A535BC35BC12701270B4
:10DED400127012701270127012701270127012702E
:10DEE400127012701270127012701270127012701E
:10DEF400127012701270127012701270127012700E
:10DF040012701270127012701270127012701270FD
:10DF14001270FFFFFFFFFFFFFFFF127012701270FD
:10DF24001270FFFFFFFF1270127012701270FFFF69
:10DF3400FFFFFFFFFFFF1270127012701270127059
:10DF440012701270127012701270127012701270BD
:10DF540012701270127012701270127012701270AD
:10DF6400127012701270127012701270127012709D
:10DF7400127012701270127012701270127035BC1E
:10DF840035BC08A508A508A508A508A508A508A5E1
:10DF940008A508A508A508A508A508A508A508A515
:10DFA40008A508A508A508A54C16116A116A116AE6
:10DFB400116A116A116A116A116A116A116A116A85
:10DFC400116A116A116A116A116A116A116A116A75
:10DFD400116A116A116A116A116A116A116A116A65
:10DFE400116A116A116A116A116A116A116A116A55
:10DFF400116A116A116A116A116A116A116ACEFEF4
:10E00400CEFECEFECEFECEFECEFECEFE116A116A4E
:10E01400116A116A116A116A116A116A116A116A24
:10E02400116A116A116A116A116A116A116A116A14
:10E03400116A116A116A116A116A116A116A116A04
:10E04400116A116A116A116A116A116A116A116AF4
:10E05400116A116A116A116A116A116A116A116AE4
:10E064004C1608A508A508A508A508A508A508A58F
:10E0740008A508A508A508A54C16116A116A116A15
:10E08400116A116A116A116A116A116A116A116AB4
:10E09400116A116A116A116A116A116A116A116AA4
:10E0A400116A116A116A116A116A116A116A116A94
:10E0B400116A116A116A116A116A116A116A116A84
:10E0C400116A116ACEFECEFE116A116A116A116AD2
:10E0D400116A116ACEFECEFE116A116A116A116AC2
:10E0E400116A116ACEFECEFE116A116A116A116AB2
:10E0F400116A116A116A116A116A116A116A116A44
:10E10400116A116A116A116A116A116A116A116A33
:10E11400116A116A116A116A116A116A116A116A23
:10E12400116A116A116A116A116A116A116A116A13
:10E134004C1608A508A508A508A508A508A508A5BE
:10E1440008A508A508A508A535BC35BC1270127031
:10E1540012701270127012701270127012701270AB
:10E16400127012701270127012701270127012709B
:10E17400127012701270127012701270127012708B
:10E18400127012701270127012701270127012707B
:10E19400127012701270FFFFFFFFFFFFFFFF12707B
:10E1A4001270FFFFFFFF12701270FFFFFFFFFFFFEF
:10E1B400FFFF1270127012701270127012701270CF
:10E1C400127012701270127012701270127012703B
:10E1D400127012701270127012701270127012702B
:10E1E400127012701270127012701270127012701B
:10E1F400127012701270127012701270127035BC9C
:10E2040035BC08A508A508A508A508A508A508A55E
:10E2140008A508A508A508A508A508A508A508A592
:10E2240008A508A508A508A54C16116A116A116A63
:10E23400116A116A116A116A116A116A116A116A02
:10E24400116A116A116A116A116A116A116A116AF2
:10E25400116A116A116A116A116A116A116A116AE2
:10E26400116A116A116A116A116A116A116A116AD2
:10E27400116A116A116A116A116A116A116A116AC2
:10E28400116A116A116A116A116A116A116A116AB2
:10E29400116A116A116A116A116A116A116A116AA2
:10E2A400116A116A116A116A116A116A116A116A92
:10E2B400116A116A116A116A116A116A116A116A82
:10E2C400116A116A116A116A116A116A116A116A72
:10E2D400116A116A116A116A116A116A116A116A62
:10E2E4004C1608A508A508A508A508A508A508A50D
:10E2F40008A508A508A508A54C16116A116A116A93
:10E30400116A116A116A116A116A116A116A116A31
:10E31400116A116A116A116A116A116A116A116A21
:10E32400116A116A116A116A116A116A116A116A11
:10E33400116A116A116A116A116A116A116A116A01
:10E34400116A116A116A116A116A116A116A116AF1
:10E35400116A116A116A116A116A116A116A116AE1
:10E36400116A116A116A116A116A116A116A116AD1
:10E37400116A116A116A116A116A116A116A116AC1
:10E38400116A116A116A116A116A116A116A116AB1
:10E39400116A116A116A116A116A116A116A116AA1
:10E3A400116A116A116A116A116A116A116A116A91
:10E3B4004C1608A508A508A508A508A508A508A53C
:10E3C40008A508A508A508A535BC35BC12701270AF
:10E3D4001270127012701270127012701270127029
:10E3E4001270127012701270127012701270127019
:10E3F4001270127012701270127012701270127009
:10E4040012701270127012701270127012701270F8
:10E4140012701270127012701270FFFFFFFFFFFF74
:10E42400FFFFFFFFFFFF1270FFFFFFFFFFFF1270F0
:10E4340012701270127012701270127012701270C8
:10E4440012701270127012701270127012701270B8
:10E4540012701270127012701270127012701270A8
:10E464001270127012701270127012701270127098
:10E47400127012701270127012701270127035BC19
:10E4840035BC08A508A508A508A508A508A508A5DC
:10E4940008A508A508A508A508A508A508A508A510
:10E4A40008A508A508A508A54C16116A116A116AE1
:10E4B400116A116A116A116A116A116A116A116A80
:10E4C400116A116A116A116A116A116A116A116A70
:10E4D400116A116A116A116A116A116A116A116A60
:10E4E400116A116A116A116A116A116A116A116A50
:10E4F400116A116A116A116A116A116A116A116A40
:10E50400116A116A116A116A116A116A116A116A2F
:10E51400116A116A116A116A116A116A116A116A1F
:10E52400116A116A116A116A116A116A116A116A0F
:10E53400116A116A116A116A116A116A116A116AFF
:10E54400116A116A116A116A116A116A116A116AEF
:10E55400116A116A116A116A116A116A116A116ADF
:10E564004C1608A508A508A508A508A508A508A58A
:10E5740008A508A508A508A54C16116A116A116A10
:10E58400116A116A116A116A116A116A116A116AAF
:10E59400116A116A116A116A116A116A116A116A9F
:10E5A400116A116A116A116A116A116A116A116A8F
:10E5B400116A116A116A116A116A116A116A116A7F
:10E5C400116A116A116A116A116A116A116A116A6F
:10E5D400116A116A116A116A116A116A116A116A5F
:10E5E400116A116A116A116A116A116A116A116A4F
:10E5F400116A116A116A116A116A116A116A116A3F
:10E60400116A116A116A116A116A116A116A116A2E
:10E61400116A116A116A116A116A116A116A116A1E
:10E62400116A116A116A116A116A116A116A116A0E
:10E634004C1608A508A508A508A508A508A508A5B9
:10E6440008A508A508A508A535BC35BC127012702C
:10E6540012701270127012701270127012701270A6
:10E664001270127012701270127012701270127096
:10E674001270127012701270127012701270127086
:10E684001270127012701270127012701270127076
:10E694001270127012701270127012701270FFFFEA
:10E6A400FFFFFFFFFFFFFFFFFFFFFFFF127012706E
:10E6B4001270127012701270127012701270127046
:10E6C4001270127012701270127012701270127036
:10E6D4001270127012701270127012701270127026
:10E6E4001270127012701270127012701270127016
:10E6F400127012701270127012701270127035BC97
:10E7040035BC08A508A508A508A508A508A508A559
:10E7140008A508A508A508A508A508A508A508A58D
:10E7240008A508A508A508A54C16116A116A116A5E
:10E73400116A116A116A116A116A116A116A116AFD
:10E74400116A116A116A116A116A116A116A116AED
:10E75400116A116A116A116A116A116A116A116ADD
:10E76400116A116A116A116A116A116A116A116ACD
:10E77400116A116A116A116A116A116A116A116ABD
:10E78400116A116A116A116A116A116A116A116AAD
:10E79400116A116A116A116A116A116A116A116A9D
:10E7A400116A116A116A116A116A116A116A116A8D
:10E7B400116A116A116A116A116A116A116A116A7D
:10E7C400116A116A116A116A116A116A116A116A6D
:10E7D400116A116A116A116A116A116A116A116A5D
:10E7E4004C1608A508A508A508A508A508A508A508
:10E7F40008A508A508A508A54C16116A116A116A8E
:10E80400116A116A116A116A116A116A116A116A2C
:10E81400116A116A116A116A116A116A116A116A1C
:10E82400116A116A116A116A116A116A116A116A0C
:10E83400116A116A116A116A116A116A116A116AFC
:10E84400116A116A116A116A116A116A116A116AEC
:10E85400116A116A116A116A116A116A116A116ADC
:10E86400116A116A116A116A116A116A116A116ACC
:10E87400116A116A116A116A116A116A116A116ABC
:10E88400116A116A116A116A116A116A116A116AAC
:10E89400116A116A116A116A116A116A116A116A9C
:10E8A400116A116A116A116A116A116A116A116A8C
:10E8B4004C1608A508A508A508A508A508A508A537
:10E8C40008A508A508A508A535BC35BC12701270AA
:10E8D4001270127012701270127012701270127024
:10E8E4001270127012701270127012701270127014
:10E8F4001270127012701270127012701270127004
:10E9040012701270127012701270127012701270F3
:10E9140012701270127012701270127012701270E3
:10E92400FFFFFFFFFFFFFFFF1270127012701270E3
:10E9340012701270127012701270127012701270C3
:10E9440012701270127012701270127012701270B3
:10E9540012701270127012701270127012701270A3
:10E964001270127012701270127012701270127093
:10E97400127012701270127012701270127035BC14
:10E9840035BC08A508A508A508A508A508A508A5D7
:10E9940008A508A508A508A508A508A508A508A50B
:10E9A40008A508A508A508A54C16116A116A116ADC
:10E9B400116A116A116A116A116A116A116A116A7B
:10E9C400116A116A116A116A116A116A116A116A6B
:10E9D400116A116A116A116A116A116A116A116A5B
:10E9E400116A116A116A116A116A116A116A116A4B
:10E9F400116A116A116A116A116A116A116A116A3B
:10EA0400116A116A116A116A116A116A116A116A2A
:10EA1400116A116A116A116A116A116A116A116A1A
:10EA2400116A116A116A116A116A116A116A116A0A
:10EA3400116A116A116A116A116A116A116A116AFA
:10EA4400116A116A116A116A116A116A116A116AEA
:10EA5400116A116A116A116A116A116A116A116ADA
:10EA64004C1608A508A508A508A508A508A508A585
:10EA740008A508A508A508A54C16116A116A116A0B
:10EA8400116A116A116A116A116A116A116A116AAA
:10EA9400116A116A116A116A116A116A116A116A9A
:10EAA400116A116A116A116A116A116A116A116A8A
:10EAB400116A116A116A116A116A116A116A116A7A
:10EAC400116A116A116A116A116A116A116A116A6A
:10EAD400116A116A116A116A116A116A116A116A5A
:10EAE400116A116A116A116A116A116A116A116A4A
:10EAF400116A116A116A116A116A116A116A116A3A
:10EB0400116A116A116A116A116A116A116A116A29
:10EB1400116A116A116A116A116A116A116A116A19
:10EB2400116A116A116A116A116A116A116A116A09
:10EB34004C1608A508A508A508A508A508A508A5B4
:10EB440008A508A508A508A535BC35BC1270127027
:10EB540012701270127012701270127012701270A1
:10EB64001270127012701270127012701270127091
:10EB74001270127012701270127012701270127081
:10EB84001270127012701270127012701270127071
:10EB94001270127012701270127012701270127061
:10EBA40012701270FFFF12701270127012701270D5
:10EBB4001270127012701270127012701270127041
:10EBC4001270127012701270127012701270127031
:10EBD4001270127012701270127012701270127021
:10EBE4001270127012701270127012701270127011
:10EBF400127012701270127012701270127035BC92
:10EC040035BC08A508A508A508A508A508A508A554
:10EC140008A508A508A508A508A508A508A508A588
:10EC240008A508A508A508A54C16116A116A116A59
:10EC3400116A116A116A116A116A116A116A116AF8
:10EC4400116A116A116A116A116A116A116A116AE8
:10EC5400116A116A116A116A116A116A116A116AD8
:10EC6400116A116A116A116A116A116A116A116AC8
:10EC7400116A116A116A116A116A116A116A116AB8
:10EC8400116A116A116A116A116A116A116A116AA8
:10EC9400116A116A116A116A116A116A116A116A98
:10ECA400116A116A116A116A116A116A116A116A88
:10ECB400116A116A116A116A116A116A116A116A78
:10ECC400116A116A116A116A116A116A116A116A68
:10ECD400116A116A116A116A116A116A116A116A58
:10ECE4004C1608A508A508A508A508A508A508A503
:10ECF40008A508A508A508A54C16116A116A116A89
:10ED0400116A116A116A116A116A116A116A116A27
:10ED1400116A116A116A116A116A116A116A116A17
:10ED2400116A116A116A116A116A116A116A116A07
:10ED3400116A116A116A116A116A116A116A116AF7
:10ED4400116A116A116A116A116A116A116A116AE7
:10ED5400116A116A116A116A116A116A116A116AD7
:10ED6400116A116A116A116A116A116A116A116AC7
:10ED7400116A116A116A116A116A116A116A116AB7
:10ED8400116A116A116A116A116A116A116A116AA7
:10ED9400116A116A116A116A116A116A116A116A97
:10EDA400116A116A116A116A116A116A116A116A87
:10EDB4004C1608A508A508A508A508A508A508A532
:10EDC40008A508A508A508A535BC35BC12701270A5
:10EDD400127012701270127012701270127012701F
:10EDE400127012701270127012701270127012700F
:10EDF40012701270127012701270127012701270FF
:10EE040012701270127012701270127012701270EE
:10EE140012701270127012701270127012701270DE
:10EE240012701270127012701270127012701270CE
:10EE340012701270127012701270127012701270BE
:10EE440012701270127012701270127012701270AE
:10EE5400127012701270127012701270127012709E
:10EE6400127012701270127012701270127012708E
:10EE7400127012701270127012701270127035BC0F
:10EE840035BC08A508A508A508A508A508A508A5D2
:10EE940008A508A508A508A508A508A508A508A506
:10EEA40008A508A508A508A54C16116A116A116AD7
:10EEB400116A116A116A116A116A116A116A116A76
:10EEC400116A116A116A116A116A116A116A116A66
:10EED400116A116A116A116A116A116A116A116A56
:10EEE400116A116A116A116A116A116A116A116A46
:10EEF400116A116A116A116A116A116A116A116A36
:10EF0400116A116A116A116A116A116A116A116A25
:10EF1400116A116A116A116A116A116A116A116A15
:10EF2400116A116A116A116A116A116A116A116A05
:10EF3400116A116A116A116A116A116A116A116AF5
:10EF4400116A116A116A116A116A116A116A116AE5
:10EF5400116A116A116A116A116A116A116A116AD5
:10EF64004C1608A508A508A508A508A508A508A580
:10EF740008A508A508A508A54C16116A116A116A06
:10EF8400116A116A116A116A116A116A116A116AA5
:10EF9400116A116A116A116A116A116A116A116A95
:10EFA400116A116A116A116A116A116A116A116A85
:10EFB400116A116A116A116A116A116A116A116A75
:10EFC400116A116A116A116A116A116A116A116A65
:10EFD400116A116A116A116A116A116A116A116A55
:10EFE400116A116A116A116A116A116A116A116A45
:10EFF400116A116A116A116A116A116A116A116A35
:10F00400116A116A116A116A116A116A116A116A24
:10F01400116A116A116A116A116A116A116A116A14
:10F02400116A116A116A116A116A116A116A116A04
:10F034004C1608A508A508A508A508A508A508A5AF
:10F0440008A508A508A508A535BC35BC1270127022
:10F05400127012701270127012701270127012709C
:10F06400127012701270127012701270127012708C
:10F07400127012701270127012701270127012707C
:10F08400127012701270127012701270127012706C
:10F09400127012701270127012701270127012705C
:10F0A400127012701270127012701270127012704C
:10F0B400127012701270127012701270127012703C
:10F0C400127012701270127012701270127012702C
:10F0D400127012701270127012701270127012701C
:10F0E400127012701270127012701270127012700C
:10F0F400127012701270127012701270127035BC8D
:10F1040035BC08A508A508A508A508A508A508A54F
:10F1140008A508A508A508A508A508A508A508A583
:10F1240008A508A508A508A54C16116A116A116A54
:10F13400116A116A116A116A116A116A116A116AF3
:10F14400116A116A116A116A116A116A116A116AE3
:10F15400116A116A116A116A116A116A116A116AD3
:10F16400116A116A116A116A116A116A116A116AC3
:10F17400116A116A116A116A116A116A116A116AB3
:10F18400116A116A116A116A116A116A116A116AA3
:10F19400116A116A116A116A116A116A116A116A93
:10F1A400116A116A116A116A116A116A116A116A83
:10F1B400116A116A116A116A116A116A116A116A73
:10F1C400116A116A116A116A116A116A116A116A63
:10F1D400116A116A116A116A116A116A116A116A53
:10F1E4004C1608A508A508A508A508A508A508A5FE
:10F1F40008A508A508A508A54C16116A116A116A84
:10F20400116A116A116A116A116A116A116A116A22
:10F21400116A116A116A116A116A116A116A116A12
:10F22400116A116A116A116A116A116A116A116A02
:10F23400116A116A116A116A116A116A116A116AF2
:10F24400116A116A116A116A116A116A116A116AE2
:10F25400116A116A116A116A116A116A116A116AD2
:10F26400116A116A116A116A116A116A116A116AC2
:10F27400116A116A116A116A116A116A116A116AB2
:10F28400116A116A116A116A116A116A116A116AA2
:10F29400116A116A116A116A116A116A116A116A92
:10F2A400116A116A116A116A116A116A116A116A82
:10F2B4004C1608A508A508A508A508A508A508A52D
:10F2C40008A508A508A508A535BC35BC12701270A0
:10F2D400127012701270127012701270127012701A
:10F2E400127012701270127012701270127012700A
:10F2F40012701270127012701270127012701270FA
:10F3040012701270127012701270127012701270E9
:10F3140012701270127012701270127012701270D9
:10F3240012701270127012701270127012701270C9
:10F3340012701270127012701270127012701270B9
:10F3440012701270127012701270127012701270A9
:10F354001270127012701270127012701270127099
:10F364001270127012701270127012701270127089
:10F37400127012701270127012701270127035BC0A
:10F3840035BC08A508A508A508A508A508A508A5CD
:10F3940008A508A508A508A508A508A508A508A501
:10F3A40008A508A508A508A54C16116A116A116AD2
:10F3B400116A116A116A116A116A116A116A116A71
:10F3C400116A116A116A116A116A116A116A116A61
:10F3D400116A116A116A116A116A116A116A116A51
:10F3E400116A116A116A116A116A116A116A116A41
:10F3F400116A116A116A116A116A116A116A116A31
:10F40400116A116A116A116A116A116A116A116A20
:10F41400116A116A116A116A116A116A116A116A10
:10F42400116A116A116A116A116A116A116A116A00
:10F43400116A116A116A116A116A116A116A116AF0
:10F44400116A116A116A116A116A116A116A116AE0
:10F45400116A116A116A116A116A116A116A116AD0
:10F464004C1608A508A508A508A508A508A508A57B
:10F4740008A508A508A508A54C16116A116A116A01
:10F48400116A116A116A116A116A116A116A116AA0
:10F49400116A116A116A116A116A116A116A116A90
:10F4A400116A116A116A116A116A116A116A116A80
:10F4B400116A116A116A116A116A116A116A116A70
:10F4C400116A116A116A116A116A116A116A116A60
:10F4D400116A116A116A116A116A116A116A116A50
:10F4E400116A116A116A116A116A116A116A116A40
:10F4F400116A116A116A116A116A116A116A116A30
:10F50400116A116A116A116A116A116A116A116A1F
:10F51400116A116A116A116A116A116A116A116A0F
:10F52400116A116A116A116A116A116A116A116AFF
:10F534004C1608A508A508A508A508A508A508A5AA
:10F5440008A508A508A508A535BC35BC127012701D
:10F554001270127012701270127012701270127097
:10F564001270127012701270127012701270127087
:10F574001270127012701270127012701270127077
:10F584001270127012701270127012701270127067
:10F594001270127012701270127012701270127057
:10F5A4001270127012701270127012701270127047
:10F5B4001270127012701270127012701270127037
:10F5C4001270127012701270127012701270127027
:10F5D4001270127012701270127012701270127017
:10F5E4001270127012701270127012701270127007
:10F5F400127012701270127012701270127035BC88
:10F6040035BC08A508A508A508A508A508A508A54A
:10F6140008A508A508A508A508A508A508A508A57E
:10F6240008A508A508A508A54C16116A116A116A4F
:10F63400116A116A116A116A116A116A116A116AEE
:10F64400116A116A116A116A116A116A116A116ADE
:10F65400116A116A116A116A116A116A116A116ACE
:10F66400116A116A116A116A116A116A116A116ABE
:10F67400116A116A116A116A116A116A116A116AAE
:10F68400116A116A116A116A116A116A116A116A9E
:10F69400116A116A116A116A116A116A116A116A8E
:10F6A400116A116A116A116A116A116A116A116A7E
:10F6B400116A116A116A116A116A116A116A116A6E
:10F6C400116A116A116A116A116A116A116A116A5E
:10F6D400116A116A116A116A116A116A116A116A4E
:10F6E4004C1608A508A508A508A508A508A508A5F9
:10F6F40008A508A508A508A54C16116A116A116A7F
:10F70400116A116A116A116A116A116A116A116A1D
:10F71400116A116A116A116A116A116A116A116A0D
:10F72400116A116A116A116A116A116A116A116AFD
:10F73400116A116A116A116A116A116A116A116AED
:10F74400116A116A116A116A116A116A116A116ADD
:10F75400116A116A116A116A116A116A116A116ACD
:10F76400116A116A116A116A116A116A116A116ABD
:10F77400116A116A116A116A116A116A116A116AAD
:10F78400116A116A116A116A116A116A116A116A9D
:10F79400116A116A116A116A116A116A116A116A8D
:10F7A400116A116A116A116A116A116A116A116A7D
:10F7B4004C1608A508A508A508A508A508A508A528
:10F7C40008A508A508A508A535BC35BC127012709B
:10F7D4001270127012701270127012701270127015
:10F7E4001270127012701270127012701270127005
:10F7F40012701270127012701270127012701270F5
:10F8040012701270127012701270127012701270E4
:10F8140012701270127012701270127012701270D4
:10F8240012701270127012701270127012701270C4
:10F8340012701270127012701270127012701270B4
:10F8440012701270127012701270127012701270A4
:10F854001270127012701270127012701270127094
:10F864001270127012701270127012701270127084
:10F87400127012701270127012701270127035BC05
:10F8840035BC08A508A508A508A508A508A508A5C8
:10F8940008A508A508A508A508A508A508A508A5FC
:10F8A40008A508A508A508A54C16116A116A116ACD
:10F8B400116A116A116A116A116A116A116A116A6C
:10F8C400116A116A116A116A116A116A116A116A5C
:10F8D400116A116A116A116A116A116A116A116A4C
:10F8E400116A116A116A116A116A116A116A116A3C
:10F8F400116A116A116A116A116A116A116A116A2C
:10F90400116A116A116A116A116A116A116A116A1B
:10F91400116A116A116A116A116A116A116A116A0B
:10F92400116A116A116A116A116A116A116A116AFB
:10F93400116A116A116A116A116A116A116A116AEB
:10F94400116A116A116A116A116A116A116A116ADB
:10F95400116A116A116A116A116A116A116A116ACB
:10F964004C1608A508A508A508A508A508A508A576
:10F9740008A508A508A508A54C16116A116A116AFC
:10F98400116A116A116A116A116A116A116A116A9B
:10F99400116A116A116A116A116A116A116A116A8B
:10F9A400116A116A116A116A116A116A116A116A7B
:10F9B400116A116A116A116A116A116A116A116A6B
:10F9C400116A116A116A116A116A116A116A116A5B
:10F9D400116A116A116A116A116A116A116A116A4B
:10F9E400116A116A116A116A116A116A116A116A3B
:10F9F400116A116A116A116A116A116A116A116A2B
:10FA0400116A116A116A116A116A116A116A116A1A
:10FA1400116A116A116A116A116A116A116A116A0A
:10FA2400116A116A116A116A116A116A116A116AFA
:10FA34004C1608A508A508A508A508A508A508A5A5
:10FA440008A508A508A508A535BC35BC1270127018
:10FA54001270127012701270127012701270127092
:10FA64001270127012701270127012701270127082
:10FA74001270127012701270127012701270127072
:10FA84001270127012701270127012701270127062
:10FA94001270127012701270127012701270127052
:10FAA4001270127012701270127012701270127042
:10FAB4001270127012701270127012701270127032
:10FAC4001270127012701270127012701270127022
:10FAD4001270127012701270127012701270127012
:10FAE4001270127012701270127012701270127002
:10FAF400127012701270127012701270127035BC83
:10FB040035BC08A508A508A508A508A508A508A545
:10FB140008A508A508A508A508A508A508A508A579
:10FB240008A508A508A508A54C16116A116A116A4A
:10FB3400116A116A116A116A116A116A116A116AE9
:10FB4400116A116A116A116A116A116A116A116AD9
:10FB5400116A116A116A116A116A116A116A116AC9
:10FB6400116A116A116A116A116A116A116A116AB9
:10FB7400116A116A116A116A116A116A116A116AA9
:10FB8400116A116A116A116A116A116A116A116A99
:10FB9400116A116A116A116A116A116A116A116A89
:10FBA400116A116A116A116A116A116A116A116A79
:10FBB400116A116A116A116A116A116A116A116A69
:10FBC400116A116A116A116A116A116A116A116A59
:10FBD400116A116A116A116A116A116A116A116A49
:10FBE4004C1608A508A508A508A508A508A508A5F4
:10FBF40008A508A508A508A54C16116A116A116A7A
:10FC0400116A116A116A116A116A116A116A116A18
:10FC1400116A116A116A116A116A116A116A116A08
:10FC2400116A116A116A116A116A116A116A116AF8
:10FC3400116A116A116A116A116A116A116A116AE8
:10FC4400116A116A116A116A116A116A116A116AD8
:10FC5400116A116A116A116A116A116A116A116AC8
:10FC6400116A116A116A116A116A116A116A116AB8
:10FC7400116A116A116A116A116A116A116A116AA8
:10FC8400116A116A116A116A116A116A116A116A98
:10FC9400116A116A116A116A116A116A116A116A88
:10FCA400116A116A116A116A116A116A116A116A78
:10FCB4004C1608A508A508A508A508A508A508A523
:10FCC40008A508A508A508A535BC35BC1270127096
:10FCD4001270127012701270127012701270127010
:10FCE4001270127012701270127012701270127000
:10FCF40012701270127012701270127012701270F0
:10FD040012701270127012701270127012701270DF
:10FD140012701270127012701270127012701270CF
:10FD240012701270127012701270127012701270BF
:10FD340012701270127012701270127012701270AF
:10FD4400127012701270127012701270127012709F
:10FD5400127012701270127012701270127012708F
:10FD6400127012701270127012701270127012707F
:10FD7400127012701270127012701270127035BC00
:10FD840035BC08A508A508A508A508A508A508A5C3
:10FD940008A508A508A508A508A508A508A508A5F7
:10FDA40008A508A508A508A54C16116A116A116AC8
:10FDB400116A116A116A116A116A116A116A116A67
:10FDC400116A116A116A116A116A116A116A116A57
:10FDD400116A116A116A116A116A116A116A116A47
:10FDE400116A116A116A116A116A116A116A116A37
:10FDF400116A116A116A116A116A116A116A116A27
:10FE0400116A116A116A116A116A116A116A116A16
:10FE1400116A116A116A116A116A116A116A116A06
:10FE2400116A116A116A116A116A116A116A116AF6
:10FE3400116A116A116A116A116A116A116A116AE6
:10FE4400116A116A116A116A116A116A116A116AD6
:10FE5400116A116A116A116A116A116A116A116AC6
:10FE64004C1608A508A508A508A508A508A508A571
:10FE740008A508A508A508A54C16116A116A116AF7
:10FE8400116A116A116A116A116A116A116A116A96
:10FE9400116A116A116A116A116A116A116A116A86
:10FEA400116A116A116A116A116A116A116A116A76
:10FEB400116A116A116A116A116A116A116A116A66
:10FEC400116A116A116A116A116A116A116A116A56
:10FED400116A116A116A116A116A116A116A116A46
:10FEE400116A116A116A116A116A116A116A116A36
:10FEF400116A116A116A116A116A116A116A116A26
:10FF0400116A116A116A116A116A116A116A116A15
:10FF1400116A116A116A116A116A116A116A116A05
:10FF2400116A116A116A116A116A116A116A116AF5
:10FF34004C1608A508A508A508A508A508A508A5A0
:10FF440008A508A508A508A535BC35BC1270127013
:10FF5400127012701270127012701270127012708D
:10FF6400127012701270127012701270127012707D
:10FF7400127012701270127012701270127012706D
:10FF8400127012701270127012701270127012705D
:10FF9400127012701270127012701270127012704D
:10FFA400127012701270127012701270127012703D
:10FFB400127012701270127012701270127012702D
:10FFC400127012701270127012701270127012701D
:10FFD400127012701270127012701270127012700D
:10FFE40012701270127012701270127012701270FD
:0CFFF400127012701270127012701270F5
:020000021000EC
:10000000127035BC35BC08A508A508A508A508A52B
:1000100008A508A508A508A508A508A508A508A578
:1000200008A508A508A508A508A508A54C16116AE5
:10003000116A116A116A116A116A116A116A116AE8
:10004000116A116A116A116A116A116A116A116AD8
:10005000116A116A116A116A116A116A116A116AC8
:10006000116A116A116A116A116A116A116A116AB8
:10007000116A116A116A116A116A116A116A116AA8
:10008000116A116A116A116A116A116A116A116A98
:10009000116A116A116A116A116A116A116A116A88
:1000A000116A116A116A116A116A116A116A116A78
:1000B000116A116A116A116A116A116A116A116A68
:1000C000116A116A116A116A116A116A116A116A58
:1000D000116A116A116A116A116A116A116A116A48
:1000E000116A116A4C1608A508A508A508A508A557
:1000F00008A508A508A508A508A508A54C16116A15
:10010000116A116A116A116A116A116A116A116A17
:10011000116A116A116A116A116A116A116A116A07
:10012000116A116A116A116A116A116A116A116AF7
:10013000116A116A116A116A116A116A116A116AE7
:10014000116A116A116A116A116A116A116A116AD7
:10015000116A116A116A116A116A116A116A116AC7
:10016000116A116A116A116A116A116A116A116AB7
:10017000116A116A116A116A116A116A116A116AA7
:10018000116A116A116A116A116A116A116A116A97
:10019000116A116A116A116A116A116A116A116A87
:1001A000116A116A116A116A116A116A116A116A77
:1001B000116A116A4C1608A508A508A508A508A586
:1001C00008A508A508A508A508A508A535BC35BC3F
:1001D000127012701270127012701270127012700F
:1001E00012701270127012701270127012701270FF
:1001F00012701270127012701270127012701270EF
:1002000012701270127012701270127012701270DE
:1002100012701270127012701270127012701270CE
:1002200012701270127012701270127012701270BE
:1002300012701270127012701270127012701270AE
:10024000127012701270127012701270127012709E
:10025000127012701270127012701270127012708E
:10026000127012701270127012701270127012707E
:10027000127012701270127012701270127012706E
:10028000127035BC35BC08A508A508A508A508A5A9
:1002900008A508A508A508A508A508A508A508A5F6
:1002A00008A508A508A508A508A508A54C16116A63
:1002B000116A116A116A116A116A116A116A116A66
:1002C000116A116A116A116A116A116A116A116A56
:1002D000116A116A116A116A116A116A116A116A46
:1002E000116A116A116A116A116A116A116A116A36
:1002F000116A116A116A116A116A116A116A116A26
:10030000116A116A116A116A116A116A116A116A15
:10031000116A116A116A116A116A116A116A116A05
:10032000116A116A116A116A116A116A116A116AF5
:10033000116A116A116A116A116A116A116A116AE5
:10034000116A116A116A116A116A116A116A116AD5
:10035000116A116A116A116A116A116A116A116AC5
:10036000116A116A4C1608A508A508A508A508A5D4
:1003700008A508A508A508A508A508A54C16116A92
:10038000116A116A116A116A116A116A116A116A95
:10039000116A116A116A116A116A116A116A116A85
:1003A000116A116A116A116A116A116A116A116A75
:1003B000116A116A116A116A116A116A116A116A65
:1003C000116A116A116A116A116A116A116A116A55
:1003D000116A116A116A116A116A116A116A116A45
:1003E000116A116A116A116A116A116A116A116A35
:1003F000116A116A116A116A116A116A116A116A25
:10040000116A116A116A116A116A116A116A116A14
:10041000116A116A116A116A116A116A116A116A04
:10042000116A116A116A116A116A116A116A116AF4
:10043000116A116A4C1608A508A508A508A508A503
:1004400008A508A508A508A508A508A535BC35BCBC
:10045000127012701270127012701270127012708C
:10046000127012701270127012701270127012707C
:10047000127012701270127012701270127012706C
:10048000127012701270127012701270127012705C
:10049000127012701270127012701270127012704C
:1004A000127012701270127012701270127012703C
:1004B000127012701270127012701270127012702C
:1004C000127012701270127012701270127012701C
:1004D000127012701270127012701270127012700C
:1004E00012701270127012701270127012701270FC
:1004F00012701270127012701270127012701270EC
:10050000127035BC35BC08A508A508A508A508A526
:1005100008A508A508A508A508A508A508A508A573
:1005200008A508A508A508A508A508A54C16116AE0
:10053000116A116A116A116A116A116A116A116AE3
:10054000116A116A116A116A116A116A116A116AD3
:10055000116A116A116A116A116A116A116A116AC3
:10056000116A116A116A116A116A116A116A116AB3
:10057000116A116A116A116A116A116A116A116AA3
:10058000116A116A116A116A116A116A116A116A93
:10059000116A116A116A116A116A116A116A116A83
:1005A000116A116A116A116A116A116A116A116A73
:1005B000116A116A116A116A116A116A116A116A63
:1005C000116A116A116A116A116A116A116A116A53
:1005D000116A116A116A116A116A116A116A116A43
:1005E000116A116A4C1608A508A508A508A508A552
:1005F00008A508A508A508A508A508A54C16116A10
:10060000116A116A116A116A116A116A116A116A12
:10061000116A116A116A116A116A116A116A116A02
:10062000116A116A116A116A116A116A116A116AF2
:10063000116A116A116A116A116A116A116A116AE2
:10064000116A116A116A116A116A116A116A116AD2
:10065000116A116A116A116A116A116A116A116AC2
:10066000116A116A116A116A116A116A116A116AB2
:10067000116A116A116A116A116A116A116A116AA2
:10068000116A116A116A116A116A116A116A116A92
:10069000116A116A116A116A116A116A116A116A82
:1006A000116A116A116A116A116A116A116A116A72
:1006B000116A116A4C1608A508A508A508A508A581
:1006C00008A508A508A508A508A508A535BC35BC3A
:1006D000127012701270127012701270127012700A
:1006E00012701270127012701270127012701270FA
:1006F00012701270127012701270127012701270EA
:1007000012701270127012701270127012701270D9
:1007100012701270127012701270127012701270C9
:1007200012701270127012701270127012701270B9
:1007300012701270127012701270127012701270A9
:100740001270127012701270127012701270127099
:100750001270127012701270127012701270127089
:100760001270127012701270127012701270127079
:100770001270127012701270127012701270127069
:10078000127035BC35BC08A508A508A508A508A5A4
:1007900008A508A508A508A508A508A508A508A5F1
:1007A00008A508A508A508A508A508A54C16116A5E
:1007B000116A116A116A116A116A116A116A116A61
:1007C000116A116A116A116A116A116A116A116A51
:1007D000116A116A116A116A116A116A116A116A41
:1007E000116A116A116A116A116A116A116A116A31
:1007F000116A116A116A116A116A116A116A116A21
:10080000116A116A116A116A116A116A116A116A10
:10081000116A116A116A116A116A116A116A116A00
:10082000116A116A116A116A116A116A116A116AF0
:10083000116A116A116A116A116A116A116A116AE0
:10084000116A116A116A116A116A116A116A116AD0
:10085000116A116A116A116A116A116A116A116AC0
:10086000116A116A4C1608A508A508A508A508A5CF
:1008700008A508A508A508A508A508A54C16116A8D
:10088000116A116A116A116A116A116A116A116A90
:10089000116A116A116A116A116A116A116A116A80
:1008A000116A116A116A116A116A116A116A116A70
:1008B000116A116A116A116A116A116A116A116A60
:1008C000116A116A116A116A116A116A116A116A50
:1008D000116A116A116A116A116A116A116A116A40
:1008E000116A116A116A116A116A116A116A116A30
:1008F000116A116A116A116A116A116A116A116A20
:10090000116A116A116A116A116A116A116A116A0F
:10091000116A116A116A116A116A116A116A116AFF
:10092000116A116A116A116A116A116A116A116AEF
:10093000116A116A4C1608A508A508A508A508A5FE
:1009400008A508A508A508A508A508A535BC35BCB7
:100950001270127012701270127012701270127087
:100960001270127012701270127012701270127077
:100970001270127012701270127012701270127067
:100980001270127012701270127012701270127057
:100990001270127012701270127012701270127047
:1009A0001270127012701270127012701270127037
:1009B0001270127012701270127012701270127027
:1009C0001270127012701270127012701270127017
:1009D0001270127012701270127012701270127007
:1009E00012701270127012701270127012701270F7
:1009F00012701270127012701270127012701270E7
:100A0000127035BC35BC08A508A508A508A508A521
:100A100008A508A508A508A508A508A508A508A56E
:100A200008A508A508A508A508A508A54C16116ADB
:100A3000116A116A116A116A116A116A116A116ADE
:100A4000116A116A116A116A116A116A116A116ACE
:100A5000116A116A116A116A116A116A116A116ABE
:100A6000116A116A116A116A116A116A116A116AAE
:100A7000116A116A116A116A116A116A116A116A9E
:100A8000116A116A116A116A116A116A116A116A8E
:100A9000116A116A116A116A116A116A116A116A7E
:100AA000116A116A116A116A116A116A116A116A6E
:100AB000116A116A116A116A116A116A116A116A5E
:100AC000116A116A116A116A116A116A116A116A4E
:100AD000116A116A116A116A116A116A116A116A3E
:100AE000116A116A4C1608A508A508A508A508A54D
:100AF00008A508A508A508A508A508A54C16116A0B
:100B0000116A116A116A116A116A116A116A116A0D
:100B1000116A116A116A116A116A116A116A116AFD
:100B2000116A116A116A116A116A116A116A116AED
:100B3000116A116A116A116A116A116A116A116ADD
:100B4000116A116A116A116A116A116A116A116ACD
:100B5000116A116A116A116A116A116A116A116ABD
:100B6000116A116A116A116A116A116A116A116AAD
:100B7000116A116A116A116A116A116A116A116A9D
:100B8000116A116A116A116A116A116A116A116A8D
:100B9000116A116A116A116A116A116A116A116A7D
:100BA000116A116A116A116A116A116A116A116A6D
:100BB000116A116A4C1608A508A508A508A508A57C
:100BC00008A508A508A508A508A508A535BC35BC35
:100BD0001270127012701270127012701270127005
:100BE00012701270127012701270127012701270F5
:100BF00012701270127012701270127012701270E5
:100C000012701270127012701270127012701270D4
:100C100012701270127012701270127012701270C4
:100C200012701270127012701270127012701270B4
:100C300012701270127012701270127012701270A4
:100C40001270127012701270127012701270127094
:100C50001270127012701270127012701270127084
:100C60001270127012701270127012701270127074
:100C70001270127012701270127012701270127064
:100C8000127035BC35BC08A508A508A508A508A59F
:100C900008A508A508A508A508A508A508A508A5EC
:100CA00008A508A508A508A508A508A54C16116A59
:100CB000116A116A116A116A116A116A116A116A5C
:100CC000116A116A116A116A116A116A116A116A4C
:100CD000116A116A116A116A116A116A116A116A3C
:100CE000116A116A116A116A116A116A116A116A2C
:100CF000116A116A116A116A116A116A116A116A1C
:100D0000116A116A116A116A116A116A116A116A0B
:100D1000116A116A116A116A116A116A116A116AFB
:100D2000116A116A116A116A116A116A116A116AEB
:100D3000116A116A116A116A116A116A116A116ADB
:100D4000116A116A116A116A116A116A116A116ACB
:100D5000116A116A116A116A116A116A116A116ABB
:100D6000116A116A4C1608A508A508A508A508A5CA
:100D700008A508A508A508A508A508A54C16116A88
:100D8000116A116A116A116A116A116A116A116A8B
:100D9000116A116A116A116A116A116A116A116A7B
:100DA000116A116A116A116A116A116A116A116A6B
:100DB000116A116A116A116A116A116A116A116A5B
:100DC000116A116A116A116A116A116A116A116A4B
:100DD000116A116A116A116A116A116A116A116A3B
:100DE000116A116A116A116A116A116A116A116A2B
:100DF000116A116A116A116A116A116A116A116A1B
:100E0000116A116A116A116A116A116A116A116A0A
:100E1000116A116A116A116A116A116A116A116AFA
:100E2000116A116A116A116A116A116A116A116AEA
:100E3000116A116A4C1608A508A508A508A508A5F9
:100E400008A508A508A508A508A508A535BC35BCB2
:100E50001270127012701270127012701270127082
:100E60001270127012701270127012701270127072
:100E70001270127012701270127012701270127062
:100E80001270127012701270127012701270127052
:100E90001270127012701270127012701270127042
:100EA0001270127012701270127012701270127032
:100EB0001270127012701270127012701270127022
:100EC0001270127012701270127012701270127012
:100ED0001270127012701270127012701270127002
:100EE00012701270127012701270127012701270F2
:100EF00012701270127012701270127012701270E2
:100F0000127035BC35BC08A508A508A508A508A51C
:100F100008A508A508A508A508A508A508A508A569
:100F200008A508A508A508A508A508A54C16116AD6
:100F3000116A116A116A116A116A116A116A116AD9
:100F4000116A116A116A116A116A116A116A116AC9
:100F5000116A116A116A116A116A116A116A116AB9
:100F6000116A116A116A116A116A116A116A116AA9
:100F7000116A116A116A116A116A116A116A116A99
:100F8000116A116A116A116A116A116A116A116A89
:100F9000116A116A116A116A116A116A116A116A79
:100FA000116A116A116A116A116A116A116A116A69
:100FB000116A116A116A116A116A116A116A116A59
:100FC000116A116A116A116A116A116A116A116A49
:100FD000116A116A116A116A116A116A116A116A39
:100FE000116A116A4C1608A508A508A508A508A548
:100FF00008A508A508A508A508A508A54C16116A06
:10100000116A116A116A116A116A116A116A116A08
:10101000116A116A116A116A116A116A116A116AF8
:10102000116A116A116A116A116A116A116A116AE8
:10103000116A116A116A116A116A116A116A116AD8
:10104000116A116A116A116A116A116A116A116AC8
:10105000116A116A116A116A116A116A116A116AB8
:10106000116A116A116A116A116A116A116A116AA8
:10107000116A116A116A116A116A116A116A116A98
:10108000116A116A116A116A116A116A116A116A88
:10109000116A116A116A116A116A116A116A116A78
:1010A000116A116A116A116A116A116A116A116A68
:1010B000116A116A4C1608A508A508A508A508A577
:1010C00008A508A508A508A508A508A535BC35BC30
:1010D0001270127012701270127012701270127000
:1010E00012701270127012701270127012701270F0
:1010F00012701270127012701270127012701270E0
:1011000012701270127012701270127012701270CF
:1011100012701270127012701270127012701270BF
:1011200012701270127012701270127012701270AF
:10113000127012701270127012701270127012709F
:10114000127012701270127012701270127012708F
:10115000127012701270127012701270127012707F
:10116000127012701270127012701270127012706F
:10117000127012701270127012701270127012705F
:10118000127035BC35BC08A508A508A508A508A59A
:1011900008A508A508A508A508A508A508A508A5E7
:1011A00008A508A508A508A508A508A54C16116A54
:1011B000116A116A116A116A116A116A116A116A57
:1011C000116A116A116A116A116A116A116A116A47
:1011D000116A116A116A116A116A116A116A116A37
:1011E000116A116A116A116A116A116A116A116A27
:1011F000116A116A116A116A116A116A116A116A17
:10120000116A116A116A116A116A116A116A116A06
:10121000116A116A116A116A116A116A116A116AF6
:10122000116A116A116A116A116A116A116A116AE6
:10123000116A116A116A116A116A116A116A116AD6
:10124000116A116A116A116A116A116A116A116AC6
:10125000116A116A116A116A116A116A116A116AB6
:10126000116A116A4C1608A508A508A508A508A5C5
:1012700008A508A508A508A508A508A54C16116A83
:10128000116A116A116A116A116A116A116A116A86
:10129000116A116A116A116A116A116A116A116A76
:1012A000116A116A116A116A116A116A116A116A66
:1012B000116A116A116A116A116A116A116A116A56
:1012C000116A116A116A116A116A116A116A116A46
:1012D000116A116A116A116A116A116A116A116A36
:1012E000116A116A116A116A116A116A116A116A26
:1012F000116A116A116A116A116A116A116A116A16
:10130000116A116A116A116A116A116A116A116A05
:10131000116A116A116A116A116A116A116A116AF5
:10132000116A116A116A116A116A116A116A116AE5
:10133000116A116A4C1608A508A508A508A508A5F4
:1013400008A508A508A508A508A508A535BC35BCAD
:10135000127012701270127012701270127012707D
:10136000127012701270127012701270127012706D
:10137000127012701270127012701270127012705D
:10138000127012701270127012701270127012704D
:10139000127012701270127012701270127012703D
:1013A000127012701270127012701270127012702D
:1013B000127012701270127012701270127012701D
:1013C000127012701270127012701270127012700D
:1013D00012701270127012701270127012701270FD
:1013E00012701270127012701270127012701270ED
:1013F00012701270127012701270127012701270DD
:10140000127035BC35BC08A508A508A508A508A517
:1014100008A508A508A508A508A508A508A508A564
:1014200008A508A508A508A508A508A54C16116AD1
:10143000116A116A116A116A116A116A116A116AD4
:10144000116A116A116A116A116A116A116A116AC4
:10145000116A116A116A116A116A116A116A116AB4
:10146000116A116A116A116A116A116A116A116AA4
:10147000116A116A116A116A116A116A116A116A94
:10148000116A116A116A116A116A116A116A116A84
:10149000116A116A116A116A116A116A116A116A74
:1014A000116A116A116A116A116A116A116A116A64
:1014B000116A116A116A116A116A116A116A116A54
:1014C000116A116A116A116A116A116A116A116A44
:1014D000116A116A116A116A116A116A116A116A34
:1014E000116A116A4C1608A508A508A508A508A543
:1014F00008A508A508A508A508A508A54C16116A01
:10150000116A116A116A116A116A116A116A116A03
:10151000116A116A116A116A116A116A116A116AF3
:10152000116A116A116A116A116A116A116A116AE3
:10153000116A116A116A116A116A7433E73DFFDF9B
:10154000F79ECEBB116A116A116A116A116A116A9B
:10155000116A116AFFFFC67A116A116A116A116A6B
:10156000116A116A116A116A116A116A116A116AA3
:10157000116A116A116A116A116A116A116A116A93
:10158000116A116A116A116A116A116A116A116A83
:10159000116A116A116A116A116A116A116A116A73
:1015A000116A116A116A116A116A116A116A116A63
:1015B000116A116A4C1608A508A508A508A508A572
:1015C00008A508A508A508A508A508A535BC35BC2B
:1015D00012701270127012701270127012701270FB
:1015E00012701270127012701270127012701270EB
:1015F00012701270127012702AF2FFFFFFFFFFFFCD
:10160000F7BEBE5B3312127012701270127012703D
:1016100012701270127012701270127012701270BA
:1016200012701270127012701270127012701270AA
:10163000127012701270127012701270127012709A
:10164000127012701270127012701270127012708A
:10165000127012701270127012701270127012707A
:10166000127012701270127012701270127012706A
:10167000127012701270127012701270127012705A
:10168000127035BC35BC08A508A508A508A508A595
:1016900008A508A508A508A508A508A508A508A5E2
:1016A00008A508A508A508A508A508A54C16116A4F
:1016B000116A116A116A116A116A116A116A116A52
:1016C000116A116A116A116A116A116A116A116A42
:1016D000116A116A116A116A116A116A116A116A32
:1016E000116A116A116A116A116A116A116A7433F6
:1016F000E73DFFDFF79ECEBB116A116AFFFFC67A96
:10170000116A116A116A116A116A116A116A116A01
:10171000116A116A116A116A116A116AFFFFC67AA9
:10172000116A116A116A116A116A116A116A116AE1
:10173000116A116A116A116A116A116A116A116AD1
:10174000116A116A116A116A116A116A116A116AC1
:10175000116A116A116A116A116A116A116A116AB1
:10176000116A116A4C1608A508A508A508A508A5C0
:1017700008A508A508A508A508A508A54C16116A7E
:10178000116A116A116A116A116A116A116A116A81
:10179000116A116A116A116A116A116A116A116A71
:1017A000116A116A116A116A116A116A116A116A61
:1017B000116A116A116A116A326DFFFFA57719ABC0
:1017C0003AAEB5D9116A116A116A116A116A116AC1
:1017D000116A116AFFFFC67A116A116A116A116AE9
:1017E000116A116A116A116A116A116A116A116A21
:1017F000116A116A116A116A116A116A116A116A11
:10180000116A116A116A116A116A116A116A116A00
:10181000116A116A116A116A116A116A116A116AF0
:10182000116A116A116A116A116A116A116A116AE0
:10183000116A116A4C1608A508A508A508A508A5EF
:1018400008A508A508A508A508A508A535BC35BCA8
:101850001270127012701270127012701270127078
:101860001270127012701270127012701270127068
:1018700012701270127012702AF2FFFFD6FC1270F2
:101880006455FFFFBE5B12701270127012701270FE
:101890001270127012701270127012701270127038
:1018A0001270127012701270127012701270127028
:1018B0001270127012701270127012701270127018
:1018C0001270127012701270127012701270127008
:1018D00012701270127012701270127012701270F8
:1018E00012701270127012701270127012701270E8
:1018F00012701270127012701270127012701270D8
:10190000127035BC35BC08A508A508A508A508A512
:1019100008A508A508A508A508A508A508A508A55F
:1019200008A508A508A508A508A508A54C16116ACC
:10193000116A116A116A116A116A116A116A116ACF
:10194000116A116A116A116A116A116A116A116ABF
:10195000116A116A116A116A116A116A116A116AAF
:10196000116A116A116A116A116A116A326DFFFFF8
:10197000A57719AB3AAEB5D9116A116AFFFFC67ADD
:10198000116A116A116A116A116A116A116A116A7F
:10199000116A116A116A116A116A116AFFFFC67A27
:1019A000116A116A116A116A116A116A116A116A5F
:1019B000116A116A116A116A116A116A116A116A4F
:1019C000116A116A116A116A116A116A116A116A3F
:1019D000116A116A116A116A116A116A116A116A2F
:1019E000116A116A4C1608A508A508A508A508A53E
:1019F00008A508A508A508A508A508A54C16116AFC
:101A0000116A116A116A116A116A116A116A116AFE
:101A1000116A116A116A116A116A116A116A116AEE
:101A2000116A116A116A116A116A116A116A116ADE
:101A3000116A116A116A116A42CFFFFFC65A3AAEA3
:101A400011AB116A116A116A7C54DF1DF7DFD6DC15
:101A50005330E73DFFFFFFFFFFFF951642EFFFFF0B
:101A60009516116A8494FFFF5350328EFFFFFFFFDB
:101A7000FFFFFFDFADD819AB116A116A116A116A55
:101A8000116A116A116A116A116A116A116A116A7E
:101A9000116A116A116A116A116A116A116A116A6E
:101AA000116A116A116A116A116A116A116A116A5E
:101AB000116A116A4C1608A508A508A508A508A56D
:101AC00008A508A508A508A508A508A535BC35BC26
:101AD00012701270127012701270127012701270F6
:101AE00012701270127012701270127012701270E6
:101AF00012701270127012702AF2FFFFD6FC127070
:101B000022B1FFFFE75E3B53FFFFFFFFFFFFEF7ECA
:101B100012707CF7E73DF7DFDF1D6C7612701A70EC
:101B20009D99F7BFFFFFFFFFFFFF64353B53FFFFAA
:101B3000FFFFFFFFEF7E2AF2FFFFFFFFF7DFD6DC9C
:101B40004BB412703B73FFFFFFFFFFFFFFDFDF1D92
:101B5000E73DFFDFDF1D3B531270127012701270F1
:101B60001270127012701270127012701270127065
:101B70001270127012701270127012701270127055
:101B8000127035BC35BC08A508A508A508A508A590
:101B900008A508A508A508A508A508A508A508A5DD
:101BA00008A508A508A508A508A508A54C16116A4A
:101BB000116A116A116A116A116A116A116A116A4D
:101BC000116A116A116A116A116A116A116A116A3D
:101BD000116A116A116A116A116A116A116A116A2D
:101BE000116A116A116A116A116A116A42CFFFFF04
:101BF000C65A3AAE11AB116A116AE73DFFFFFFFF0B
:101C0000FFFF9D57FFFFFFFFF7DFCEBB42EF116ADB
:101C1000328EFFFFFFFFFFFFEF7EE73DFFFFFFFF7D
:101C2000FFFF9516116A116A116A116A116A116A29
:101C3000116A116A116A116A116A116A116A116ACC
:101C4000116A116A116A116A116A116A116A116ABC
:101C5000116A116A116A116A116A116A116A116AAC
:101C6000116A116A4C1608A508A508A508A508A5BB
:101C700008A508A508A508A508A508A54C16116A79
:101C8000116A116A116A116A116A116A116A116A7C
:101C9000116A116A116A116A116A116A116A116A6C
:101CA000116A116A116A116A116A116A116A116A5C
:101CB000116A116A116A116A116A9516F7DFFFFF3E
:101CC000F7DFADB819AB5B71FFFF951619CBBE19E5
:101CD000F7BF220CFFFFC67A116A116A42EFFFFFBD
:101CE00094F6116A8494FFFF5350328EFFFFDEFC9E
:101CF00021EC7433FFFF8494116A116A116A116A2E
:101D0000116A116A116A116A116A116A116A116AFB
:101D1000116A116A116A116A116A116A116A116AEB
:101D2000116A116A116A116A116A116A116A116ADB
:101D3000116A116A4C1608A508A508A508A508A5EA
:101D400008A508A508A508A508A508A535BC35BCA3
:101D50001270127012701270127012701270127073
:101D60001270127012701270127012701270127063
:101D700012701270127012702AF2FFFFD6FC1270ED
:101D80006455FFFFBE5B3B53FFFFE73D33321270EC
:101D90005C35FFFF9D9922B1B63BFFFF439364552D
:101DA000FFFF9D9922D1C69BFFFF64353B53FFFF88
:101DB000E73D333212701270127012702AF2E75E31
:101DC000D6FD12703B73FFFFDF1D2AF2CEDCFFFF52
:101DD00074B75C15FFFF9D9912701270127012702B
:101DE00012701270127012701270127012701270E3
:101DF00012701270127012701270127012701270D3
:101E0000127035BC35BC08A508A508A508A508A50D
:101E100008A508A508A508A508A508A508A508A55A
:101E200008A508A508A508A508A508A54C16116AC7
:101E3000116A116A116A116A116A116A116A116ACA
:101E4000116A116A116A116A116A116A116A116ABA
:101E5000116A116A116A116A116A116A116A116AAA
:101E6000116A116A116A116A116A116A116A95166A
:101E7000F7DFFFFFF7DFADB819AB116AFFFFC67AD6
:101E8000116A116A116A116A220CE73DD6DC116AE7
:101E9000328EFFFFDF1D2A4D116A116AFFFFC67ADD
:101EA000116A116A116A116A116A116A116A116A5A
:101EB000116A116A116A116A116A116A116A116A4A
:101EC000116A116A116A116A116A116A116A116A3A
:101ED000116A116A116A116A116A116A116A116A2A
:101EE000116A116A4C1608A508A508A508A508A539
:101EF00008A508A508A508A508A508A54C16116AF7
:101F0000116A116A116A116A116A116A116A116AF9
:101F1000116A116A116A116A116A116A116A116AE9
:101F2000116A116A116A116A116A116A116A116AD9
:101F3000116A116A116A116A116A116A19AB4B0FA1
:101F4000C65AFFFF6C138CD5FFFFFFFFFFFFFFFF9B
:101F5000FFFF5330FFFFC67A116A116A42EFFFFF9D
:101F600094F6116A8494FFFF5350328EFFFFA597B9
:101F7000116A2A4DFFFFADD8116A116A116A116A00
:101F8000116A116A116A116A116A116A116A116A79
:101F9000116A116A116A116A116A116A116A116A69
:101FA000116A116A116A116A116A116A116A116A59
:101FB000116A116A4C1608A508A508A508A508A568
:101FC00008A508A508A508A508A508A535BC35BC21
:101FD00012701270127012701270127012701270F1
:101FE00012701270127012701270127012701270E1
:101FF00012701270127012702AF2FFFFFFFFFFFFC3
:10200000F7BFBE5B33123B53FFFFA5DA12701270AD
:102010008D58FFFF5BF5127074B7FFFF74968D58F3
:10202000FFFF5C1512708517FFFF64353B53FFFF00
:10203000A5DA127012703B33C6BCF7BFFFFFFFFF7B
:10204000F7DF12703B73FFFFA5DA1270B61AFFFFBD
:1020500033323332FFFFADFA127012701270127009
:102060001270127012701270127012701270127060
:102070001270127012701270127012701270127050
:10208000127035BC35BC08A508A508A508A508A58B
:1020900008A508A508A508A508A508A508A508A5D8
:1020A00008A508A508A508A508A508A54C16116A45
:1020B000116A116A116A116A116A116A116A116A48
:1020C000116A116A116A116A116A116A116A116A38
:1020D000116A116A116A116A116A116A116A116A28
:1020E000116A116A116A116A116A116A116A116A18
:1020F00019AB4B0FC65AFFFF6C13116AFFFFC67A6C
:10210000116A326DC67AF7BEFFFFFFFFF7BF116A93
:10211000328EFFFFA577116A116A116AFFFFC67A36
:10212000116A116A116A116A116A116A116A116AD7
:10213000116A116A116A116A116A116A116A116AC7
:10214000116A116A116A116A116A116A116A116AB7
:10215000116A116A116A116A116A116A116A116AA7
:10216000116A116A4C1608A508A508A508A508A5B6
:1021700008A508A508A508A508A508A54C16116A74
:10218000116A116A116A116A116A116A116A116A77
:10219000116A116A116A116A116A116A116A116A67
:1021A000116A116A116A116A116A116A116A116A57
:1021B000116A116A116A116A42CF9D573AAE19AB82
:1021C00094F6FFFF63B15B91FFFF8CD519AB116AE9
:1021D000116A116AFFDFD6DC118A116A328EFFFFA5
:1021E000B5F919CBC67AFFFF5350328EFFFFDEFCE4
:1021F00021EC7413FFFF8494116A116A116A116A49
:10220000116A116A116A116A116A116A116A116AF6
:10221000116A116A116A116A116A116A116A116AE6
:10222000116A116A116A116A116A116A116A116AD6
:10223000116A116A4C1608A508A508A508A508A5E5
:1022400008A508A508A508A508A508A535BC35BC9E
:10225000127012701270127012701270127012706E
:10226000127012701270127012701270127012705E
:1022700012701270127012702AF2FFFFD6FC1270E8
:102280001270127012703B53FFFFA5D912701270BA
:102290006435FFFF959922B1B63BFFFF4393645528
:1022A000FFFF9D9922B1C69BFFFF64353B53FFFFA3
:1022B000A5D9127012708D58FFFF74B63B33EF7EB4
:1022C000FFDF12703B73FFFFA5D91270B61AFFFF34
:1022D00033123332FFFFADFA1270127012701270A7
:1022E00012701270127012701270127012701270DE
:1022F00012701270127012701270127012701270CE
:10230000127035BC35BC08A508A508A508A508A508
:1023100008A508A508A508A508A508A508A508A555
:1023200008A508A508A508A508A508A54C16116AC2
:10233000116A116A116A116A116A116A116A116AC5
:10234000116A116A116A116A116A116A116A116AB5
:10235000116A116A116A116A116A116A116A116AA5
:10236000116A116A116A116A116A116A42CF9D5786
:102370003AAE19AB94F6FFFF63B1116AFFDFD6DC0A
:10238000118A8CD5FFFF6C13326DEF7EFFDF116A6F
:10239000328EFFFF9D57116A116A116AFFDFD6DC8A
:1023A000118A116A116A116A116A116A116A116A35
:1023B000116A116A116A116A116A116A116A116A45
:1023C000116A116A116A116A116A116A116A116A35
:1023D000116A116A116A116A116A116A116A116A25
:1023E000116A116A4C1608A508A508A508A508A534
:1023F00008A508A508A508A508A508A54C16116AF2
:10240000116A116A116A116A116A116A116A116AF4
:10241000116A116A116A116A116A116A116A116AE4
:10242000116A116A116A116A116A116A116A116AD4
:10243000116A116A116A116A326DC67AEF9EFFFF46
:10244000EF5D9536118A116A7C54DF1CFFFFFFFF98
:10245000FFFF19CB9516F7BFFFFF7433116AA577FD
:10246000F7DFFFFFFFFFFFFF5350328EFFFFFFFF3D
:10247000FFFFFFDFB5D819AB116A116A116A116A43
:10248000116A116A116A116A116A116A116A116A74
:10249000116A116A116A116A116A116A116A116A64
:1024A000116A116A116A116A116A116A116A116A54
:1024B000116A116A4C1608A508A508A508A508A563
:1024C00008A508A508A508A508A508A535BC35BC1C
:1024D00012701270127012701270127012701270EC
:1024E00012701270127012701270127012701270DC
:1024F00012701270127012702AF2FFFFD6FC127066
:102500001270127012703B53FFFFA5D91270127037
:10251000127084F7E75EFFDFDF3D6C9612701A7071
:102520009D99F7BFFFFFFFFFFFFF64353B53FFFFA0
:10253000A5D9127012703B53DF1DFFFFFFFFFFFF95
:10254000FFDF12703B73FFFFA5D91270B61AFFFFB1
:1025500033123332FFFFADFA127012701270127024
:10256000127012701270127012701270127012705B
:10257000127012701270127012701270127012704B
:10258000127035BC35BC08A508A508A508A508A586
:1025900008A508A508A508A508A508A508A508A5D3
:1025A00008A508A508A508A508A508A54C16116A40
:1025B000116A116A116A116A116A116A116A116A43
:1025C000116A116A116A116A116A116A116A116A33
:1025D000116A116A116A116A116A116A116A116A23
:1025E000116A116A116A116A116A116A326DC67A2A
:1025F000EF9EFFFFEF5D9536118A116A9516F7BFC2
:10260000FFFF8CB5D6FCFFFFFFFFFFFFFFDF116A66
:10261000328EFFFF9D57116A116A116A9516F7BF36
:10262000FFFF7433116A116A116A116A116A116A23
:10263000116A116A116A116A116A116A116A116AC2
:10264000116A116A116A116A116A116A116A116AB2
:10265000116A116A116A116A116A116A116A116AA2
:10266000116A116A4C1608A508A508A508A508A5B1
:1026700008A508A508A508A508A508A54C16116A6F
:10268000116A116A116A116A116A116A116A116A72
:10269000116A116A116A116A116A116A116A116A62
:1026A000116A116A116A116A116A116A116A116A52
:1026B000116A116A116A116A116A116A116A116A42
:1026C000116A116A116A116A116A116A116A116A32
:1026D000116A116A116A116A116A116A116A116A22
:1026E000116A116A116A116A116A328EFFFF9D57D1
:1026F000116A116A116A116A116A116A116A116A02
:10270000116A116A116A116A116A116A116A116AF1
:10271000116A116A116A116A116A116A116A116AE1
:10272000116A116A116A116A116A116A116A116AD1
:10273000116A116A4C1608A508A508A508A508A5E0
:1027400008A508A508A508A508A508A535BC35BC99
:102750001270127012701270127012701270127069
:102760001270127012701270127012701270127059
:102770001270127012701270127012701270127049
:102780001270127012701270127012701270127039
:102790001270127012701270127012701270127029
:1027A0001270127022D1B63AFFFF4373127012708A
:1027B0001270127012701270127012701270127009
:1027C00012701270127012701270127012701270F9
:1027D00012701270127012701270127012701270E9
:1027E00012701270127012701270127012701270D9
:1027F00012701270127012701270127012701270C9
:10280000127035BC35BC08A508A508A508A508A503
:1028100008A508A508A508A508A508A508A508A550
:1028200008A508A508A508A508A508A54C16116ABD
:10283000116A116A116A116A116A116A116A116AC0
:10284000116A116A116A116A116A116A116A116AB0
:10285000116A116A116A116A116A116A116A116AA0
:10286000116A116A116A116A116A116A116A116A90
:10287000116A116A116A116A116A116A116A116A80
:10288000116A116A116A116A116A116A116A116A70
:10289000116A116A116A116A116A116A116A116A60
:1028A000116A116A116A116A116A116A116A116A50
:1028B000116A116A116A116A116A116A116A116A40
:1028C000116A116A116A116A116A116A116A116A30
:1028D000116A116A116A116A116A116A116A116A20
:1028E000116A116A4C1608A508A508A508A508A52F
:1028F00008A508A508A508A508A508A54C16116AED
:10290000116A116A116A116A116A116A116A116AEF
:10291000116A116A116A116A116A116A116A116ADF
:10292000116A116A116A116A116A116A116A116ACF
:10293000116A116A116A116A116A116A116A116ABF
:10294000116A116A116A116A116A116A116A116AAF
:10295000116A116A116A116A116A116A116A116A9F
:10296000116A116A116A116A116A328EFFFF9D574E
:10297000116A116A116A116A116A116A116A116A7F
:10298000116A116A116A116A116A116A116A116A6F
:10299000116A116A116A116A116A116A116A116A5F
:1029A000116A116A116A116A116A116A116A116A4F
:1029B000116A116A4C1608A508A508A508A508A55E
:1029C00008A508A508A508A508A508A535BC35BC17
:1029D00012701270127012701270127012701270E7
:1029E00012701270127012701270127012701270D7
:1029F00012701270127012701270127012701270C7
:102A000012701270127012701270127012701270B6
:102A100012701270127012701270127012701270A6
:102A2000E75EFFFFF7DFDF1D74B6127012701270E1
:102A30001270127012701270127012701270127086
:102A40001270127012701270127012701270127076
:102A50001270127012701270127012701270127066
:102A60001270127012701270127012701270127056
:102A70001270127012701270127012701270127046
:102A8000127035BC35BC08A508A508A508A508A581
:102A900008A508A508A508A508A508A508A508A5CE
:102AA00008A508A508A508A508A508A54C16116A3B
:102AB000116A116A116A116A116A116A116A116A3E
:102AC000116A116A116A116A116A116A116A116A2E
:102AD000116A116A116A116A116A116A116A116A1E
:102AE000116A116A116A116A116A116A116A116A0E
:102AF000116A116A116A116A116A116A116A116AFE
:102B0000116A116A116A116A116A116A116A116AED
:102B1000116A116A116A116A116A116A116A116ADD
:102B2000116A116A116A116A116A116A116A116ACD
:102B3000116A116A116A116A116A116A116A116ABD
:102B4000116A116A116A116A116A116A116A116AAD
:102B5000116A116A116A116A116A116A116A116A9D
:102B6000116A116A4C1608A508A508A508A508A5AC
:102B700008A508A508A508A508A508A54C16116A6A
:102B8000116A116A116A116A116A116A116A116A6D
:102B9000116A116A116A116A116A116A116A116A5D
:102BA000116A116A116A116A116A116A116A116A4D
:102BB000116A116A116A116A116A116A116A116A3D
:102BC000116A116A116A116A116A116A116A116A2D
:102BD000116A116A116A116A116A116A116A116A1D
:102BE000116A116A116A116A116A116A116A116A0D
:102BF000116A116A116A116A116A116A116A116AFD
:102C0000116A116A116A116A116A116A116A116AEC
:102C1000116A116A116A116A116A116A116A116ADC
:102C2000116A116A116A116A116A116A116A116ACC
:102C3000116A116A4C1608A508A508A508A508A5DB
:102C400008A508A508A508A508A508A535BC35BC94
:102C50001270127012701270127012701270127064
:102C60001270127012701270127012701270127054
:102C70001270127012701270127012701270127044
:102C80001270127012701270127012701270127034
:102C90001270127012701270127012701270127024
:102CA0001270127012701270127012701270127014
:102CB0001270127012701270127012701270127004
:102CC00012701270127012701270127012701270F4
:102CD00012701270127012701270127012701270E4
:102CE00012701270127012701270127012701270D4
:102CF00012701270127012701270127012701270C4
:102D0000127035BC35BC08A508A508A508A508A5FE
:102D100008A508A508A508A508A508A508A508A54B
:102D200008A508A508A508A508A508A54C16116AB8
:102D3000116A116A116A116A116A116A116A116ABB
:102D4000116A116A116A116A116A116A116A116AAB
:102D5000116A116A116A116A116A116A116A116A9B
:102D6000116A116A116A116A116A116A116A116A8B
:102D7000116A116A116A116A116A116A116A116A7B
:102D8000116A116A116A116A116A116A116A116A6B
:102D9000116A116A116A116A116A116A116A116A5B
:102DA000116A116A116A116A116A116A116A116A4B
:102DB000116A116A116A116A116A116A116A116A3B
:102DC000116A116A116A116A116A116A116A116A2B
:102DD000116A116A116A116A116A116A116A116A1B
:102DE000116A116A4C1608A508A508A508A508A52A
:102DF00008A508A508A508A508A508A54C16116AE8
:102E0000116A116A116A116A116A116A116A116AEA
:102E1000116A116A116A116A116A116A116A116ADA
:102E2000116A116A116A116A116A116A116A116ACA
:102E3000116A116A116A116A116A116A116A116ABA
:102E4000116A116A116A116A116A116A116A116AAA
:102E5000116A116A116A116A116A116A116A116A9A
:102E6000116A116A116A116A116A116A116A116A8A
:102E7000116A116A116A116A116A116A116A116A7A
:102E8000116A116A116A116A116A116A116A116A6A
:102E9000116A116A116A116A116A116A116A116A5A
:102EA000116A116A116A116A116A116A116A116A4A
:102EB000116A116A4C1608A508A508A508A508A559
:102EC00008A508A508A508A508A508A535BC35BC12
:102ED00012701270127012701270127012701270E2
:102EE00012701270127012701270127012701270D2
:102EF00012701270127012701270127012701270C2
:102F000012701270127012701270127012701270B1
:102F100012701270127012701270127012701270A1
:102F20001270127012701270127012701270127091
:102F30001270127012701270127012701270127081
:102F40001270127012701270127012701270127071
:102F50001270127012701270127012701270127061
:102F60001270127012701270127012701270127051
:102F70001270127012701270127012701270127041
:102F8000127035BC35BC08A508A508A508A508A57C
:102F900008A508A508A508A508A508A508A508A5C9
:102FA00008A508A508A508A508A508A54C16116A36
:102FB000116A116A116A116A116A116A116A116A39
:102FC000116A116A116A116A116A116A116A116A29
:102FD000116A116A116A116A116A116A116A116A19
:102FE000116A116A116A116A116A116A116A116A09
:102FF000116A116A116A116A116A116A116A116AF9
:10300000116A116A116A116A116A116A116A116AE8
:10301000116A116A116A116A116A116A116A116AD8
:10302000116A116A116A116A116A116A116A116AC8
:10303000116A116A116A116A116A116A116A116AB8
:10304000116A116A116A116A116A116A116A116AA8
:10305000116A116A116A116A116A116A116A116A98
:10306000116A116A4C1608A508A508A508A508A5A7
:1030700008A508A508A508A508A508A54C16116A65
:10308000116A116A116A116A116A116A116A116A68
:10309000116A116A116A116A116A116A116A116A58
:1030A000116A116A116A116A116A116A116A116A48
:1030B000116A116A116A116A116A116A116A116A38
:1030C000116A116A116A116A116A116A116A116A28
:1030D000116A116A116A116A116A116A116A116A18
:1030E000116A116A116A116A116A116A116A116A08
:1030F000116A116A116A116A116A116A116A116AF8
:10310000116A116A116A116A116A116A116A116AE7
:10311000116A116A116A116A116A116A116A116AD7
:10312000116A116A116A116A116A116A116A116AC7
:10313000116A116A4C1608A508A508A508A508A5D6
:1031400008A508A508A508A508A508A535BC35BC8F
:10315000127012701270127012701270127012705F
:10316000127012701270127012701270127012704F
:10317000127012701270127012701270127012703F
:10318000127012701270127012701270127012702F
:10319000127012701270127012701270127012701F
:1031A000127012701270127012701270127012700F
:1031B00012701270127012701270127012701270FF
:1031C00012701270127012701270127012701270EF
:1031D00012701270127012701270127012701270DF
:1031E00012701270127012701270127012701270CF
:1031F00012701270127012701270127012701270BF
:10320000127035BC35BC08A508A508A508A508A5F9
:1032100008A508A508A508A508A508A508A508A546
:1032200008A508A508A508A508A508A54C16116AB3
:10323000116A116A116A116A116A116A116A116AB6
:10324000116A116A116A116A116A116A116A116AA6
:10325000116A116A116A116A116A116A116A116A96
:10326000116A116A116A116A116A116A116A116A86
:10327000116A116A116A116A116A116A116A116A76
:10328000116A116A116A116A116A116A116A116A66
:10329000116A116A116A116A116A116A116A116A56
:1032A000116A116A116A116A116A116A116A116A46
:1032B000116A116A116A116A116A116A116A116A36
:1032C000116A116A116A116A116A116A116A116A26
:1032D000116A116A116A116A116A116A116A116A16
:1032E000116A116A4C1608A508A508A508A508A525
:1032F00008A508A508A508A508A508A54C16116AE3
:10330000116A116A116A116A116A116A116A116AE5
:10331000116A116A116A116A116A116A116A116AD5
:10332000116A116A116A116A116A116A116A116AC5
:10333000116A116A116A116A116A116A116A116AB5
:10334000116A116A116A116A116A116A116A116AA5
:10335000116A116A116A116A116A116A116A116A95
:10336000116A116A116A116A116A116A116A116A85
:10337000116A116A116A116A116A116A116A116A75
:10338000116A116A116A116A116A116A116A116A65
:10339000116A116A116A116A116A116A116A116A55
:1033A000116A116A116A116A116A116A116A116A45
:1033B000116A116A4C1608A508A508A508A508A554
:1033C00008A508A508A508A508A508A535BC35BC0D
:1033D00012701270127012701270127012701270DD
:1033E00012701270127012701270127012701270CD
:1033F00012701270127012701270127012701270BD
:1034000012701270127012701270127012701270AC
:10341000127012701270127012701270127012709C
:10342000127012701270127012701270127012708C
:10343000127012701270127012701270127012707C
:10344000127012701270127012701270127012706C
:10345000127012701270127012701270127012705C
:10346000127012701270127012701270127012704C
:10347000127012701270127012701270127012703C
:10348000127035BC35BC08A508A508A508A508A577
:1034900008A508A508A508A508A508A508A508A5C4
:1034A00008A508A508A508A508A508A54C16116A31
:1034B000116A116A116A116A116A116A116A116A34
:1034C000116A116A116A116A116A116A116A116A24
:1034D000116A116A116A116A116A116A116A116A14
:1034E000116A116A116A116A116A116A116A116A04
:1034F000116A116A116A116A116A116A116A116AF4
:10350000116A116A116A116A116A116A116A116AE3
:10351000116A116A116A116A116A116A116A116AD3
:10352000116A116A116A116A116A116A116A116AC3
:10353000116A116A116A116A116A116A116A116AB3
:10354000116A116A116A116A116A116A116A116AA3
:10355000116A116A116A116A116A116A116A116A93
:10356000116A116A4C1608A508A508A508A508A5A2
:1035700008A508A508A508A508A508A54C16116A60
:10358000116A116A116A116A116A116A116A116A63
:10359000116A116A116A116A116A116A116A116A53
:1035A000116A116A116A116A116A116A116A116A43
:1035B000116A116A116A116A116A116A116A116A33
:1035C000116A116A116A116A116A116A116A116A23
:1035D000116A116A116A116A116A116A116A116A13
:1035E000116A116A116A116A116A116A116A116A03
:1035F000116A116A116A116A116A116A116A116AF3
:10360000116A116A116A116A116A116A116A116AE2
:10361000116A116A116A116A116A116A116A116AD2
:10362000116A116A116A116A116A116A116A116AC2
:10363000116A116A4C1608A508A508A508A508A5D1
:1036400008A508A508A508A508A508A535BC35BC8A
:10365000127012701270127012701270127012705A
:10366000127012701270127012701270127012704A
:10367000127012701270127012701270127012703A
:10368000127012701270127012701270127012702A
:10369000127012701270127012701270127012701A
:1036A000127012701270127012701270127012700A
:1036B00012701270127012701270127012701270FA
:1036C00012701270127012701270127012701270EA
:1036D00012701270127012701270127012701270DA
:1036E00012701270127012701270127012701270CA
:1036F00012701270127012701270127012701270BA
:10370000127035BC35BC08A508A508A508A508A5F4
:1037100008A508A508A508A508A508A508A508A541
:1037200008A508A508A508A508A508A54C16116AAE
:10373000116A116A116A116A116A116A116A116AB1
:10374000116A116A116A116A116A116A116A116AA1
:10375000116A116A116A116A116A116A116A116A91
:10376000116A116A116A116A116A116A116A116A81
:10377000116A116A116A116A116A116A116A116A71
:10378000116A116A116A116A116A116A116A116A61
:10379000116A116A116A116A116A116A116A116A51
:1037A000116A116A116A116A116A116A116A116A41
:1037B000116A116A116A116A116A116A116A116A31
:1037C000116A116A116A116A116A116A116A116A21
:1037D000116A116A116A116A116A116A116A116A11
:1037E000116A116A4C1608A508A508A508A508A520
:1037F00008A508A508A508A508A508A54C16116ADE
:10380000116A116A116A116A116A116A116A116AE0
:10381000116A116A116A116A116A116A116A116AD0
:10382000116A116A116A116A116A116A116A116AC0
:10383000116A116A116A116A116A116A116A116AB0
:10384000116A116A116A116A116A116A116A116AA0
:10385000116A116A116A116A116A116A116A116A90
:10386000116A116A116A116A116A116A116A116A80
:10387000116A116A116A116A116A116A116A116A70
:10388000116A116A116A116A116A116A116A116A60
:10389000116A116A116A116A116A116A116A116A50
:1038A000116A116A116A116A116A116A116A116A40
:1038B000116A116A4C1608A508A508A508A508A54F
:1038C00008A508A508A508A508A508A535BC35BC08
:1038D00012701270127012701270127012701270D8
:1038E00012701270127012701270127012701270C8
:1038F00012701270127012701270127012701270B8
:1039000012701270127012701270127012701270A7
:103910001270127012701270127012701270127097
:103920001270127012701270127012701270127087
:103930001270127012701270127012701270127077
:103940001270127012701270127012701270127067
:103950001270127012701270127012701270127057
:103960001270127012701270127012701270127047
:103970001270127012701270127012701270127037
:10398000127035BC35BC08A508A508A508A508A572
:1039900008A508A508A508A508A508A508A508A5BF
:1039A00008A508A508A508A508A508A54C16116A2C
:1039B000116A116A116A116A116A116A116A116A2F
:1039C000116A116A116A116A116A116A116A116A1F
:1039D000116A116A116A116A116A116A116A116A0F
:1039E000116A116A116A116A116A116A116A116AFF
:1039F000116A116A116A116A116A116A116A116AEF
:103A0000116A116A116A116A116A116A116A116ADE
:103A1000116A116A116A116A116A116A116A116ACE
:103A2000116A116A116A116A116A116A116A116ABE
:103A3000116A116A116A116A116A116A116A116AAE
:103A4000116A116A116A116A116A116A116A116A9E
:103A5000116A116A116A116A116A116A116A116A8E
:103A6000116A116A4C1608A508A508A508A508A59D
:103A700008A508A508A508A508A508A54C16116A5B
:103A8000116A116A116A116A116A116A116A116A5E
:103A9000116A116A116A116A116A116A116A116A4E
:103AA000116A116A116A116A116A116A116A116A3E
:103AB000116A116A116A116A116A116A116A116A2E
:103AC000116A116A116A116A116A116A116A116A1E
:103AD000116A116A116A116A116A116A116A116A0E
:103AE000116A116A116A116A116A116A116A116AFE
:103AF000116A116A116A116A116A116A116A116AEE
:103B0000116A116A116A116A116A116A116A116ADD
:103B1000116A116A116A116A116A116A116A116ACD
:103B2000116A116A116A116A116A116A116A116ABD
:103B3000116A116A4C1608A508A508A508A508A5CC
:103B400008A508A508A508A508A508A535BC35BC85
:103B50001270127012701270127012701270127055
:103B60001270127012701270127012701270127045
:103B70001270127012701270127012701270127035
:103B80001270127012701270127012701270127025
:103B90001270127012701270127012701270127015
:103BA0001270127012701270127012701270127005
:103BB00012701270127012701270127012701270F5
:103BC00012701270127012701270127012701270E5
:103BD00012701270127012701270127012701270D5
:103BE00012701270127012701270127012701270C5
:103BF00012701270127012701270127012701270B5
:103C0000127035BC35BC08A508A508A508A508A5EF
:103C100008A508A508A508A508A508A508A508A53C
:103C200008A508A508A508A508A508A508A54C1677
:103C3000116A116A116A116A116A116A116A116AAC
:103C4000116A116A116A116A116A116A116A116A9C
:103C5000116A116A116A116A116A116A116A116A8C
:103C6000116A116A116A116A116A116A116A116A7C
:103C7000116A116A116A116A116A116A116A116A6C
:103C8000116A116A116A116A116A116A116A116A5C
:103C9000116A116A116A116A116A116A116A116A4C
:103CA000116A116A116A116A116A116A116A116A3C
:103CB000116A116A116A116A116A116A116A116A2C
:103CC000116A116A116A116A116A116A116A116A1C
:103CD000116A116A116A116A116A116A116A116A0C
:103CE000116A4C1608A508A508A508A508A508A5E9
:103CF00008A508A508A508A508A508A508A54C16A7
:103D0000116A116A116A116A116A116A116A116ADB
:103D1000116A116A116A116A116A116A116A116ACB
:103D2000116A116A116A116A116A116A116A116ABB
:103D3000116A116A116A116A116A116A116A116AAB
:103D4000116A116A116A116A116A116A116A116A9B
:103D5000116A116A116A116A116A116A116A116A8B
:103D6000116A116A116A116A116A116A116A116A7B
:103D7000116A116A116A116A116A116A116A116A6B
:103D8000116A116A116A116A116A116A116A116A5B
:103D9000116A116A116A116A116A116A116A116A4B
:103DA000116A116A116A116A116A116A116A116A3B
:103DB000116A4C1608A508A508A508A508A508A518
:103DC00008A508A508A508A508A508A508A535BC47
:103DD00035BC127012701270127012701270127064
:103DE00012701270127012701270127012701270C3
:103DF00012701270127012701270127012701270B3
:103E000012701270127012701270127012701270A2
:103E10001270127012701270127012701270127092
:103E20001270127012701270127012701270127082
:103E30001270127012701270127012701270127072
:103E40001270127012701270127012701270127062
:103E50001270127012701270127012701270127052
:103E60001270127012701270127012701270127042
:103E70001270127012701270127012701270127032
:103E800035BC35BC08A508A508A508A508A508A542
:103E900008A508A508A508A508A508A508A508A5BA
:103EA00008A508A508A508A508A508A508A508A5AA
:103EB0004C16116A116A116A116A116A116A116A43
:103EC000116A116A116A116A116A116A116A116A1A
:103ED000116A116A116A116A116A116A116A116A0A
:103EE000116A116A116A116A116A116A116A116AFA
:103EF000116A116A116A116A116A116A116A116AEA
:103F0000116A116A116A116A116A116A116A116AD9
:103F1000116A116A116A116A116A116A116A116AC9
:103F2000116A116A116A116A116A116A116A116AB9
:103F3000116A116A116A116A116A116A116A116AA9
:103F4000116A116A116A116A116A116A116A116A99
:103F5000116A116A116A116A116A116A116A116A89
:103F60004C1608A508A508A508A508A508A508A534
:103F700008A508A508A508A508A508A508A508A5D9
:103F80004C16116A116A116A116A116A116A116A72
:103F9000116A116A116A116A116A116A116A116A49
:103FA000116A116A116A116A116A116A116A116A39
:103FB000116A116A116A116A116A116A116A116A29
:103FC000116A116A116A116A116A116A116A116A19
:103FD000116A116A116A116A116A116A116A116A09
:103FE000116A116A116A116A116A116A116A116AF9
:103FF000116A116A116A116A116A116A116A116AE9
:10400000116A116A116A116A116A116A116A116AD8
:10401000116A116A116A116A116A116A116A116AC8
:10402000116A116A116A116A116A116A116A116AB8
:104030004C1608A508A508A508A508A508A508A563
:1040400008A508A508A508A508A508A508A508A508
:1040500035BC35BC12701270127012701270127072
:104060001270127012701270127012701270127040
:104070001270127012701270127012701270127030
:104080001270127012701270127012701270127020
:104090001270127012701270127012701270127010
:1040A0001270127012701270127012701270127000
:1040B00012701270127012701270127012701270F0
:1040C00012701270127012701270127012701270E0
:1040D00012701270127012701270127012701270D0
:1040E00012701270127012701270127012701270C0
:1040F000127012701270127012701270127035BC41
:1041000035BC08A508A508A508A508A508A508A503
:1041100008A508A508A508A508A508A508A508A537
:1041200008A508A508A508A508A508A508A508A527
:1041300008A54C16116A116A116A116A116A116A8E
:10414000116A116A116A116A116A116A116A116A97
:10415000116A116A116A116A116A116A116A116A87
:10416000116A116A116A116A116A116A116A116A77
:10417000116A116A116A116A116A116A116A116A67
:10418000116A116A116A116A116A116A116A116A57
:10419000116A116A116A116A116A116A116A116A47
:1041A000116A116A116A116A116A116A116A116A37
:1041B000116A116A116A116A116A116A116A116A27
:1041C000116A116A116A116A116A116A116A116A17
:1041D000116A116A116A116A116A116A116A4C1620
:1041E00008A508A508A508A508A508A508A508A567
:1041F00008A508A508A508A508A508A508A508A557
:1042000008A54C16116A116A116A116A116A116ABD
:10421000116A116A116A116A116A116A116A116AC6
:10422000116A116A116A116A116A116A116A116AB6
:10423000116A116A116A116A116A116A116A116AA6
:10424000116A116A116A116A116A116A116A116A96
:10425000116A116A116A116A116A116A116A116A86
:10426000116A116A116A116A116A116A116A116A76
:10427000116A116A116A116A116A116A116A116A66
:10428000116A116A116A116A116A116A116A116A56
:10429000116A116A116A116A116A116A116A116A46
:1042A000116A116A116A116A116A116A116A4C164F
:1042B00008A508A508A508A508A508A508A508A596
:1042C00008A508A508A508A508A508A508A508A586
:1042D00008A535BC35BC35BC35BC35BC35BC35BC9A
:1042E00035BC35BC35BC35BC35BC35BC35BC35BC46
:1042F00035BC35BC35BC35BC35BC35BC35BC35BC36
:1043000035BC35BC35BC35BC35BC35BC35BC35BC25
:1043100035BC35BC35BC35BC35BC35BC35BC35BC15
:1043200035BC35BC35BC35BC35BC35BC35BC35BC05
:1043300035BC35BC35BC35BC35BC35BC35BC35BCF5
:1043400035BC35BC35BC35BC35BC35BC35BC35BCE5
:1043500035BC35BC35BC35BC35BC35BC35BC35BCD5
:1043600035BC35BC35BC35BC35BC35BC35BC35BCC5
:1043700035BC35BC35BC35BC35BC35BC35BC35BCB5
:1043800008A508A508A508A508A508A508A508A5C5
:1043900008A508A508A508A508A508A508A508A5B5
:1043A00008A508A508A508A508A508A508A508A5A5
:1043B00008A508A54C164C164C164C164C164C1657
:1043C0004C164C164C164C164C164C164C164C16DD
:1043D0004C164C164C164C164C164C164C164C16CD
:1043E0004C164C164C164C164C164C164C164C16BD
:1043F0004C164C164C164C164C164C164C164C16AD
:104400004C164C164C164C164C164C164C164C169C
:104410004C164C164C164C164C164C164C164C168C
:104420004C164C164C164C164C164C164C164C167C
:104430004C164C164C164C164C164C164C164C166C
:104440004C164C164C164C164C164C164C164C165C
:104450004C164C164C164C164C164C164C1608A501
:1044600008A508A508A508A508A508A508A508A5E4
:1044700008A508A508A508A508A508A508A508A5D4
:1044800008A508A54C164C164C164C164C164C1686
:104490004C164C164C164C164C164C164C164C160C
:1044A0004C164C164C164C164C164C164C164C16FC
:1044B0004C164C164C164C164C164C164C164C16EC
:1044C0004C164C164C164C164C164C164C164C16DC
:1044D0004C164C164C164C164C164C164C164C16CC
:1044E0004C164C164C164C164C164C164C164C16BC
:1044F0004C164C164C164C164C164C164C164C16AC
:104500004C164C164C164C164C164C164C164C169B
:104510004C164C164C164C164C164C164C164C168B
:104520004C164C164C164C164C164C164C1608A530
:1045300008A508A508A508A508A508A508A508A513
:1045400008A508A508A508A508A508A508A508A503
:1045500008A508A535BC35BC35BC35BC35BC35BC5B
:1045600035BC35BC35BC35BC35BC35BC35BC35BCC3
:1045700035BC35BC35BC35BC35BC35BC35BC35BCB3
:1045800035BC35BC35BC35BC35BC35BC35BC35BCA3
:1045900035BC35BC35BC35BC35BC35BC35BC35BC93
:1045A00035BC35BC35BC35BC35BC35BC35BC35BC83
:1045B00035BC35BC35BC35BC35BC35BC35BC35BC73
:1045C00035BC35BC35BC35BC35BC35BC35BC35BC63
:1045D00035BC35BC35BC35BC35BC35BC35BC35BC53
:1045E00035BC35BC35BC35BC35BC35BC35BC35BC43
:1045F00035BC35BC35BC35BC35BC35BC35BC08A577
:1046000008A508A508A508A508A508A508A508A542
:1046100008A508A508A508A508A508A508A508A532
:1046200008A508A508A508A508A508A508A508A522
:1046300008A508A508A508A508A508A508A508A512
:1046400008A508A508A508A508A508A508A508A502
:1046500008A508A508A508A508A508A508A508A5F2
:1046600008A508A508A508A508A508A508A508A5E2
:1046700008A508A508A508A508A508A508A508A5D2
:1046800008A508A508A508A508A508A508A508A5C2
:1046900008A508A508A508A508A508A508A508A5B2
:1046A00008A508A508A508A508A508A508A508A5A2
:1046B00008A508A508A508A508A508A508A508A592
:1046C00008A508A508A508A508A508A508A508A582
:1046D00008A508A508A508A508A508A508A508A572
:1046E00008A508A508A508A508A508A508A508A562
:1046F00008A508A508A508A508A508A508A508A552
:1047000008A508A508A508A508A508A508A508A541
:1047100008A508A508A508A508A508A508A508A531
:1047200008A508A508A508A508A508A508A508A521
:1047300008A508A508A508A508A508A508A508A511
:1047400008A508A508A508A508A508A508A508A501
:1047500008A508A508A508A508A508A508A508A5F1
:1047600008A508A508A508A508A508A508A508A5E1
:1047700008A508A508A508A508A508A508A508A5D1
:1047800008A508A508A508A508A508A508A508A5C1
:1047900008A508A508A508A508A508A508A508A5B1
:1047A00008A508A508A508A508A508A508A508A5A1
:1047B00008A508A508A508A508A508A508A508A591
:1047C00008A508A508A508A508A508A508A508A581
:1047D00008A508A508A508A508A508A508A508A571
:1047E00008A508A508A508A508A508A508A508A561
:1047F00008A508A508A508A508A508A508A508A551
:1048000008A508A508A508A508A508A508A508A540
:1048100008A508A508A508A508A508A508A508A530
:1048200008A508A508A508A508A508A508A508A520
:1048300008A508A508A508A508A508A508A508A510
:1048400008A508A508A508A508A508A508A508A500
:1048500008A508A508A508A508A508A508A508A5F0
:1048600008A508A508A508A508A508A508A508A5E0
:1048700008A508A508A508A508A508A508A508A5D0
:1048800008A508A508A508A508A508A508A508A5C0
:1048900008A508A508A508A508A508A508A508A5B0
:1048A00008A508A508A508A508A508A508A508A5A0
:1048B00008A508A508A508A508A508A508A508A590
:1048C00008A508A508A508A508A508A508A508A580
:1048D00008A508A508A508A508A508A508A508A570
:1048E00008A508A508A508A508A508A508A508A560
:1048F00008A508A508A508A508A508A508A508A550
:1049000008A508A508A508A508A508A508A508A53F
:1049100008A508A508A508A508A508A508A508A52F
:1049200008A508A508A508A508A508A508A508A51F
:1049300008A508A508A508A508A508A508A508A50F
:1049400008A508A508A508A508A508A508A508A5FF
:1049500008A508A508A508A508A508A508A508A5EF
:1049600008A508A508A508A508A508A508A508A5DF
:1049700008A508A508A508A508A508A508A508A5CF
:1049800008A508A508A508A508A508A508A508A5BF
:1049900008A508A508A508A508A508A508A508A5AF
:1049A00008A508A508A508A508A508A508A508A59F
:1049B00008A508A508A508A508A508A508A508A58F
:1049C00008A508A508A508A508A508A508A508A57F
:1049D00008A508A508A508A508A508A508A508A56F
:1049E00008A508A508A508A508A508A508A508A55F
:1049F00008A508A508A508A508A508A508A508A54F
:104A000008A508A508A508A508A508A508A508A53E
:104A100008A508A508A508A508A508A508A508A52E
:104A200008A508A508A508A508A508A508A508A51E
:104A300008A508A508A508A508A508A508A508A50E
:104A400008A508A508A508A508A508A508A508A5FE
:104A500008A508A508A508A508A508A508A508A5EE
:104A600008A508A508A508A508A508A508A508A5DE
:104A700008A508A508A508A508A508A508A508A5CE
:104A800008A508A508A508A508A508A508A508A5BE
:104A900008A508A508A508A508A508A508A508A5AE
:104AA00008A508A508A508A508A508A508A508A59E
:104AB00008A508A508A508A508A508A508A508A58E
:104AC00008A508A508A508A508A508A508A508A57E
:104AD00008A508A508A508A508A508A508A508A56E
:104AE00008A508A508A508A508A508A508A508A55E
:104AF00008A508A508A508A508A508A508A508A54E
:104B000008A508A508A508A508A508A508A508A53D
:104B100008A508A508A508A508A508A508A508A52D
:104B200008A508A508A508A508A508A508A508A51D
:104B300008A508A508A508A508A508A508A508A50D
:104B400008A508A508A508A508A508A508A508A5FD
:104B500008A508A508A508A508A508A508A508A5ED
:104B600008A508A508A508A508A508A508A508A5DD
:104B700008A508A508A508A508A508A508A508A5CD
:104B800008A508A508A508A508A508A508A508A5BD
:104B900008A508A508A508A508A508A508A508A5AD
:104BA00008A508A508A508A508A508A508A508A59D
:104BB00008A508A508A508A508A508A508A508A58D
:104BC00008A508A508A508A508A508A508A508A57D
:104BD00008A508A508A508A508A508A508A508A56D
:104BE00008A508A508A508A508A508A508A508A55D
:104BF00008A508A508A508A508A508A508A508A54D
:104C000008A508A508A508A508A508A508A508A53C
:104C100008A508A508A508A508A508A508A508A52C
:104C200008A508A508A508A508A508A508A508A51C
:104C300008A508A508A508A508A508A508A508A50C
:104C400008A508A508A508A508A508A508A508A5FC
:104C500008A508A508A508A508A508A508A508A5EC
:104C600008A508A508A508A508A508A508A508A5DC
:104C700008A508A508A508A508A508A508A508A5CC
:104C800008A508A508A508A508A508A508A508A5BC
:104C900008A508A508A508A508A508A508A508A5AC
:104CA00008A508A508A508A508A508A508A508A59C
:104CB00008A508A508A508A508A508A508A508A58C
:104CC00008A508A508A508A508A508A508A508A57C
:104CD00008A508A508A508A508A508A508A508A56C
:104CE00008A508A508A508A508A508A508A508A55C
:104CF00008A508A508A508A508A508A508A508A54C
:104D000008A508A508A508A508A508A508A508A53B
:104D100008A508A508A508A508A508A508A508A52B
:104D200008A508A508A508A508A508A508A508A51B
:104D300008A508A508A508A508A508A508A508A50B
:104D400008A508A508A508A508A508A508A508A5FB
:104D500008A508A508A508A508A508A508A508A5EB
:104D600008A508A508A508A508A508A508A508A5DB
:104D700008A508A508A508A508A508A508A508A5CB
:104D800008A508A508A508A508A508A508A508A5BB
:104D900008A508A508A508A508A508A508A508A5AB
:104DA00008A508A508A508A508A508A508A508A59B
:104DB00008A508A508A508A508A508A508A508A58B
:104DC00008A508A508A508A508A508A508A508A57B
:104DD00008A508A508A508A508A508A508A508A56B
:104DE00008A508A508A508A508A508A508A508A55B
:104DF00008A508A508A508A508A508A508A508A54B
:104E000008A508A508A508A508A508A508A508A53A
:104E100008A508A508A508A508A508A508A508A52A
:104E200008A508A508A508A508A508A508A508A51A
:104E300008A508A508A508A508A508A508A508A50A
:104E400008A508A508A508A508A508A508A508A5FA
:104E500008A508A508A508A508A508A508A508A5EA
:104E600008A508A508A508A508A508A508A508A5DA
:104E700008A508A508A508A508A508A508A508A5CA
:104E800008A508A508A508A508A508A508A508A5BA
:104E900008A508A508A508A508A508A508A508A5AA
:104EA00008A508A508A508A508A508A508A508A59A
:104EB00008A508A508A508A508A508A508A508A58A
:104EC00008A508A508A508A508A508A508A508A57A
:104ED00008A508A508A508A508A508A508A508A56A
:104EE00008A508A508A508A508A508A508A508A55A
:104EF00008A508A508A508A508A508A508A508A54A
:104F000008A508A508A508A508A508A508A508A539
:104F100008A508A508A508A508A508A508A508A529
:104F200008A508A508A508A508A508A508A508A519
:104F300008A508A508A508A508A508A508A508A509
:104F400008A508A508A508A508A508A508A508A5F9
:104F500008A508A508A508A508A508A508A508A5E9
:104F600008A508A508A508A508A508A508A508A5D9
:104F700008A508A508A508A508A508A508A508A5C9
:104F800008A508A508A508A508A508A508A508A5B9
:104F900008A508A508A508A508A508A508A508A5A9
:104FA00008A508A508A508A508A508A508A508A599
:104FB00008A508A508A508A508A508A508A508A589
:104FC00008A508A508A508A508A508A508A508A579
:104FD00008A508A508A508A508A508A508A508A569
:104FE00008A508A508A508A508A508A508A508A559
:104FF00008A508A508A508A508A508A508A508A549
:1050000008A508A508A508A508A508A508A508A538
:1050100008A508A508A508A508A508A508A508A528
:1050200008A508A508A508A508A508A508A508A518
:1050300008A508A508A508A508A508A508A508A508
:1050400008A508A508A508A508A508A508A508A5F8
:1050500008A508A508A508A508A508A508A508A5E8
:1050600008A508A508A508A508A508A508A508A5D8
:1050700008A508A508A508A508A508A508A508A5C8
:1050800008A508A508A508A508A508A508A508A5B8
:1050900008A508A508A508A508A508A508A508A5A8
:1050A00008A508A508A508A508A508A508A508A598
:1050B00008A508A508A508A508A508A508A508A588
:1050C00008A508A508A508A508A508A508A508A578
:1050D00008A508A508A508A508A508A508A508A568
:1050E00008A508A508A508A508A508A508A508A558
:1050F00008A508A508A508A508A508A508A508A548
:1051000008A508A508A508A508A508A508A508A537
:1051100008A508A508A508A508A508A508A508A527
:1051200008A508A508A508A508A508A508A508A517
:1051300008A508A508A508A508A508A508A508A507
:1051400008A508A508A508A508A508A508A508A5F7
:1051500008A508A508A508A508A508A508A508A5E7
:1051600008A508A508A508A508A508A508A508A5D7
:1051700008A508A508A508A508A508A508A508A5C7
:1051800008A508A508A508A508A508A508A508A5B7
:1051900008A508A508A508A508A508A508A508A5A7
:1051A00008A508A508A508A508A508A508A508A597
:1051B00008A508A508A508A508A508A508A508A587
:1051C00008A508A508A508A508A508A508A508A577
:1051D00008A508A508A508A508A508A508A508A567
:1051E00008A508A508A508A508A508A508A508A557
:1051F00008A508A508A508A508A508A508A508A547
:1052000008A508A508A508A508A508A508A508A536
:1052100008A508A508A508A508A508A508A508A526
:1052200008A508A508A508A508A508A508A508A516
:1052300008A508A508A508A508A508A508A508A506
:1052400008A508A508A508A508A508A508A508A5F6
:1052500008A508A508A508A508A508A508A508A5E6
:1052600008A508A508A508A508A508A508A508A5D6
:1052700008A508A508A508A508A508A508A508A5C6
:1052800008A508A508A508A508A508A508A508A5B6
:1052900008A508A508A508A508A508A508A508A5A6
:1052A00008A508A508A508A508A508A508A508A596
:1052B00008A508A508A508A508A508A508A508A586
:1052C00008A508A508A508A508A508A508A508A576
:1052D00008A508A508A508A508A508A508A508A566
:1052E00008A508A508A508A508A508A508A508A556
:1052F00008A508A508A508A508A508A508A508A546
:1053000008A508A508A508A508A508A508A508A535
:1053100008A508A508A508A508A508A508A508A525
:1053200008A508A508A508A508A508A508A508A515
:1053300008A508A508A508A508A508A508A508A505
:1053400008A508A508A508A508A508A508A508A5F5
:1053500008A508A508A508A508A508A508A508A5E5
:1053600008A508A508A508A508A508A508A508A5D5
:1053700008A508A508A508A508A508A508A508A5C5
:1053800008A508A508A508A508A508A508A508A5B5
:1053900008A508A508A508A508A508A508A508A5A5
:1053A00008A508A508A508A508A508A508A508A595
:1053B00008A508A508A508A508A508A508A508A585
:1053C00008A508A508A508A508A508A508A508A575
:1053D00008A508A508A508A508A508A508A508A565
:1053E00008A508A508A508A508A508A508A508A555
:1053F00008A508A508A508A508A508A508A508A545
:1054000008A508A508A508A508A508A508A508A534
:1054100008A508A508A508A508A508A508A508A524
:1054200008A508A508A508A508A508A508A508A514
:1054300008A508A508A508A508A508A508A508A504
:1054400008A508A508A508A508A508A508A508A5F4
:1054500008A508A508A508A508A508A508A508A5E4
:1054600008A508A508A508A508A508A508A508A5D4
:1054700008A508A508A508A508A508A508A508A5C4
:1054800008A508A508A508A508A508A508A508A5B4
:1054900008A508A508A508A508A508A508A508A5A4
:1054A00008A508A508A508A508A508A508A508A594
:1054B00008A508A508A508A508A508A508A508A584
:1054C00008A508A508A508A508A508A508A508A574
:1054D00008A508A508A508A508A508A508A508A564
:1054E00008A508A508A508A508A508A508A508A554
:1054F00008A508A508A508A508A508A508A508A544
:1055000008A508A508A508A508A508A508A508A533
:1055100008A508A508A508A508A508A508A508A523
:1055200008A508A508A508A508A508A508A508A513
:1055300008A508A54C164C164C164C164C164C16C5
:105540004C164C164C164C164C164C164C164C164B
:105550004C164C164C164C164C164C164C164C163B
:105560004C164C164C164C164C164C164C164C162B
:105570004C164C164C164C164C164C164C164C161B
:105580004C164C164C164C164C164C164C164C160B
:105590004C164C164C164C164C164C164C164C16FB
:1055A0004C164C164C164C164C164C164C164C16EB
:1055B0004C164C164C164C164C164C164C164C16DB
:1055C0004C164C164C164C164C164C164C164C16CB
:1055D0004C164C164C164C164C164C164C1608A570
:1055E00008A508A508A508A508A508A508A508A553
:1055F00008A508A508A508A508A508A508A508A543
:1056000008A508A54C164C164C164C164C164C16F4
:105610004C164C164C164C164C164C164C164C167A
:105620004C164C164C164C164C164C164C164C166A
:105630004C164C164C164C164C164C164C164C165A
:105640004C164C164C164C164C164C164C164C164A
:105650004C164C164C164C164C164C164C164C163A
:105660004C164C164C164C164C164C164C164C162A
:105670004C164C164C164C164C164C164C164C161A
:105680004C164C164C164C164C164C164C164C160A
:105690004C164C164C164C164C164C164C164C16FA
:1056A0004C164C164C164C164C164C164C1608A59F
:1056B00008A508A508A508A508A508A508A508A582
:1056C00008A508A508A508A508A508A508A508A572
:1056D00008A508A535BC35BC35BC35BC35BC35BCCA
:1056E00035BC35BC35BC35BC35BC35BC35BC35BC32
:1056F00035BC35BC35BC35BC35BC35BC35BC35BC22
:1057000035BC35BC35BC35BC35BC35BC35BC35BC11
:1057100035BC35BC35BC35BC35BC35BC35BC35BC01
:1057200035BC35BC35BC35BC35BC35BC35BC35BCF1
:1057300035BC35BC35BC35BC35BC35BC35BC35BCE1
:1057400035BC35BC35BC35BC35BC35BC35BC35BCD1
:1057500035BC35BC35BC35BC35BC35BC35BC35BCC1
:1057600035BC35BC35BC35BC35BC35BC35BC35BCB1
:1057700035BC35BC35BC35BC35BC35BC35BC08A5E5
:1057800008A508A508A508A508A508A508A508A5B1
:1057900008A508A508A508A508A508A508A508A5A1
:1057A00008A508A508A508A508A508A508A508A591
:1057B00008A54C16116A116A116A116A116A116AF8
:1057C000116A116A116A116A116A116A116A116A01
:1057D000116A116A116A116A116A116A116A116AF1
:1057E000116A116A116A116A116A116A116A116AE1
:1057F000116A116A116A116A116A116A116A116AD1
:10580000116A116A116A116A116A116A116A116AC0
:10581000116A116A116A116A116A116A116A116AB0
:10582000116A116A116A116A116A116A116A116AA0
:10583000116A116A116A116A116A116A116A116A90
:10584000116A116A116A116A116A116A116A116A80
:10585000116A116A116A116A116A116A116A4C1689
:1058600008A508A508A508A508A508A508A508A5D0
:1058700008A508A508A508A508A508A508A508A5C0
:1058800008A54C16116A116A116A116A116A116A27
:10589000116A116A116A116A116A116A116A116A30
:1058A000116A116A116A116A116A116A116A116A20
:1058B000116A116A116A116A116A116A116A116A10
:1058C000116A116A116A116A116A116A116A116A00
:1058D000116A116A116A116A116A116A116A116AF0
:1058E000116A116A116A116A116A116A116A116AE0
:1058F000116A116A116A116A116A116A116A116AD0
:10590000116A116A116A116A116A116A116A116ABF
:10591000116A116A116A116A116A116A116A116AAF
:10592000116A116A116A116A116A116A116A4C16B8
:1059300008A508A508A508A508A508A508A508A5FF
:1059400008A508A508A508A508A508A508A508A5EF
:1059500008A535BC35BC35BC35BC35BC35BC35BC03
:1059600035BC35BC35BC35BC35BC35BC35BC35BCAF
:1059700035BC35BC35BC35BC35BC35BC35BC35BC9F
:1059800035BC35BC35BC35BC35BC35BC35BC35BC8F
:1059900035BC35BC35BC35BC35BC35BC35BC35BC7F
:1059A00035BC35BC35BC35BC35BC35BC35BC35BC6F
:1059B00035BC35BC35BC35BC35BC35BC35BC35BC5F
:1059C00035BC35BC35BC35BC35BC35BC35BC35BC4F
:1059D00035BC35BC35BC35BC35BC35BC35BC35BC3F
:1059E00035BC35BC35BC35BC35BC35BC35BC35BC2F
:1059F00035BC35BC35BC35BC35BC35BC35BC35BC1F
:105A000008A508A508A508A508A508A508A508A52E
:105A100008A508A508A508A508A508A508A508A51E
:105A200008A508A508A508A508A508A508A508A50E
:105A30004C16116A116A116A116A116A116A116AA7
:105A4000116A116A116A116A116A116A116A116A7E
:105A5000116A116A116A116A116A116A116A116A6E
:105A6000116A116A116A116A116A116A116A116A5E
:105A7000116A116A116A116A116A116A116A116A4E
:105A8000116A116A116A116A116A116A116A116A3E
:105A9000116A116A116A116A116A116A116A116A2E
:105AA000116A116A116A116A116A116A116A116A1E
:105AB000116A116A116A116A116A116A116A116A0E
:105AC000116A116A116A116A116A116A116A116AFE
:105AD000116A116A116A116A116A116A116A116AEE
:105AE0004C1608A508A508A508A508A508A508A599
:105AF00008A508A508A508A508A508A508A508A53E
:105B00004C16116A116A116A116A116A116A116AD6
:105B1000116A116A116A116A116A116A116A116AAD
:105B2000116A116A116A116A116A116A116A116A9D
:105B3000116A116A116A116A116A116A116A116A8D
:105B4000116A116A116A116A116A116A116A116A7D
:105B5000116A116A116A116A116A116A116A116A6D
:105B6000116A116A116A116A116A116A116A116A5D
:105B7000116A116A116A116A116A116A116A116A4D
:105B8000116A116A116A116A116A116A116A116A3D
:105B9000116A116A116A116A116A116A116A116A2D
:105BA000116A116A116A116A116A116A116A116A1D
:105BB0004C1608A508A508A508A508A508A508A5C8
:105BC00008A508A508A508A508A508A508A508A56D
:105BD00035BC35BC127012701270127012701270D7
:105BE00012701270127012701270127012701270A5
:105BF0001270127012701270127012701270127095
:105C00001270127012701270127012701270127084
:105C10001270127012701270127012701270127074
:105C20001270127012701270127012701270127064
:105C30001270127012701270127012701270127054
:105C40001270127012701270127012701270127044
:105C50001270127012701270127012701270127034
:105C60001270127012701270127012701270127024
:105C7000127012701270127012701270127035BCA5
:105C800035BC08A508A508A508A508A508A508A568
:105C900008A508A508A508A508A508A508A508A59C
:105CA00008A508A508A508A508A508A508A54C16D7
:105CB000116A116A116A116A116A116A116A116A0C
:105CC000116A116A116A116A116A116A116A116AFC
:105CD000116A116A116A116A116A116A116A116AEC
:105CE000116A116A116A116A116A116A116A116ADC
:105CF000116A116A116A116A116A116A116A116ACC
:105D0000116A116A116A116A116A116A116A116ABB
:105D1000116A116A116A116A116A116A116A116AAB
:105D2000116A116A116A116A116A116A116A116A9B
:105D3000116A116A116A116A116A116A116A116A8B
:105D4000116A116A116A116A116A116A116A116A7B
:105D5000116A116A116A116A116A116A116A116A6B
:105D6000116A4C1608A508A508A508A508A508A548
:105D700008A508A508A508A508A508A508A54C1606
:105D8000116A116A116A116A116A116A116A116A3B
:105D9000116A116A116A116A116A116A116A116A2B
:105DA000116A116A116A116A116A116A116A116A1B
:105DB000116A116A116A116A116A116A116A116A0B
:105DC000116A116A116A116A116A116A116A116AFB
:105DD000116A116A116A116A116A116A116A116AEB
:105DE000116A116A116A116A116A116A116A116ADB
:105DF000116A116A116A116A116A116A116A116ACB
:105E0000116A116A116A116A116A116A116A116ABA
:105E1000116A116A116A116A116A116A116A116AAA
:105E2000116A116A116A116A116A116A116A116A9A
:105E3000116A4C1608A508A508A508A508A508A577
:105E400008A508A508A508A508A508A508A535BCA6
:105E500035BC1270127012701270127012701270C3
:105E60001270127012701270127012701270127022
:105E70001270127012701270127012701270127012
:105E80001270127012701270127012701270127002
:105E900012701270127012701270127012701270F2
:105EA00012701270127012701270127012701270E2
:105EB00012701270127012701270127012701270D2
:105EC00012701270127012701270127012701270C2
:105ED00012701270127012701270127012701270B2
:105EE00012701270127012701270127012701270A2
:105EF0001270127012701270127012701270127092
:105F000035BC35BC08A508A508A508A508A508A5A1
:105F100008A508A508A508A508A508A508A508A519
:105F200008A508A508A508A508A508A54C16116A86
:105F3000116A116A116A116A116A116A116A116A89
:105F4000116A116A116A116A116A116A116A116A79
:105F5000116A116A116A116A116A116A116A116A69
:105F6000116A116A116A116A116A116A116A116A59
:105F7000116A116A116A116A116A116A116A116A49
:105F8000116A116A116A116A116A116A116A116A39
:105F9000116A116A116A116A116A116A116A116A29
:105FA000116A116A116A116A116A116A116A116A19
:105FB000116A116A116A116A116A116A116A116A09
:105FC000116A116A116A116A116A116A116A116AF9
:105FD000116A116A116A116A116A116A116A116AE9
:105FE000116A116A4C1608A508A508A508A508A5F8
:105FF00008A508A508A508A508A508A54C16116AB6
:10600000116A116A116A116A116A116A116A116AB8
:10601000116A116A116A116A116A116A116A116AA8
:10602000116A116A116A116A116A116A116A116A98
:10603000116A116A116A116A116A116A116A116A88
:10604000116A116A116A116A116A116A116A116A78
:10605000116A116A116A116A116A116A116A116A68
:10606000116A116A116A116A116A116A116A116A58
:10607000116A116A116A116A116A116A116A116A48
:10608000116A116A116A116A116A116A116A116A38
:10609000116A116A116A116A116A116A116A116A28
:1060A000116A116A116A116A116A116A116A116A18
:1060B000116A116A4C1608A508A508A508A508A527
:1060C00008A508A508A508A508A508A535BC35BCE0
:1060D00012701270127012701270127012701270B0
:1060E00012701270127012701270127012701270A0
:1060F0001270127012701270127012701270127090
:10610000127012701270127012701270127012707F
:10611000127012701270127012701270127012706F
:10612000127012701270127012701270127012705F
:10613000127012701270127012701270127012704F
:10614000127012701270127012701270127012703F
:10615000127012701270127012701270127012702F
:10616000127012701270127012701270127012701F
:10617000127012701270127012701270127012700F
:10618000127035BC35BC08A508A508A508A508A54A
:1061900008A508A508A508A508A508A508A508A597
:1061A00008A508A508A508A508A508A54C16116A04
:1061B000116A116A116A116A116A116A116A116A07
:1061C000116A116A116A116A116A116A116A116AF7
:1061D000116A116A116A116A116A116A116A116AE7
:1061E000116A116A116A116A116A116A116A116AD7
:1061F000116A116A116A116A116A116A116A116AC7
:10620000116A116A116A116A116A116A116A116AB6
:10621000116A116A116A116A116A116A116A116AA6
:10622000116A116A116A116A116A116A116A116A96
:10623000116A116A116A116A116A116A116A116A86
:10624000116A116A116A116A116A116A116A116A76
:10625000116A116A116A116A116A116A116A116A66
:10626000116A116A4C1608A508A508A508A508A575
:1062700008A508A508A508A508A508A54C16116A33
:10628000116A116A116A116A116A116A116A116A36
:10629000116A116A116A116A116A116A116A116A26
:1062A000116A116A116A116A116A116A116A116A16
:1062B000116A116A116A116A116A116A116A116A06
:1062C000116A116A116A116A116A116A116A116AF6
:1062D000116A116A116A116A116A116A116A116AE6
:1062E000116A116A116A116A116A116A116A116AD6
:1062F000116A116A116A116A116A116A116A116AC6
:10630000116A116A116A116A116A116A116A116AB5
:10631000116A116A116A116A116A116A116A116AA5
:10632000116A116A116A116A116A116A116A116A95
:10633000116A116A4C1608A508A508A508A508A5A4
:1063400008A508A508A508A508A508A535BC35BC5D
:10635000127012701270127012701270127012702D
:10636000127012701270127012701270127012701D
:10637000127012701270127012701270127012700D
:1063800012701270127012701270127012701270FD
:1063900012701270127012701270127012701270ED
:1063A00012701270127012701270127012701270DD
:1063B00012701270127012701270127012701270CD
:1063C00012701270127012701270127012701270BD
:1063D00012701270127012701270127012701270AD
:1063E000127012701270127012701270127012709D
:1063F000127012701270127012701270127012708D
:10640000127035BC35BC08A508A508A508A508A5C7
:1064100008A508A508A508A508A508A508A508A514
:1064200008A508A508A508A508A508A54C16116A81
:10643000116A116A116A116A116A116A116A116A84
:10644000116A116A116A116A116A116A116A116A74
:10645000116A116A116A116A116A116A116A116A64
:10646000116A116A116A116A116A116A116A116A54
:10647000116A116A116A116A116A116A116A116A44
:10648000116A116A116A116A116A116A116A116A34
:10649000116A116A116A116A116A116A116A116A24
:1064A000116A116A116A116A116A116A116A116A14
:1064B000116A116A116A116A116A116A116A116A04
:1064C000116A116A116A116A116A116A116A116AF4
:1064D000116A116A116A116A116A116A116A116AE4
:1064E000116A116A4C1608A508A508A508A508A5F3
:1064F00008A508A508A508A508A508A54C16116AB1
:10650000116A116A116A116A116A116A116A116AB3
:10651000116A116A116A116A116A116A116A116AA3
:10652000116A116A116A116A116A116A116A116A93
:10653000116A116A116A116A116A116A116A116A83
:10654000116A116A116A116A116A116A116A116A73
:10655000116A116A116A116A116A116A116A116A63
:10656000116A116A116A116A116A116A116A116A53
:10657000116A116A116A116A116A116A116A116A43
:10658000116A116A116A116A116A116A116A116A33
:10659000116A116A116A116A116A116A116A116A23
:1065A000116A116A116A116A116A116A116A116A13
:1065B000116A116A4C1608A508A508A508A508A522
:1065C00008A508A508A508A508A508A535BC35BCDB
:1065D00012701270127012701270127012701270AB
:1065E000127012701270127012701270127012709B
:1065F000127012701270127012701270127012708B
:10660000127012701270127012701270127012707A
:10661000127012701270127012701270127012706A
:10662000127012701270127012701270127012705A
:10663000127012701270127012701270127012704A
:10664000127012701270127012701270127012703A
:10665000127012701270127012701270127012702A
:10666000127012701270127012701270127012701A
:10667000127012701270127012701270127012700A
:10668000127035BC35BC08A508A508A508A508A545
:1066900008A508A508A508A508A508A508A508A592
:1066A00008A508A508A508A508A508A54C16116AFF
:1066B000116A116A116A116A116A116A116A116A02
:1066C000116A116A116A116A116A116A116A116AF2
:1066D000116A116A116A116A116A116A116A116AE2
:1066E000116A116A116A116A116A116A116A116AD2
:1066F000116A116A116A116A116A116A116A116AC2
:10670000116A116A116A116A116A116A116A116AB1
:10671000116A116A116A116A116A116A116A116AA1
:10672000116A116A116A116A116A116A116A116A91
:10673000116A116A116A116A116A116A116A116A81
:10674000116A116A116A116A116A116A116A116A71
:10675000116A116A116A116A116A116A116A116A61
:10676000116A116A4C1608A508A508A508A508A570
:1067700008A508A508A508A508A508A54C16116A2E
:10678000116A116A116A116A116A116A116A116A31
:10679000116A116A116A116A116A116A116A116A21
:1067A000116A116A116A116A116A116A116A116A11
:1067B000116A116A116A116A116A116A116A116A01
:1067C000116A116A116A116A116A116A116A116AF1
:1067D000116A116A116A116A116A116A116A116AE1
:1067E000116A116A116A116A116A116A116A116AD1
:1067F000116A116A116A116A116A116A116A116AC1
:10680000116A116A116A116A116A116A116A116AB0
:10681000116A116A116A116A116A116A116A116AA0
:10682000116A116A116A116A116A116A116A116A90
:10683000116A116A4C1608A508A508A508A508A59F
:1068400008A508A508A508A508A508A535BC35BC58
:106850001270127012701270127012701270127028
:106860001270127012701270127012701270127018
:106870001270127012701270127012701270127008
:1068800012701270127012701270127012701270F8
:1068900012701270127012701270127012701270E8
:1068A00012701270127012701270127012701270D8
:1068B00012701270127012701270127012701270C8
:1068C00012701270127012701270127012701270B8
:1068D00012701270127012701270127012701270A8
:1068E0001270127012701270127012701270127098
:1068F0001270127012701270127012701270127088
:10690000127035BC35BC08A508A508A508A508A5C2
:1069100008A508A508A508A508A508A508A508A50F
:1069200008A508A508A508A508A508A54C16116A7C
:10693000116A116A116A116A116A116A116A116A7F
:10694000116A116A116A116A116A116A116A116A6F
:10695000116A116A116A116A116A116A116A116A5F
:10696000116A116A116A116A116A116A116A116A4F
:10697000116A116A116A116A116A116A116A116A3F
:10698000116A116A116A116A116A116A116A116A2F
:10699000116A116A116A116A116A116A116A116A1F
:1069A000116A116A116A116A116A116A116A116A0F
:1069B000116A116A116A116A116A116A116A116AFF
:1069C000116A116A116A116A116A116A116A116AEF
:1069D000116A116A116A116A116A116A116A116ADF
:1069E000116A116A4C1608A508A508A508A508A5EE
:1069F00008A508A508A508A508A508A54C16116AAC
:106A0000116A116A116A116A116A116A116A116AAE
:106A1000116A116A116A116A116A116A116A116A9E
:106A2000116A116A116A116A116A116A116A116A8E
:106A3000116A116A116A116A116A116A116A116A7E
:106A4000116A116A116A116A116A116A116A116A6E
:106A5000116A116A116A116A116A116A116A116A5E
:106A6000116A116A116A116A116A116A116A116A4E
:106A7000116A116A116A116A116A116A116A116A3E
:106A8000116A116A116A116A116A116A116A116A2E
:106A9000116A116A116A116A116A116A116A116A1E
:106AA000116A116A116A116A116A116A116A116A0E
:106AB000116A116A4C1608A508A508A508A508A51D
:106AC00008A508A508A508A508A508A535BC35BCD6
:106AD00012701270127012701270127012701270A6
:106AE0001270127012701270127012701270127096
:106AF0001270127012701270127012701270127086
:106B00001270127012701270127012701270127075
:106B10001270127012701270127012701270127065
:106B20001270127012701270127012701270127055
:106B30001270127012701270127012701270127045
:106B40001270127012701270127012701270127035
:106B50001270127012701270127012701270127025
:106B60001270127012701270127012701270127015
:106B70001270127012701270127012701270127005
:106B8000127035BC35BC08A508A508A508A508A540
:106B900008A508A508A508A508A508A508A508A58D
:106BA00008A508A508A508A508A508A54C16116AFA
:106BB000116A116A116A116A116A116A116A116AFD
:106BC000116A116A116A116A116A116A116A116AED
:106BD000116A116A116A116A116A116A116A116ADD
:106BE000116A116A116A116A116A116A116A116ACD
:106BF000116A116A116A116A116A116A116A116ABD
:106C0000116A116A116A116A116A116A116A116AAC
:106C1000116A116A116A116A116A116A116A116A9C
:106C2000116A116A116A116A116A116A116A116A8C
:106C3000116A116A116A116A116A116A116A116A7C
:106C4000116A116A116A116A116A116A116A116A6C
:106C5000116A116A116A116A116A116A116A116A5C
:106C6000116A116A4C1608A508A508A508A508A56B
:106C700008A508A508A508A508A508A54C16116A29
:106C8000116A116A116A116A116A116A116A116A2C
:106C9000116A116A116A116A116A116A116A116A1C
:106CA000116A116A116A116A116A116A116A116A0C
:106CB000116A116A116A116A116A116A116A116AFC
:106CC000116A116A116A116A116A116A116A116AEC
:106CD000116A116A116A116A116A116A116A116ADC
:106CE000116A116A116A116A116A116A116A116ACC
:106CF000116A116A116A116A116A116A116A116ABC
:106D0000116A116A116A116A116A116A116A116AAB
:106D1000116A116A116A116A116A116A116A116A9B
:106D2000116A116A116A116A116A116A116A116A8B
:106D3000116A116A4C1608A508A508A508A508A59A
:106D400008A508A508A508A508A508A535BC35BC53
:106D50001270127012701270127012701270127023
:106D60001270127012701270127012701270127013
:106D70001270127012701270127012701270127003
:106D800012701270127012701270127012701270F3
:106D900012701270127012701270127012701270E3
:106DA00012701270127012701270127012701270D3
:106DB00012701270127012701270127012701270C3
:106DC00012701270127012701270127012701270B3
:106DD00012701270127012701270127012701270A3
:106DE0001270127012701270127012701270127093
:106DF0001270127012701270127012701270127083
:106E0000127035BC35BC08A508A508A508A508A5BD
:106E100008A508A508A508A508A508A508A508A50A
:106E200008A508A508A508A508A508A54C16116A77
:106E3000116A116A116A116A116A116A116A116A7A
:106E4000116A116A116A116A116A116A116A116A6A
:106E5000116A116A116A116A116A116A116A116A5A
:106E6000116A116A116A116A116A116A116A116A4A
:106E7000116A116A116A116A116A116A116A116A3A
:106E8000116A116A116A116A116A116A116A116A2A
:106E9000116A116A116A116A116A116A116A116A1A
:106EA000116A116A116A116A116A116A116A116A0A
:106EB000116A116A116A116A116A116A116A116AFA
:106EC000116A116A116A116A116A116A116A116AEA
:106ED000116A116A116A116A116A116A116A116ADA
:106EE000116A116A4C1608A508A508A508A508A5E9
:106EF00008A508A508A508A508A508A54C16116AA7
:106F0000116A116A116A116A116A116A116A116AA9
:106F1000116A116A116A116A116A116A116A116A99
:106F2000116A116A116A116A116A116A116A116A89
:106F3000116A116A116A116A116A116A116A116A79
:106F4000116A116A116A116A116A116A116A116A69
:106F5000116A116A116A116A116A116A116A116A59
:106F6000116A116A116A116A116A116A116A116A49
:106F7000116A116A116A116A116A116A116A116A39
:106F8000116A116A116A116A116A116A116A116A29
:106F9000116A116A116A116A116A116A116A116A19
:106FA000116A116A116A116A116A116A116A116A09
:106FB000116A116A4C1608A508A508A508A508A518
:106FC00008A508A508A508A508A508A535BC35BCD1
:106FD00012701270127012701270127012701270A1
:106FE0001270127012701270127012701270127091
:106FF0001270127012701270127012701270127081
:107000001270127012701270127012701270127070
:107010001270127012701270127012701270127060
:107020001270127012701270127012701270127050
:107030001270127012701270127012701270127040
:107040001270127012701270127012701270127030
:107050001270127012701270127012701270127020
:107060001270127012701270127012701270127010
:107070001270127012701270127012701270127000
:10708000127035BC35BC08A508A508A508A508A53B
:1070900008A508A508A508A508A508A508A508A588
:1070A00008A508A508A508A508A508A54C16116AF5
:1070B000116A116A116A116A116A116A116A116AF8
:1070C000116A116A116A116A116A116A116A116AE8
:1070D000116A116A116A116A116A116A116A116AD8
:1070E000116A116A116A116A116A116A116A116AC8
:1070F000116A116A116A116A116A116A116A116AB8
:10710000116A116A116A116A116A116A116A116AA7
:10711000116A116A116A116A116A116A116A116A97
:10712000116A116A116A116A116A116A116A116A87
:10713000116A116A116A116A116A116A116A116A77
:10714000116A116A116A116A116A116A116A116A67
:10715000116A116A116A116A116A116A116A116A57
:10716000116A116A4C1608A508A508A508A508A566
:1071700008A508A508A508A508A508A54C16116A24
:10718000116A116A116A116A116A116A116A116A27
:10719000116A116A116A116A116A116A116A116A17
:1071A000116A116A116A116A116A116A116A116A07
:1071B000116A116A116A116A116A116A116A116AF7
:1071C000116A116A116A116A116A116A116A116AE7
:1071D000116A116A116A116A116A116A116A116AD7
:1071E000116A116A116A116A116A116A116A116AC7
:1071F000116A116A116A116A116A116A116A116AB7
:10720000116A116A116A116A116A116A116A116AA6
:10721000116A116A116A116A116A116A116A116A96
:10722000116A116A116A116A116A116A116A116A86
:10723000116A116A4C1608A508A508A508A508A595
:1072400008A508A508A508A508A508A535BC35BC4E
:10725000127012701270127012701270127012701E
:10726000127012701270127012701270127012700E
:1072700012701270127012701270127012701270FE
:1072800012701270127012701270127012701270EE
:1072900012701270127012701270127012701270DE
:1072A00012701270127012701270127012701270CE
:1072B00012701270127012701270127012701270BE
:1072C00012701270127012701270127012701270AE
:1072D000127012701270127012701270127012709E
:1072E000127012701270127012701270127012708E
:1072F000127012701270127012701270127012707E
:10730000127035BC35BC08A508A508A508A508A5B8
:1073100008A508A508A508A508A508A508A508A505
:1073200008A508A508A508A508A508A54C16116A72
:10733000116A116A116A116A116A116A116A116A75
:10734000116A116A116A116A116A116A116A116A65
:10735000116A116A116A116A116A116A116A116A55
:10736000116A116A116A116A116A116A116A116A45
:10737000116A116A116A116A116A116A116A116A35
:10738000116A116A116A116A116A116A116A116A25
:10739000116A116A116A116A116A116A116A116A15
:1073A000116A116A116A116A116A116A116A116A05
:1073B000116A116A116A116A116A116A116A116AF5
:1073C000116A116A116A116A116A116A116A116AE5
:1073D000116A116A116A116A116A116A116A116AD5
:1073E000116A116A4C1608A508A508A508A508A5E4
:1073F00008A508A508A508A508A508A54C16116AA2
:10740000116A116A116A116A116A116A116A116AA4
:10741000116A116A116A116A116A116A116A116A94
:10742000116A116A116A116A116A116A116A116A84
:10743000116A116A116A116A116A116A116A116A74
:10744000116A116A116A116A116A116A116A116A64
:10745000116A116A116A116A116A116A116A116A54
:10746000116A116A116A116A116A116A116A116A44
:10747000116A116A116A116A116A116A116A116A34
:10748000116A116A116A116A116A116A116A116A24
:10749000116A116A116A116A116A116A116A116A14
:1074A000116A116A116A116A116A116A116A116A04
:1074B000116A116A4C1608A508A508A508A508A513
:1074C00008A508A508A508A508A508A535BC35BCCC
:1074D000127012701270127012701270127012709C
:1074E000127012701270127012701270127012708C
:1074F000127012701270127012701270127012707C
:10750000127012701270127012701270127012706B
:10751000127012701270127012701270127012705B
:10752000127012701270127012701270127012704B
:10753000127012701270127012701270127012703B
:10754000127012701270127012701270127012702B
:10755000127012701270127012701270127012701B
:10756000127012701270127012701270127012700B
:1075700012701270127012701270127012701270FB
:10758000127035BC35BC08A508A508A508A508A536
:1075900008A508A508A508A508A508A508A508A583
:1075A00008A508A508A508A508A508A54C16116AF0
:1075B000116A116A116A116A116A116A116A116AF3
:1075C000116A116A116A116A116A116A116A116AE3
:1075D000116A116A116A116A116A116A116A116AD3
:1075E000116A116A116A116A116A116A116A116AC3
:1075F000116A116A116A116A116A116A116A116AB3
:10760000116A116A116A116A116A116A116A116AA2
:10761000116A116A116A116A116A116A116A116A92
:10762000116A116A116A116A116A116A116A116A82
:10763000116A116A116A116A116A116A116A116A72
:10764000116A116A116A116A116A116A116A116A62
:10765000116A116A116A116A116A116A116A116A52
:10766000116A116A4C1608A508A508A508A508A561
:1076700008A508A508A508A508A508A54C16116A1F
:10768000116A116A116A116A116A116A116A116A22
:10769000116A116A116A116A116A116A116A116A12
:1076A000116A116A116A116A116A116A116A116A02
:1076B000116A116A116A116A116A116A116A116AF2
:1076C000116A116A116A116A116A116A116A116AE2
:1076D000116A116A116A116A116A116A116A116AD2
:1076E000116A116A116A116A116A116A116A116AC2
:1076F000116A116A116A116A116A116A116A116AB2
:10770000116A116A116A116A116A116A116A116AA1
:10771000116A116A116A116A116A116A116A116A91
:10772000116A116A116A116A116A116A116A116A81
:10773000116A116A4C1608A508A508A508A508A590
:1077400008A508A508A508A508A508A535BC35BC49
:107750001270127012701270127012701270127019
:107760001270127012701270127012701270127009
:1077700012701270127012701270127012701270F9
:1077800012701270127012701270127012701270E9
:1077900012701270127012701270127012701270D9
:1077A00012701270127012701270127012701270C9
:1077B00012701270127012701270127012701270B9
:1077C00012701270127012701270127012701270A9
:1077D0001270127012701270127012701270127099
:1077E0001270127012701270127012701270127089
:1077F0001270127012701270127012701270127079
:10780000127035BC35BC08A508A508A508A508A5B3
:1078100008A508A508A508A508A508A508A508A500
:1078200008A508A508A508A508A508A54C16116A6D
:10783000116A116A116A116A116A116A116A116A70
:10784000116A116A116A116A116A116A116A116A60
:10785000116A116A116A116A116A116A116A116A50
:10786000116A116A116A116A116A116A116A116A40
:10787000116A116A116A116A116A116A116A116A30
:10788000116A116A116A116A116A116A116A116A20
:10789000116A116A116A116A116A116A116A116A10
:1078A000116A116A116A116A116A116A116A116A00
:1078B000116A116A116A116A116A116A116A116AF0
:1078C000116A116A116A116A116A116A116A116AE0
:1078D000116A116A116A116A116A116A116A116AD0
:1078E000116A116A4C1608A508A508A508A508A5DF
:1078F00008A508A508A508A508A508A54C16116A9D
:10790000116A116A116A116A116A116A116A116A9F
:10791000116A116A116A116A116A116A116A116A8F
:10792000116A116A116A116A116A116A116A116A7F
:10793000116A116A116A116A116A116A116A116A6F
:10794000116A116A116A116A116A116A116A116A5F
:10795000116A116A116A116A116A116A116A116A4F
:10796000116A116A116A116A116A116A116A116A3F
:10797000116A116A116A116A116A116A116A116A2F
:10798000116A116A116A116A116A116A116A116A1F
:10799000116A116A116A116A116A116A116A116A0F
:1079A000116A116A116A116A116A116A116A116AFF
:1079B000116A116A4C1608A508A508A508A508A50E
:1079C00008A508A508A508A508A508A535BC35BCC7
:1079D0001270127012701270127012701270127097
:1079E0001270127012701270127012701270127087
:1079F0001270127012701270127012701270127077
:107A00001270127012701270127012701270127066
:107A10001270127012701270127012701270127056
:107A20001270127012701270127012701270127046
:107A30001270127012701270127012701270127036
:107A40001270127012701270127012701270127026
:107A50001270127012701270127012701270127016
:107A60001270127012701270127012701270127006
:107A700012701270127012701270127012701270F6
:107A8000127035BC35BC08A508A508A508A508A531
:107A900008A508A508A508A508A508A508A508A57E
:107AA00008A508A508A508A508A508A54C16116AEB
:107AB000116A116A116A116A116A116A116A116AEE
:107AC000116A116A116A116A116A116A116A116ADE
:107AD000116A116A116A116A116A116A116A116ACE
:107AE000116A116A116A116A116A116A116A116ABE
:107AF000116A116A116A116A116A116A116A116AAE
:107B0000116A116A116A116A116A116A116A116A9D
:107B1000116A116A116A116A116A116A116A116A8D
:107B2000116A116A116A116A116A116A116A116A7D
:107B3000116A116A116A116A116A116A116A116A6D
:107B4000116A116A116A116A116A116A116A116A5D
:107B5000116A116A116A116A116A116A116A116A4D
:107B6000116A116A4C1608A508A508A508A508A55C
:107B700008A508A508A508A508A508A54C16116A1A
:107B8000116A116A116A116A116A116A116A116A1D
:107B9000116A116A116A116A116A116A116A116A0D
:107BA000116A116A116A116A116A116A116A116AFD
:107BB000116A116A116A116A116A116A116A116AED
:107BC000116A116A116A116A116A116A116A116ADD
:107BD000116A116A116A116A116A116A116A116ACD
:107BE000116A116A116A116A116A116A116A116ABD
:107BF000116A116A116A116A116A116A116A116AAD
:107C0000116A116A116A116A116A116A116A116A9C
:107C1000116A116A116A116A116A116A116A116A8C
:107C2000116A116A116A116A116A116A116A116A7C
:107C3000116A116A4C1608A508A508A508A508A58B
:107C400008A508A508A508A508A508A535BC35BC44
:107C50001270127012701270127012701270127014
:107C60001270127012701270127012701270127004
:107C700012701270127012701270127012701270F4
:107C800012701270127012701270127012701270E4
:107C900012701270127012701270127012701270D4
:107CA00012701270FFFFFFFFFFFFFFFFFFFF127058
:107CB00012701270127012701270127012701270B4
:107CC00012701270127012701270127012701270A4
:107CD0001270127012701270127012701270127094
:107CE0001270127012701270127012701270127084
:107CF0001270127012701270127012701270127074
:107D0000127035BC35BC08A508A508A508A508A5AE
:107D100008A508A508A508A508A508A508A508A5FB
:107D200008A508A508A508A508A508A54C16116A68
:107D3000116A116A116A116A116A116A116A116A6B
:107D4000116A116A116A116A116A116A116A116A5B
:107D5000116A116A116A116A116A116A116A116A4B
:107D6000116A116A116A116A116A116A116A116A3B
:107D7000116A116A116A116A116A116A116A116A2B
:107D8000116A116A116A116A116A116A116A116A1B
:107D9000116A116A116A116A116A116A116A116A0B
:107DA000116A116A116A116A116A116A116A116AFB
:107DB000116A116A116A116A116A116A116A116AEB
:107DC000116A116A116A116A116A116A116A116ADB
:107DD000116A116A116A116A116A116A116A116ACB
:107DE000116A116A4C1608A508A508A508A508A5DA
:107DF00008A508A508A508A508A508A54C16116A98
:107E0000116A116A116A116A116A116A116A116A9A
:107E1000116A116A116A116A116A116A116A116A8A
:107E2000116A116A116A116A116A116A116A116A7A
:107E3000116A116A116A116A116A116A116A116A6A
:107E4000116A116A116A116A116A116A116ACEFE09
:107E5000CEFECEFECEFECEFECEFE116A116A116AB5
:107E6000116A116A116A116A116A116A116A116A3A
:107E7000116A116A116A116A116A116A116A116A2A
:107E8000116A116A116A116A116A116A116A116A1A
:107E9000116A116A116A116A116A116A116A116A0A
:107EA000116A116A116A116A116A116A116A116AFA
:107EB000116A116A4C1608A508A508A508A508A509
:107EC00008A508A508A508A508A508A535BC35BCC2
:107ED0001270127012701270127012701270127092
:107EE0001270127012701270127012701270127082
:107EF0001270127012701270127012701270127072
:107F00001270127012701270127012701270127061
:107F10001270127012701270127012701270127051
:107F2000FFFFFFFFFFFFFFFFFFFFFFFFFFFFFFFF61
:107F3000FFFF1270127012701270127012701270B5
:107F40001270127012701270127012701270127021
:107F50001270127012701270127012701270127011
:107F60001270127012701270127012701270127001
:107F700012701270127012701270127012701270F1
:107F8000127035BC35BC08A508A508A508A508A52C
:107F900008A508A508A508A508A508A508A508A579
:107FA00008A508A508A508A508A508A54C16116AE6
:107FB000116A116A116A116A116A116A116A116AE9
:107FC000116A116A116A116A116A116A116A116AD9
:107FD000116A116A116A116A116A116A116A116AC9
:107FE000116A116A116A116A116A116A116A116AB9
:107FF000CEFECEFECEFECEFECEFECEFECEFECEFE21
:10800000CEFECEFECEFECEFECEFECEFECEFECEFE10
:10801000CEFECEFECEFECEFECEFECEFECEFECEFE00
:10802000CEFE116A116A116A116A116A116A116A27
:10803000116A116A116A116A116A116A116A116A68
:10804000116A116A116A116A116A116A116A116A58
:10805000116A116A116A116A116A116A116A116A48
:10806000116A116A4C1608A508A508A508A508A557
:1080700008A508A508A508A508A508A54C16116A15
:10808000116A116A116A116A116A116A116A116A18
:10809000116A116A116A116A116A116A116A116A08
:1080A000116A116A116A116A116A116A116A116AF8
:1080B000116A116A116A116A116A116A116A116AE8
:1080C000116A116A116A116A116ACEFECEFECEFEE5
:1080D000CEFECEFECEFECEFECEFECEFECEFE116A91
:1080E000116A116A116A116A116A116A116A116AB8
:1080F000116A116A116A116A116A116A116A116AA8
:10810000116A116A116A116A116A116A116A116A97
:10811000116A116A116A116A116A116A116A116A87
:10812000116A116A116A116A116A116A116A116A77
:10813000116A116A4C1608A508A508A508A508A586
:1081400008A508A508A508A508A508A535BC35BC3F
:10815000127012701270127012701270127012700F
:1081600012701270127012701270127012701270FF
:1081700012701270127012701270127012701270EF
:1081800012701270127012701270127012701270DF
:108190001270127012701270127012701270FFFF53
:1081A000FFFFFFFF12701270127012701270FFFF4B
:1081B000FFFFFFFF127012701270127012701270B7
:1081C000127012701270127012701270127012709F
:1081D000127012701270127012701270127012708F
:1081E000127012701270127012701270127012707F
:1081F000127012701270127012701270127012706F
:10820000127035BC35BC08A508A508A508A508A5A9
:1082100008A508A508A508A508A508A508A508A5F6
:1082200008A508A508A508A508A508A54C16116A63
:10823000116A116A116A116A116A116A116A116A66
:10824000116A116A116A116A116A116A116A116A56
:10825000116A116A116A116A116A116A116A116A46
:10826000116A116A116A116A116A116A116ACEFEE5
:10827000CEFECEFECEFECEFECEFECEFECEFECEFE9E
:10828000CEFECEFECEFECEFECEFECEFECEFECEFE8E
:10829000CEFECEFECEFECEFECEFECEFECEFECEFE7E
:1082A000CEFECEFE116A116A116A116A116A116A54
:1082B000116A116A116A116A116A116A116A116AE6
:1082C000116A116A116A116A116A116A116A116AD6
:1082D000116A116A116A116A116A116A116A116AC6
:1082E000116A116A4C1608A508A508A508A508A5D5
:1082F00008A508A508A508A508A508A54C16116A93
:10830000116A116A116A116A116A116A116A116A95
:10831000116A116A116A116A116A116A116A116A85
:10832000116A116A116A116A116A116A116A116A75
:10833000116A116A116A116A116A116A116A116A65
:10834000116A116A116A116ACEFECEFECEFE116A62
:10835000116A116A116A116A116ACEFECEFECEFE52
:10836000116A116A116A116A116A116A116A116A35
:10837000116A116A116A116A116A116A116A116A25
:10838000116A116A116A116A116A116A116A116A15
:10839000116A116A116A116A116A116A116A116A05
:1083A000116A116A116A116A116A116A116A116AF5
:1083B000116A116A4C1608A508A508A508A508A504
:1083C00008A508A508A508A508A508A535BC35BCBD
:1083D000127012701270127012701270127012708D
:1083E000127012701270127012701270127012707D
:1083F000127012701270127012701270127012706D
:10840000127012701270127012701270127012705C
:10841000127012701270127012701270FFFFFFFF54
:10842000FFFF1270127012701270127012701270C0
:10843000FFFFFFFFFFFF12701270127012701270B8
:10844000127012701270127012701270127012701C
:10845000127012701270127012701270127012700C
:1084600012701270127012701270127012701270FC
:1084700012701270127012701270127012701270EC
:10848000127035BC35BC08A508A508A508A508A527
:1084900008A508A508A508A508A508A508A508A574
:1084A00008A508A508A508A508A508A54C16116AE1
:1084B000116A116A116A116A116A116A116A116AE4
:1084C000116A116A116A116A116A116A116A116AD4
:1084D000116A116A116A116A116A116A116A116AC4
:1084E000116A116A116A116A116A116A116ACEFE63
:1084F000CEFE116A116A116A116A116A116A116A53
:10850000116A116A116A116A116A116A116A116A93
:10851000116A116A116A116A116A116A116A116A83
:10852000CEFECEFE116A116A116A116A116A116AD1
:10853000116A116A116A116A116A116A116A116A63
:10854000116A116A116A116A116A116A116A116A53
:10855000116A116A116A116A116A116A116A116A43
:10856000116A116A4C1608A508A508A508A508A552
:1085700008A508A508A508A508A508A54C16116A10
:10858000116A116A116A116A116A116A116A116A13
:10859000116A116A116A116A116A116A116A116A03
:1085A000116A116A116A116A116A116A116A116AF3
:1085B000116A116A116A116A116A116A116A116AE3
:1085C000116A116A116ACEFECEFE116A116A116A31
:1085D000116A116A116A116A116A116A116ACEFE72
:1085E000CEFE116A116A116A116A116A116A116A62
:1085F000116A116A116A116A116A116A116A116AA3
:10860000116A116A116A116A116A116A116A116A92
:10861000116A116A116A116A116A116A116A116A82
:10862000116A116A116A116A116A116A116A116A72
:10863000116A116A4C1608A508A508A508A508A581
:1086400008A508A508A508A508A508A535BC35BC3A
:10865000127012701270127012701270127012700A
:1086600012701270127012701270127012701270FA
:1086700012701270127012701270127012701270EA
:1086800012701270127012701270127012701270DA
:10869000127012701270127012701270FFFFFFFFD2
:1086A00012701270127012701270127012701270BA
:1086B0001270FFFFFFFF12701270127012701270B2
:1086C000127012701270127012701270127012709A
:1086D000127012701270127012701270127012708A
:1086E000127012701270127012701270127012707A
:1086F000127012701270127012701270127012706A
:10870000127035BC35BC08A508A508A508A508A5A4
:1087100008A508A508A508A508A508A508A508A5F1
:1087200008A508A508A508A508A508A54C16116A5E
:10873000116A116A116A116A116A116A116A116A61
:10874000116A116A116A116A116A116A116A116A51
:10875000116A116A116A116A116A116A116A116A41
:10876000116A116A116A116A116A116A116ACEFEE0
:10877000CEFE116A116A116A116A116A116A116AD0
:10878000116A116A116A116A116A116A116A116A11
:10879000116A116A116A116A116A116A116A116A01
:1087A000CEFECEFE116A116A116A116A116A116A4F
:1087B000116A116A116A116A116A116A116A116AE1
:1087C000116A116A116A116A116A116A116A116AD1
:1087D000116A116A116A116A116A116A116A116AC1
:1087E000116A116A4C1608A508A508A508A508A5D0
:1087F00008A508A508A508A508A508A54C16116A8E
:10880000116A116A116A116A116A116A116A116A90
:10881000116A116A116A116A116A116A116A116A80
:10882000116A116A116A116A116A116A116A116A70
:10883000116A116A116A116A116A116A116A116A60
:10884000116A116ACEFECEFE116A116A116A116AAE
:10885000116A116A116A116A116A116A116A116A40
:10886000CEFECEFE116A116A116A116A116A116A8E
:10887000116A116A116A116A116A116A116A116A20
:10888000116A116A116A116A116A116A116A116A10
:10889000116A116A116A116A116A116A116A116A00
:1088A000116A116A116A116A116A116A116A116AF0
:1088B000116A116A4C1608A508A508A508A508A5FF
:1088C00008A508A508A508A508A508A535BC35BCB8
:1088D0001270127012701270127012701270127088
:1088E0001270127012701270127012701270127078
:1088F0001270127012701270127012701270127068
:108900001270127012701270127012701270127057
:1089100012701270127012701270FFFFFFFF12704F
:108920001270127012701270127012701270127037
:1089300012701270FFFFFFFF12701270127012702F
:108940001270127012701270127012701270127017
:108950001270127012701270127012701270127007
:1089600012701270127012701270127012701270F7
:1089700012701270127012701270127012701270E7
:10898000127035BC35BC08A508A508A508A508A522
:1089900008A508A508A508A508A508A508A508A56F
:1089A00008A508A508A508A508A508A54C16116ADC
:1089B000116A116A116A116A116A116A116A116ADF
:1089C000116A116A116A116A116A116A116A116ACF
:1089D000116A116A116A116A116A116A116A116ABF
:1089E000116A116A116A116A116A116A116ACEFE5E
:1089F000CEFE116A116A116ACEFECEFECEFECEFE0A
:108A0000CEFECEFECEFECEFE116A116A116A116A4A
:108A1000116A116A116A116A116A116A116A116A7E
:108A2000CEFECEFE116A116A116A116A116A116ACC
:108A3000116A116A116A116A116A116A116A116A5E
:108A4000116A116A116A116A116A116A116A116A4E
:108A5000116A116A116A116A116A116A116A116A3E
:108A6000116A116A4C1608A508A508A508A508A54D
:108A700008A508A508A508A508A508A54C16116A0B
:108A8000116A116A116A116A116A116A116A116A0E
:108A9000116A116A116A116A116A116A116A116AFE
:108AA000116A116A116A116A116A116A116A116AEE
:108AB000116A116A116A116A116A116A116A116ADE
:108AC000116ACEFECEFE116A116A116A116A116A2C
:108AD000116A116A116A116A116A116A116A116ABE
:108AE000CEFECEFECEFE116A116A116A116A116ABB
:108AF000116A116A116A116A116A116A116A116A9E
:108B0000116A116A116A116A116A116A116A116A8D
:108B1000116A116A116A116A116A116A116A116A7D
:108B2000116A116A116A116A116A116A116A116A6D
:108B3000116A116A4C1608A508A508A508A508A57C
:108B400008A508A508A508A508A508A535BC35BC35
:108B50001270127012701270127012701270127005
:108B600012701270127012701270127012701270F5
:108B700012701270127012701270127012701270E5
:108B800012701270127012701270127012701270D5
:108B900012701270127012701270FFFFFFFF1270CD
:108BA00012701270127012701270127012701270B5
:108BB00012701270FFFFFFFF1270127012701270AD
:108BC0001270127012701270127012701270127095
:108BD0001270127012701270127012701270127085
:108BE0001270127012701270127012701270127075
:108BF0001270127012701270127012701270127065
:108C0000127035BC35BC08A508A508A508A508A59F
:108C100008A508A508A508A508A508A508A508A5EC
:108C200008A508A508A508A508A508A54C16116A59
:108C3000116A116A116A116A116A116A116A116A5C
:108C4000116A116A116A116A116A116A116A116A4C
:108C5000116A116A116A116A116A116A116A116A3C
:108C6000116A116A116A116A116A116A116ACEFEDB
:108C7000CEFE116A116A116ACEFE116A116A116A7A
:108C8000116A116A116ACEFE116A116A116A116ABB
:108C9000116A116A116A116A116A116A116A116AFC
:108CA000CEFECEFE116A116A116A116A116A116A4A
:108CB000116A116A116A116A116A116A116A116ADC
:108CC000116A116A116A116A116A116A116A116ACC
:108CD000116A116A116A116A116A116A116A116ABC
:108CE000116A116A4C1608A508A508A508A508A5CB
:108CF00008A508A508A508A508A508A54C16116A89
:108D0000116A116A116A116A116A116A116A116A8B
:108D1000116A116A116A116A116A116A116A116A7B
:108D2000116A116A116A116A116A116A116A116A6B
:108D3000116A116A116A116A116A116A116A116A5B
:108D4000116ACEFECEFE116A116A116A116A116AA9
:108D5000116A116A116A116A116A116A116ACEFEEA
:108D6000CEFECEFECEFE116A116A116A116A116A38
:108D7000116A116A116A116A116A116A116A116A1B
:108D8000116A116A116A116A116A116A116A116A0B
:108D9000116A116A116A116A116A116A116A116AFB
:108DA000116A116A116A116A116A116A116A116AEB
:108DB000116A116A4C1608A508A508A508A508A5FA
:108DC00008A508A508A508A508A508A535BC35BCB3
:108DD0001270127012701270127012701270127083
:108DE0001270127012701270127012701270127073
:108DF0001270127012701270127012701270127063
:108E00001270127012701270127012701270127052
:108E100012701270127012701270FFFFFFFF12704A
:108E20001270127012701270127012701270127032
:108E300012701270FFFFFFFF12701270127012702A
:108E40001270127012701270127012701270127012
:108E50001270127012701270127012701270127002
:108E600012701270127012701270127012701270F2
:108E700012701270127012701270127012701270E2
:108E8000127035BC35BC08A508A508A508A508A51D
:108E900008A508A508A508A508A508A508A508A56A
:108EA00008A508A508A508A508A508A54C16116AD7
:108EB000116A116A116A116A116A116A116A116ADA
:108EC000116A116A116A116A116A116A116A116ACA
:108ED000116A116A116A116A116A116A116A116ABA
:108EE000116A116A116A116A116A116A116ACEFE59
:108EF000CEFE116A116A116ACEFE116A116A116AF8
:108F0000116A116A116ACEFE116A116A116A116A38
:108F1000116A116A116A116A116A116A116A116A79
:108F2000CEFECEFE116A116A116A116A116A116AC7
:108F3000116A116A116A116A116A116A116A116A59
:108F4000116A116A116A116A116A116A116A116A49
:108F5000116A116A116A116A116A116A116A116A39
:108F6000116A116A4C1608A508A508A508A508A548
:108F700008A508A508A508A508A508A54C16116A06
:108F8000116A116A116A116A116A116A116A116A09
:108F9000116A116A116A116A116A116A116A116AF9
:108FA000116A116A116A116A116A116A116A116AE9
:108FB000116A116A116A116A116A116A116A116AD9
:108FC000CEFECEFE116A116A116A116A116A116A27
:108FD000CEFE116ACEFE116A116A116A116ACEFEC6
:108FE000CEFE116ACEFECEFE116A116A116A116AB6
:108FF000116A116A116A116A116A116A116A116A99
:10900000116A116A116A116A116A116A116A116A88
:10901000116A116A116A116A116A116A116A116A78
:10902000116A116A116A116A116A116A116A116A68
:10903000116A116A4C1608A508A508A508A508A577
:1090400008A508A508A508A508A508A535BC35BC30
:109050001270127012701270127012701270127000
:1090600012701270127012701270127012701270F0
:1090700012701270127012701270127012701270E0
:1090800012701270127012701270127012701270D0
:1090900012701270127012701270FFFFFFFF1270C8
:1090A00012701270127012701270127012701270B0
:1090B00012701270FFFFFFFF1270127012701270A8
:1090C0001270127012701270127012701270127090
:1090D0001270127012701270127012701270127080
:1090E0001270127012701270127012701270127070
:1090F0001270127012701270127012701270127060
:10910000127035BC35BC08A508A508A508A508A59A
:1091100008A508A508A508A508A508A508A508A5E7
:1091200008A508A508A508A508A508A54C16116A54
:10913000116A116A116A116A116A116A116A116A57
:10914000116A116A116A116A116A116A116A116A47
:10915000116A116A116A116A116A116A116A116A37
:10916000116A116A116A116A116A116A116ACEFED6
:10917000CEFE116A116A116ACEFE116A116A116A75
:10918000116A116A116ACEFE116A116A116A116AB6
:10919000116A116A116A116A116A116A116A116AF7
:1091A000CEFECEFE116A116A116A116A116A116A45
:1091B000116A116A116A116A116A116A116A116AD7
:1091C000116A116A116A116A116A116A116A116AC7
:1091D000116A116A116A116A116A116A116A116AB7
:1091E000116A116A4C1608A508A508A508A508A5C6
:1091F00008A508A508A508A508A508A54C16116A84
:10920000116A116A116A116A116A116A116A116A86
:10921000116A116A116A116A116A116A116A116A76
:10922000116A116A116A116A116A116A116A116A66
:10923000116A116A116A116A116A116A116A116A56
:10924000CEFECEFE116A116A116A116A116ACEFE53
:10925000CEFECEFECEFECEFE116A116ACEFECEFE50
:10926000116A116ACEFECEFE116A116A116A116A84
:10927000116A116A116A116A116A116A116A116A16
:10928000116A116A116A116A116A116A116A116A06
:10929000116A116A116A116A116A116A116A116AF6
:1092A000116A116A116A116A116A116A116A116AE6
:1092B000116A116A4C1608A508A508A508A508A5F5
:1092C00008A508A508A508A508A508A535BC35BCAE
:1092D000127012701270127012701270127012707E
:1092E000127012701270127012701270127012706E
:1092F000127012701270127012701270127012705E
:10930000127012701270127012701270127012704D
:1093100012701270127012701270FFFFFFFF127045
:10932000127012701270127012701270127012702D
:1093300012701270FFFFFFFF127012701270127025
:10934000127012701270127012701270127012700D
:1093500012701270127012701270127012701270FD
:1093600012701270127012701270127012701270ED
:1093700012701270127012701270127012701270DD
:10938000127035BC35BC08A508A508A508A508A518
:1093900008A508A508A508A508A508A508A508A565
:1093A00008A508A508A508A508A508A54C16116AD2
:1093B000116A116A116A116A116A116A116A116AD5
:1093C000116A116A116A116A116A116A116A116AC5
:1093D000116A116A116A116A116A116A116A116AB5
:1093E000116A116A116A116A116A116A116ACEFE54
:1093F000CEFE116A116A116ACEFE116A116A116AF3
:10940000116A116A116ACEFE116A116A116A116A33
:10941000116A116A116A116A116A116A116A116A74
:10942000CEFECEFE116A116A116A116A116A116AC2
:10943000116A116A116A116A116A116A116A116A54
:10944000116A116A116A116A116A116A116A116A44
:10945000116A116A116A116A116A116A116A116A34
:10946000116A116A4C1608A508A508A508A508A543
:1094700008A508A508A508A508A508A54C16116A01
:10948000116A116A116A116A116A116A116A116A04
:10949000116A116A116A116A116A116A116A116AF4
:1094A000116A116A116A116A116A116A116A116AE4
:1094B000116A116A116A116A116A116A116A116AD4
:1094C000CEFECEFE116A116A116A116A116ACEFED1
:1094D000CEFE116ACEFECEFECEFE116ACEFECEFECE
:1094E000116A116ACEFECEFE116A116A116A116A02
:1094F000116A116A116A116A116A116A116A116A94
:10950000116A116A116A116A116A116A116A116A83
:10951000116A116A116A116A116A116A116A116A73
:10952000116A116A116A116A116A116A116A116A63
:10953000116A116A4C1608A508A508A508A508A572
:1095400008A508A508A508A508A508A535BC35BC2B
:1095500012701270127012701270127012701270FB
:1095600012701270127012701270127012701270EB
:1095700012701270127012701270127012701270DB
:1095800012701270127012701270127012701270CB
:10959000127012701270127012701270FFFFFFFFC3
:1095A00012701270127012701270127012701270AB
:1095B0001270FFFFFFFF12701270127012701270A3
:1095C000127012701270127012701270127012708B
:1095D000127012701270127012701270127012707B
:1095E000127012701270127012701270127012706B
:1095F000127012701270127012701270127012705B
:10960000127035BC35BC08A508A508A508A508A595
:1096100008A508A508A508A508A508A508A508A5E2
:1096200008A508A508A508A508A508A54C16116A4F
:10963000116A116A116A116A116A116A116A116A52
:10964000116A116A116A116A116A116A116A116A42
:10965000116A116A116A116A116A116A116A116A32
:10966000116A116A116A116A116A116A116ACEFED1
:10967000CEFE116A116A116ACEFE116A116A116A70
:10968000116A116A116ACEFE116A116A116A116AB1
:10969000116A116A116A116A116A116A116A116AF2
:1096A000CEFECEFE116A116A116A116A116A116A40
:1096B000116A116A116A116A116A116A116A116AD2
:1096C000116A116A116A116A116A116A116A116AC2
:1096D000116A116A116A116A116A116A116A116AB2
:1096E000116A116A4C1608A508A508A508A508A5C1
:1096F00008A508A508A508A508A508A54C16116A7F
:10970000116A116A116A116A116A116A116A116A81
:10971000116A116A116A116A116A116A116A116A71
:10972000116A116A116A116A116A116A116A116A61
:10973000116A116A116A116A116A116A116A116A51
:10974000CEFECEFE116A116A116A116ACEFECEFEFD
:10975000CEFE116A116ACEFECEFECEFECEFE116A9C
:10976000116A116ACEFECEFE116A116A116A116A7F
:10977000116A116A116A116A116A116A116A116A11
:10978000116A116A116A116A116A116A116A116A01
:10979000116A116A116A116A116A116A116A116AF1
:1097A000116A116A116A116A116A116A116A116AE1
:1097B000116A116A4C1608A508A508A508A508A5F0
:1097C00008A508A508A508A508A508A535BC35BCA9
:1097D0001270127012701270127012701270127079
:1097E0001270127012701270127012701270127069
:1097F0001270127012701270127012701270127059
:109800001270127012701270127012701270127048
:10981000127012701270127012701270FFFFFFFF40
:10982000FFFF1270127012701270127012701270AC
:10983000FFFFFFFFFFFF12701270127012701270A4
:109840001270127012701270127012701270127008
:1098500012701270127012701270127012701270F8
:1098600012701270127012701270127012701270E8
:1098700012701270127012701270127012701270D8
:10988000127035BC35BC08A508A508A508A508A513
:1098900008A508A508A508A508A508A508A508A560
:1098A00008A508A508A508A508A508A54C16116ACD
:1098B000116A116A116A116A116A116A116A116AD0
:1098C000116A116A116A116A116A116A116A116AC0
:1098D000116A116A116A116A116A116A116A116AB0
:1098E000116A116A116A116A116A116A116ACEFE4F
:1098F000CEFE116A116A116ACEFECEFECEFECEFEFB
:10990000CEFECEFECEFECEFE116A116A116A116A3B
:10991000116A116A116A116A116A116A116A116A6F
:10992000CEFECEFE116A116A116A116A116A116ABD
:10993000116A116A116A116A116A116A116A116A4F
:10994000116A116A116A116A116A116A116A116A3F
:10995000116A116A116A116A116A116A116A116A2F
:10996000116A116A4C1608A508A508A508A508A53E
:1099700008A508A508A508A508A508A54C16116AFC
:10998000116A116A116A116A116A116A116A116AFF
:10999000116A116A116A116A116A116A116A116AEF
:1099A000116A116A116A116A116A116A116A116ADF
:1099B000116A116A116A116A116A116A116A116ACF
:1099C000CEFECEFE116A116A116ACEFECEFECEFE2A
:1099D000116A116A116ACEFECEFECEFECEFE116A6B
:1099E000116A116ACEFECEFE116A116A116A116AFD
:1099F000116A116A116A116A116A116A116A116A8F
:109A0000116A116A116A116A116A116A116A116A7E
:109A1000116A116A116A116A116A116A116A116A6E
:109A2000116A116A116A116A116A116A116A116A5E
:109A3000116A116A4C1608A508A508A508A508A56D
:109A400008A508A508A508A508A508A535BC35BC26
:109A500012701270127012701270127012701270F6
:109A600012701270127012701270127012701270E6
:109A700012701270127012701270127012701270D6
:109A800012701270127012701270127012701270C6
:109A90001270127012701270127012701270FFFF3A
:109AA000FFFFFFFFFFFFFFFFFFFFFFFFFFFFFFFFC6
:109AB000FFFFFFFF1270127012701270127012709E
:109AC0001270127012701270127012701270127086
:109AD0001270127012701270127012701270127076
:109AE0001270127012701270127012701270127066
:109AF0001270127012701270127012701270127056
:109B0000127035BC35BC08A508A508A508A508A590
:109B100008A508A508A508A508A508A508A508A5DD
:109B200008A508A508A508A508A508A54C16116A4A
:109B3000116A116A116A116A116A116A116A116A4D
:109B4000116A116A116A116A116A116A116A116A3D
:109B5000116A116A116A116A116A116A116A116A2D
:109B6000116A116A116A116A116A116A116ACEFECC
:109B7000CEFE116A116A116A116A116A116A116ABC
:109B8000116A116A116A116A116A116A116A116AFD
:109B9000116A116A116A116A116A116A116A116AED
:109BA000CEFECEFE116A116A116A116A116A116A3B
:109BB000116A116A116A116A116A116A116A116ACD
:109BC000116A116A116A116A116A116A116A116ABD
:109BD000116A116A116A116A116A116A116A116AAD
:109BE000116A116A4C1608A508A508A508A508A5BC
:109BF00008A508A508A508A508A508A54C16116A7A
:109C0000116A116A116A116A116A116A116A116A7C
:109C1000116A116A116A116A116A116A116A116A6C
:109C2000116A116A116A116A116A116A116A116A5C
:109C3000116A116A116A116A116A116A116A116A4C
:109C4000CEFECEFE116A116ACEFECEFECEFE116AA7
:109C5000116A116A116A116ACEFECEFECEFE116A39
:109C6000116A116ACEFECEFE116A116A116A116A7A
:109C7000116A116A116A116A116A116A116A116A0C
:109C8000116A116A116A116A116A116A116A116AFC
:109C9000116A116A116A116A116A116A116A116AEC
:109CA000116A116A116A116A116A116A116A116ADC
:109CB000116A116A4C1608A508A508A508A508A5EB
:109CC00008A508A508A508A508A508A535BC35BCA4
:109CD0001270127012701270127012701270127074
:109CE0001270127012701270127012701270127064
:109CF0001270127012701270127012701270127054
:109D00001270127012701270127012701270127043
:109D100012701270127012701270FFFFFFFFFFFFBF
:109D2000FFFFFFFFFFFFFFFFFFFFFFFFFFFFFFFF43
:109D3000FFFFFFFFFFFFFFFF127012701270127023
:109D40001270127012701270127012701270127003
:109D500012701270127012701270127012701270F3
:109D600012701270127012701270127012701270E3
:109D700012701270127012701270127012701270D3
:109D8000127035BC35BC08A508A508A508A508A50E
:109D900008A508A508A508A508A508A508A508A55B
:109DA00008A508A508A508A508A508A54C16116AC8
:109DB000116A116A116A116A116A116A116A116ACB
:109DC000116A116A116A116A116A116A116A116ABB
:109DD000116A116A116A116A116A116A116A116AAB
:109DE000116A116A116A116A116A116A116ACEFE4A
:109DF000CEFE116A116A116A116A116A116A116A3A
:109E0000116A116A116A116A116A116A116A116A7A
:109E1000116A116A116A116A116A116A116A116A6A
:109E2000CEFECEFE116A116A116A116A116A116AB8
:109E3000116A116A116A116A116A116A116A116A4A
:109E4000116A116A116A116A116A116A116A116A3A
:109E5000116A116A116A116A116A116A116A116A2A
:109E6000116A116A4C1608A508A508A508A508A539
:109E700008A508A508A508A508A508A54C16116AF7
:109E8000116A116A116A116A116A116A116A116AFA
:109E9000116A116A116A116A116A116A116A116AEA
:109EA000116A116A116A116A116A116A116A116ADA
:109EB000116A116A116A116A116A116A116A116ACA
:109EC000116ACEFECEFE116ACEFECEFE116A116A76
:109ED000116A116A116A116A116ACEFE116A116A59
:109EE000116ACEFECEFE116A116A116A116A116AF8
:109EF000116A116A116A116A116A116A116A116A8A
:109F0000116A116A116A116A116A116A116A116A79
:109F1000116A116A116A116A116A116A116A116A69
:109F2000116A116A116A116A116A116A116A116A59
:109F3000116A116A4C1608A508A508A508A508A568
:109F400008A508A508A508A508A508A535BC35BC21
:109F500012701270127012701270127012701270F1
:109F600012701270127012701270127012701270E1
:109F700012701270127012701270127012701270D1
:109F800012701270127012701270127012701270C1
:109F9000127012701270FFFFFFFFFFFFFFFFFFFF45
:109FA00012701270FFFFFFFFFFFFFFFFFFFF127035
:109FB0001270FFFFFFFFFFFFFFFFFFFF1270127025
:109FC0001270127012701270127012701270127081
:109FD0001270127012701270127012701270127071
:109FE0001270127012701270127012701270127061
:109FF0001270127012701270127012701270127051
:10A00000127035BC35BC08A508A508A508A508A58B
:10A0100008A508A508A508A508A508A508A508A5D8
:10A0200008A508A508A508A508A508A54C16116A45
:10A03000116A116A116A116A116A116A116A116A48
:10A04000116A116A116A116A116A116A116A116A38
:10A05000116A116A116A116A116A116A116A116A28
:10A06000116A116A116A116A116A116A116ACEFEC7
:10A07000CEFE116A116A116A116A116A116A116AB7
:10A08000116A116A116A116A116A116A116A116AF8
:10A09000116A116A116A116A116A116A116A116AE8
:10A0A000CEFECEFE116A116A116A116A116A116A36
:10A0B000116A116A116A116A116A116A116A116AC8
:10A0C000116A116A116A116A116A116A116A116AB8
:10A0D000116A116A116A116A116A116A116A116AA8
:10A0E000116A116A4C1608A508A508A508A508A5B7
:10A0F00008A508A508A508A508A508A54C16116A75
:10A10000116A116A116A116A116A116A116A116A77
:10A11000116A116A116A116A116A116A116A116A67
:10A12000116A116A116A116A116A116A116A116A57
:10A13000116A116A116A116A116A116A116A116A47
:10A14000116ACEFECEFECEFECEFECEFE116A116AA2
:10A15000116A116A116A116A116A116A116A116A27
:10A16000116ACEFECEFE116A116A116A116A116A75
:10A17000116A116A116A116A116A116A116A116A07
:10A18000116A116A116A116A116A116A116A116AF7
:10A19000116A116A116A116A116A116A116A116AE7
:10A1A000116A116A116A116A116A116A116A116AD7
:10A1B000116A116A4C1608A508A508A508A508A5E6
:10A1C00008A508A508A508A508A508A535BC35BC9F
:10A1D000127012701270127012701270127012706F
:10A1E000127012701270127012701270127012705F
:10A1F000127012701270127012701270127012704F
:10A20000127012701270127012701270127012703E
:10A2100012701270FFFFFFFFFFFFFFFF127012703E
:10A22000127012701270127012701270127012701E
:10A23000127012701270FFFFFFFFFFFFFFFF12701E
:10A2400012701270127012701270127012701270FE
:10A2500012701270127012701270127012701270EE
:10A2600012701270127012701270127012701270DE
:10A2700012701270127012701270127012701270CE
:10A28000127035BC35BC08A508A508A508A508A509
:10A2900008A508A508A508A508A508A508A508A556
:10A2A00008A508A508A508A508A508A54C16116AC3
:10A2B000116A116A116A116A116A116A116A116AC6
:10A2C000116A116A116A116A116A116A116A116AB6
:10A2D000116A116A116A116A116A116A116A116AA6
:10A2E000116A116A116A116A116A116A116ACEFE45
:10A2F000CEFE116A116A116A116A116A116A116A35
:10A30000116A116A116A116A116A116A116A116A75
:10A31000116A116A116A116A116A116A116A116A65
:10A32000CEFECEFE116A116A116A116A116A116AB3
:10A33000116A116A116A116A116A116A116A116A45
:10A34000116A116A116A116A116A116A116A116A35
:10A35000116A116A116A116A116A116A116A116A25
:10A36000116A116A4C1608A508A508A508A508A534
:10A3700008A508A508A508A508A508A54C16116AF2
:10A38000116A116A116A116A116A116A116A116AF5
:10A39000116A116A116A116A116A116A116A116AE5
:10A3A000116A116A116A116A116A116A116A116AD5
:10A3B000116A116A116A116A116A116A116A116AC5
:10A3C000116A116ACEFECEFECEFE116A116A116AC2
:10A3D000116A116A116A116A116A116A116A116AA5
:10A3E000CEFECEFE116A116A116A116A116A116AF3
:10A3F000116A116A116A116A116A116A116A116A85
:10A40000116A116A116A116A116A116A116A116A74
:10A41000116A116A116A116A116A116A116A116A64
:10A42000116A116A116A116A116A116A116A116A54
:10A43000116A116A4C1608A508A508A508A508A563
:10A4400008A508A508A508A508A508A535BC35BC1C
:10A4500012701270127012701270127012701270EC
:10A4600012701270127012701270127012701270DC
:10A4700012701270127012701270127012701270CC
:10A4800012701270127012701270127012701270BC
:10A490001270FFFFFFFFFFFF127012701270127038
:10A4A000127012701270127012701270127012709C
:10A4B00012701270127012701270FFFFFFFFFFFF18
:10A4C000127012701270127012701270127012707C
:10A4D000127012701270127012701270127012706C
:10A4E000127012701270127012701270127012705C
:10A4F000127012701270127012701270127012704C
:10A50000127035BC35BC08A508A508A508A508A586
:10A5100008A508A508A508A508A508A508A508A5D3
:10A5200008A508A508A508A508A508A54C16116A40
:10A53000116A116A116A116A116A116A116A116A43
:10A54000116A116A116A116A116A116A116A116A33
:10A55000116A116A116A116A116A116A116A116A23
:10A56000116A116A116A116A116A116A116ACEFEC2
:10A57000CEFE116A116A116A116A116A116A116AB2
:10A58000116A116A116A116A116A116A116A116AF3
:10A59000116A116A116A116A116A116A116A116AE3
:10A5A000CEFECEFE116A116A116A116A116A116A31
:10A5B000116A116A116A116A116A116A116A116AC3
:10A5C000116A116A116A116A116A116A116A116AB3
:10A5D000116A116A116A116A116A116A116A116AA3
:10A5E000116A116A4C1608A508A508A508A508A5B2
:10A5F00008A508A508A508A508A508A54C16116A70
:10A60000116A116A116A116A116A116A116A116A72
:10A61000116A116A116A116A116A116A116A116A62
:10A62000116A116A116A116A116A116A116A116A52
:10A63000116A116A116A116A116A116A116A116A42
:10A64000116A116A116ACEFECEFE116A116A116A90
:10A65000116A116A116A116A116A116A116ACEFED1
:10A66000CEFE116ACEFE116A116A116A116A116A70
:10A67000116A116A116A116A116A116A116A116A02
:10A68000116A116A116A116A116A116A116A116AF2
:10A69000116A116A116A116A116A116A116A116AE2
:10A6A000116A116A116A116A116A116A116A116AD2
:10A6B000116A116A4C1608A508A508A508A508A5E1
:10A6C00008A508A508A508A508A508A535BC35BC9A
:10A6D000127012701270127012701270127012706A
:10A6E000127012701270127012701270127012705A
:10A6F000127012701270127012701270127012704A
:10A700001270127012701270127012701270127039
:10A71000FFFFFFFF12701270127012701270127031
:10A720001270127012701270127012701270127019
:10A730001270127012701270127012701270FFFF8D
:10A74000FFFF12701270127012701270127012707D
:10A7500012701270127012701270127012701270E9
:10A7600012701270127012701270127012701270D9
:10A7700012701270127012701270127012701270C9
:10A78000127035BC35BC08A508A508A508A508A504
:10A7900008A508A508A508A508A508A508A508A551
:10A7A00008A508A508A508A508A508A54C16116ABE
:10A7B000116A116A116A116A116A116A116A116AC1
:10A7C000116A116A116A116A116A116A116A116AB1
:10A7D000116A116A116A116A116A116A116A116AA1
:10A7E000116A116A116A116A116A116A116ACEFE40
:10A7F000CEFE116A116A116ACEFECEFECEFECEFEEC
:10A80000CEFECEFECEFECEFECEFECEFECEFECEFEE8
:10A81000CEFECEFECEFECEFECEFE116A116A116ACB
:10A82000CEFECEFE116A116A116A116A116A116AAE
:10A83000116A116A116A116A116A116A116A116A40
:10A84000116A116A116A116A116A116A116A116A30
:10A85000116A116A116A116A116A116A116A116A20
:10A86000116A116A4C1608A508A508A508A508A52F
:10A8700008A508A508A508A508A508A54C16116AED
:10A88000116A116A116A116A116A116A116A116AF0
:10A89000116A116A116A116A116A116A116A116AE0
:10A8A000116A116A116A116A116A116A116A116AD0
:10A8B000116A116A116A116A116A116A116A116AC0
:10A8C000116A116A116A116ACEFECEFECEFE116ABD
:10A8D000116A116A116A116A116ACEFECEFECEFEAD
:10A8E000116ACEFECEFECEFE116A116A116A116A9D
:10A8F000116A116A116A116A116A116A116A116A80
:10A90000116A116A116A116A116A116A116A116A6F
:10A91000116A116A116A116A116A116A116A116A5F
:10A92000116A116A116A116A116A116A116A116A4F
:10A93000116A116A4C1608A508A508A508A508A55E
:10A9400008A508A508A508A508A508A535BC35BC17
:10A9500012701270127012701270127012701270E7
:10A9600012701270127012701270127012701270D7
:10A9700012701270127012701270127012701270C7
:10A980001270127012701270127012701270FFFF3B
:10A99000FFFFFFFF127012701270127012701270AF
:10A9A0001270127012701270127012701270127097
:10A9B0001270127012701270127012701270FFFF0B
:10A9C000FFFFFFFF1270127012701270127012707F
:10A9D0001270127012701270127012701270127067
:10A9E0001270127012701270127012701270127057
:10A9F0001270127012701270127012701270127047
:10AA0000127035BC35BC08A508A508A508A508A581
:10AA100008A508A508A508A508A508A508A508A5CE
:10AA200008A508A508A508A508A508A54C16116A3B
:10AA3000116A116A116A116A116A116A116A116A3E
:10AA4000116A116A116A116A116A116A116A116A2E
:10AA5000116A116A116A116A116A116A116A116A1E
:10AA6000116A116A116A116A116A116A116ACEFEBD
:10AA7000CEFE116A116A116ACEFECEFECEFECEFE69
:10AA8000CEFECEFECEFECEFECEFECEFECEFECEFE66
:10AA9000CEFECEFECEFECEFECEFE116A116A116A49
:10AAA000CEFECEFE116A116A116A116A116A116A2C
:10AAB000116A116A116A116A116A116A116A116ABE
:10AAC000116A116A116A116A116A116A116A116AAE
:10AAD000116A116A116A116A116A116A116A116A9E
:10AAE000116A116A4C1608A508A508A508A508A5AD
:10AAF00008A508A508A508A508A508A54C16116A6B
:10AB0000116A116A116A116A116A116A116A116A6D
:10AB1000116A116A116A116A116A116A116A116A5D
:10AB2000116A116A116A116A116A116A116A116A4D
:10AB3000116A116A116A116A116A116A116A116A3D
:10AB4000116A116A116A116A116ACEFECEFECEFE3A
:10AB5000CEFECEFECEFECEFECEFECEFECEFE116AE6
:10AB6000CEFECEFECEFECEFECEFE116A116A116A78
:10AB7000116A116A116A116A116A116A116A116AFD
:10AB8000116A116A116A116A116A116A116A116AED
:10AB9000116A116A116A116A116A116A116A116ADD
:10ABA000116A116A116A116A116A116A116A116ACD
:10ABB000116A116A4C1608A508A508A508A508A5DC
:10ABC00008A508A508A508A508A508A535BC35BC95
:10ABD0001270127012701270127012701270127065
:10ABE0001270127012701270127012701270127055
:10ABF0001270127012701270127012701270127045
:10AC00001270127012701270127012701270FFFFB8
:10AC1000FFFF1270127012701270127012701270A8
:10AC20001270127012701270127012701270127014
:10AC30001270127012701270127012701270127004
:10AC4000FFFFFFFF127012701270127012701270FC
:10AC500012701270127012701270127012701270E4
:10AC600012701270127012701270127012701270D4
:10AC700012701270127012701270127012701270C4
:10AC8000127035BC35BC08A508A508A508A508A5FF
:10AC900008A508A508A508A508A508A508A508A54C
:10ACA00008A508A508A508A508A508A54C16116AB9
:10ACB000116A116A116A116A116A116A116A116ABC
:10ACC000116A116A116A116A116A116A116A116AAC
:10ACD000116A116A116A116A116A116A116A116A9C
:10ACE000116A116A116A116A116A116A116ACEFE3B
:10ACF000CEFE116A116A116A116A116A116A116A2B
:10AD0000116A116A116A116A116A116A116A116A6B
:10AD1000116A116A116A116A116A116A116A116A5B
:10AD2000CEFECEFE116A116A116A116A116A116AA9
:10AD3000116A116A116A116A116A116A116A116A3B
:10AD4000116A116A116A116A116A116A116A116A2B
:10AD5000116A116A116A116A116A116A116A116A1B
:10AD6000116A116A4C1608A508A508A508A508A52A
:10AD700008A508A508A508A508A508A54C16116AE8
:10AD8000116A116A116A116A116A116A116A116AEB
:10AD9000116A116A116A116A116A116A116A116ADB
:10ADA000116A116A116A116A116A116A116A116ACB
:10ADB000116A116A116A116A116A116A116A116ABB
:10ADC000116A116A116A116A116A116A116ACEFE5A
:10ADD000CEFECEFECEFECEFECEFE116A116A116A06
:10ADE000116ACEFECEFECEFECEFECEFE116A116AF6
:10ADF000116A116A116A116A116A116A116A116A7B
:10AE0000116A116A116A116A116A116A116A116A6A
:10AE1000116A116A116A116A116A116A116A116A5A
:10AE2000116A116A116A116A116A116A116A116A4A
:10AE3000116A116A4C1608A508A508A508A508A559
:10AE400008A508A508A508A508A508A535BC35BC12
:10AE500012701270127012701270127012701270E2
:10AE600012701270127012701270127012701270D2
:10AE700012701270127012701270127012701270C2
:10AE8000127012701270127012701270FFFFFFFFBA
:10AE900012701270127012701270127012701270A2
:10AEA0001270127012701270127012701270127092
:10AEB0001270127012701270127012701270127082
:10AEC0001270FFFFFFFF127012701270127012707A
:10AED0001270127012701270127012701270127062
:10AEE0001270127012701270127012701270127052
:10AEF0001270127012701270127012701270127042
:10AF0000127035BC35BC08A508A508A508A508A57C
:10AF100008A508A508A508A508A508A508A508A5C9
:10AF200008A508A508A508A508A508A54C16116A36
:10AF3000116A116A116A116A116A116A116A116A39
:10AF4000116A116A116A116A116A116A116A116A29
:10AF5000116A116A116A116A116A116A116A116A19
:10AF6000116A116A116A116A116A116A116ACEFEB8
:10AF7000CEFE116A116A116A116A116A116A116AA8
:10AF8000116A116A116A116A116A116A116A116AE9
:10AF9000116A116A116A116A116A116A116A116AD9
:10AFA000CEFECEFE116A116A116A116A116A116A27
:10AFB000116A116A116A116A116A116A116A116AB9
:10AFC000116A116A116A116A116A116A116A116AA9
:10AFD000116A116A116A116A116A116A116A116A99
:10AFE000116A116A4C1608A508A508A508A508A5A8
:10AFF00008A508A508A508A508A508A54C16116A66
:10B00000116A116A116A116A116A116A116A116A68
:10B01000116A116A116A116A116A116A116A116A58
:10B02000116A116A116A116A116A116A116A116A48
:10B03000116A116A116A116A116A116A116A116A38
:10B04000116A116A116A116A116A116A116A116A28
:10B05000116A116A116A116A116A116A116A116A18
:10B06000116A116ACEFECEFECEFECEFECEFE116A73
:10B07000116A116A116A116A116A116A116A116AF8
:10B08000116A116A116A116A116A116A116A116AE8
:10B09000116A116A116A116A116A116A116A116AD8
:10B0A000116A116A116A116A116A116A116A116AC8
:10B0B000116A116A4C1608A508A508A508A508A5D7
:10B0C00008A508A508A508A508A508A535BC35BC90
:10B0D0001270127012701270127012701270127060
:10B0E0001270127012701270127012701270127050
:10B0F0001270127012701270127012701270127040
:10B10000127012701270127012701270FFFFFFFF37
:10B11000127012701270127012701270127012701F
:10B12000127012701270127012701270127012700F
:10B1300012701270127012701270127012701270FF
:10B140001270FFFFFFFF12701270127012701270F7
:10B1500012701270127012701270127012701270DF
:10B1600012701270127012701270127012701270CF
:10B1700012701270127012701270127012701270BF
:10B18000127035BC35BC08A508A508A508A508A5FA
:10B1900008A508A508A508A508A508A508A508A547
:10B1A00008A508A508A508A508A508A54C16116AB4
:10B1B000116A116A116A116A116A116A116A116AB7
:10B1C000116A116A116A116A116A116A116A116AA7
:10B1D000116A116A116A116A116A116A116A116A97
:10B1E000116A116A116A116A116A116A116ACEFE36
:10B1F000CEFE116A116A116A116A116A116A116A26
:10B20000116A116A116A116A116A116A116A116A66
:10B21000116A116A116A116A116A116A116A116A56
:10B22000CEFECEFE116A116A116A116A116A116AA4
:10B23000116A116A116A116A116A116A116A116A36
:10B24000116A116A116A116A116A116A116A116A26
:10B25000116A116A116A116A116A116A116A116A16
:10B26000116A116A4C1608A508A508A508A508A525
:10B2700008A508A508A508A508A508A54C16116AE3
:10B28000116A116A116A116A116A116A116A116AE6
:10B29000116A116A116A116A116A116A116A116AD6
:10B2A000116A116A116A116A116A116A116A116AC6
:10B2B000116A116A116A116A116A116A116A116AB6
:10B2C000116A116A116A116A116A116A116A116AA6
:10B2D000116A116A116A116A116A116A116A116A96
:10B2E000116A116A116ACEFECEFECEFECEFECEFEF1
:10B2F000116A116A116A116A116A116A116A116A76
:10B30000116A116A116A116A116A116A116A116A65
:10B31000116A116A116A116A116A116A116A116A55
:10B32000116A116A116A116A116A116A116A116A45
:10B33000116A116A4C1608A508A508A508A508A554
:10B3400008A508A508A508A508A508A535BC35BC0D
:10B3500012701270127012701270127012701270DD
:10B3600012701270127012701270127012701270CD
:10B3700012701270127012701270127012701270BD
:10B3800012701270127012701270127012701270AD
:10B39000127012701270127012701270127012709D
:10B3A000127012701270127012701270127012708D
:10B3B000127012701270127012701270127012707D
:10B3C000127012701270127012701270127012706D
:10B3D000127012701270127012701270127012705D
:10B3E000127012701270127012701270127012704D
:10B3F000127012701270127012701270127012703D
:10B40000127035BC35BC08A508A508A508A508A577
:10B4100008A508A508A508A508A508A508A508A5C4
:10B4200008A508A508A508A508A508A54C16116A31
:10B43000116A116A116A116A116A116A116A116A34
:10B44000116A116A116A116A116A116A116A116A24
:10B45000116A116A116A116A116A116A116A116A14
:10B46000116A116A116A116A116A116A116ACEFEB3
:10B47000CEFECEFECEFECEFECEFECEFECEFECEFE6C
:10B48000CEFECEFECEFECEFECEFECEFECEFECEFE5C
:10B49000CEFECEFECEFECEFECEFECEFECEFECEFE4C
:10B4A000CEFECEFE116A116A116A116A116A116A22
:10B4B000116A116A116A116A116A116A116A116AB4
:10B4C000116A116A116A116A116A116A116A116AA4
:10B4D000116A116A116A116A116A116A116A116A94
:10B4E000116A116A4C1608A508A508A508A508A5A3
:10B4F00008A508A508A508A508A508A54C16116A61
:10B50000116A116A116A116A116A116A116A116A63
:10B51000116A116A116A116A116A116A116A116A53
:10B52000116A116A116A116A116A116A116A116A43
:10B53000116A116A116A116A116A116A116A116A33
:10B54000116A116A116A116A116A116A116A116A23
:10B55000116A116A116A116A116A116A116A116A13
:10B56000116A116A116A116ACEFECEFECEFECEFEBF
:10B57000CEFE116A116A116A116A116A116A116AA2
:10B58000116A116A116A116A116A116A116A116AE3
:10B59000116A116A116A116A116A116A116A116AD3
:10B5A000116A116A116A116A116A116A116A116AC3
:10B5B000116A116A4C1608A508A508A508A508A5D2
:10B5C00008A508A508A508A508A508A535BC35BC8B
:10B5D000127012701270127012701270127012705B
:10B5E000127012701270127012701270127012704B
:10B5F000127012701270127012701270127012703B
:10B60000127012701270127012701270127012702A
:10B61000127012701270127012701270127012701A
:10B62000127012701270127012701270127012700A
:10B6300012701270127012701270127012701270FA
:10B6400012701270127012701270127012701270EA
:10B6500012701270127012701270127012701270DA
:10B6600012701270127012701270127012701270CA
:10B6700012701270127012701270127012701270BA
:10B68000127035BC35BC08A508A508A508A508A5F5
:10B6900008A508A508A508A508A508A508A508A542
:10B6A00008A508A508A508A508A508A54C16116AAF
:10B6B000116A116A116A116A116A116A116A116AB2
:10B6C000116A116A116A116A116A116A116A116AA2
:10B6D000116A116A116A116A116A116A116A116A92
:10B6E000116A116A116A116A116A116A116A116A82
:10B6F000CEFECEFECEFECEFECEFECEFECEFECEFEEA
:10B70000CEFECEFECEFECEFECEFECEFECEFECEFED9
:10B71000CEFECEFECEFECEFECEFECEFECEFECEFEC9
:10B72000CEFE116A116A116A116A116A116A116AF0
:10B73000116A116A116A116A116A116A116A116A31
:10B74000116A116A116A116A116A116A116A116A21
:10B75000116A116A116A116A116A116A116A116A11
:10B76000116A116A4C1608A508A508A508A508A520
:10B7700008A508A508A508A508A508A54C16116ADE
:10B78000116A116A116A116A116A116A116A116AE1
:10B79000116A116A116A116A116A116A116A116AD1
:10B7A000116A116A116A116A116A116A116A116AC1
:10B7B000116A116A116A116A116A116A116A116AB1
:10B7C000116A116A116A116A116A116A116A116AA1
:10B7D000116A116A116A116A116A116A116A116A91
:10B7E000116A116A116A116A116ACEFECEFECEFE8E
:10B7F000CEFECEFE116A116A116A116A116A116ACF
:10B80000116A116A116A116A116A116A116A116A60
:10B81000116A116A116A116A116A116A116A116A50
:10B82000116A116A116A116A116A116A116A116A40
:10B83000116A116A4C1608A508A508A508A508A54F
:10B8400008A508A508A508A508A508A535BC35BC08
:10B8500012701270127012701270127012701270D8
:10B8600012701270127012701270127012701270C8
:10B8700012701270127012701270127012701270B8
:10B8800012701270127012701270127012701270A8
:10B890001270127012701270127012701270127098
:10B8A0001270127012701270127012701270127088
:10B8B0001270127012701270127012701270127078
:10B8C0001270127012701270127012701270127068
:10B8D0001270127012701270127012701270127058
:10B8E0001270127012701270127012701270127048
:10B8F0001270127012701270127012701270127038
:10B90000127035BC35BC08A508A508A508A508A572
:10B9100008A508A508A508A508A508A508A508A5BF
:10B9200008A508A508A508A508A508A54C16116A2C
:10B93000116A116A116A116A116A116A116A116A2F
:10B94000116A116A116A116A116A116A116A116A1F
:10B95000116A116A116A116A116A116A116A116A0F
:10B96000116A116A116A116A116A116A116A116AFF
:10B97000116A116A116A116A116A116A116A116AEF
:10B98000116A116A116A116A116A116A116A116ADF
:10B99000116A116A116A116A116A116A116A116ACF
:10B9A000116A116A116A116A116A116A116A116ABF
:10B9B000116A116A116A116A116A116A116A116AAF
:10B9C000116A116A116A116A116A116A116A116A9F
:10B9D000116A116A116A116A116A116A116A116A8F
:10B9E000116A116A4C1608A508A508A508A508A59E
:10B9F00008A508A508A508A508A508A54C16116A5C
:10BA0000116A116A116A116A116A116A116A116A5E
:10BA1000116A116A116A116A116A116A116A116A4E
:10BA2000116A116A116A116A116A116A116A116A3E
:10BA3000116A116A116A116A116A116A116A116A2E
:10BA4000116A116A116A116A116A116A116A116A1E
:10BA5000116A116A116A116A116A116A116A116A0E
:10BA6000116A116A116A116A116A116ACEFECEFE5C
:10BA7000CEFECEFECEFE116A116A116A116A116AFB
:10BA8000116A116A116A116A116A116A116A116ADE
:10BA9000116A116A116A116A116A116A116A116ACE
:10BAA000116A116A116A116A116A116A116A116ABE
:10BAB000116A116A4C1608A508A508A508A508A5CD
:10BAC00008A508A508A508A508A508A535BC35BC86
:10BAD0001270127012701270127012701270127056
:10BAE0001270127012701270127012701270127046
:10BAF0001270127012701270127012701270127036
:10BB00001270127012701270127012701270127025
:10BB10001270127012701270127012701270127015
:10BB20001270127012701270127012701270127005
:10BB300012701270127012701270127012701270F5
:10BB400012701270127012701270127012701270E5
:10BB500012701270127012701270127012701270D5
:10BB600012701270127012701270127012701270C5
:10BB700012701270127012701270127012701270B5
:10BB8000127035BC35BC08A508A508A508A508A5F0
:10BB900008A508A508A508A508A508A508A508A53D
:10BBA00008A508A508A508A508A508A54C16116AAA
:10BBB000116A116A116A116A116A116A116A116AAD
:10BBC000116A116A116A116A116A116A116A116A9D
:10BBD000116A116A116A116A116A116A116A116A8D
:10BBE000116A116A116A116A116A116A116A116A7D
:10BBF000116A116A116A116A116A116A116A116A6D
:10BC0000116A116A116A116A116A116A116A116A5C
:10BC1000116A116A116A116A116A116A116A116A4C
:10BC2000116A116A116A116A116A116A116A116A3C
:10BC3000116A116A116A116A116A116A116A116A2C
:10BC4000116A116A116A116A116A116A116A116A1C
:10BC5000116A116A116A116A116A116A116A116A0C
:10BC6000116A116A4C1608A508A508A508A508A51B
:10BC700008A508A508A508A508A508A54C16116AD9
:10BC8000116A116A116A116A116A116A116A116ADC
:10BC9000116A116A116A116A116A116A116A116ACC
:10BCA000116A116A116A116A116A116A116A116ABC
:10BCB000116A116A116A116A116A116A116A116AAC
:10BCC000116A116A116A116A116A116A116A116A9C
:10BCD000116A116A116A116A116A116A116A116A8C
:10BCE000116A116A116A116A116A116A116ACEFE2B
:10BCF000CEFECEFECEFECEFE116A116A116A116A28
:10BD0000116A116A116A116A116A116A116A116A5B
:10BD1000116A116A116A116A116A116A116A116A4B
:10BD2000116A116A116A116A116A116A116A116A3B
:10BD3000116A116A4C1608A508A508A508A508A54A
:10BD400008A508A508A508A508A508A535BC35BC03
:10BD500012701270127012701270127012701270D3
:10BD600012701270127012701270127012701270C3
:10BD700012701270127012701270127012701270B3
:10BD800012701270127012701270127012701270A3
:10BD90001270127012701270127012701270127093
:10BDA0001270127012701270127012701270127083
:10BDB0001270127012701270127012701270127073
:10BDC0001270127012701270127012701270127063
:10BDD0001270127012701270127012701270127053
:10BDE0001270127012701270127012701270127043
:10BDF0001270127012701270127012701270127033
:10BE0000127035BC35BC08A508A508A508A508A56D
:10BE100008A508A508A508A508A508A508A508A5BA
:10BE200008A508A508A508A508A508A54C16116A27
:10BE3000116A116A116A116A116A116A116A116A2A
:10BE4000116A116A116A116A116A116A116A116A1A
:10BE5000116A116A116A116A116A116A116A116A0A
:10BE6000116A116A116A116A116A116A116A116AFA
:10BE7000116A116A116A116A116A116A116A116AEA
:10BE8000116A116A116A116A116A116A116A116ADA
:10BE9000116A116A116A116A116A116A116A116ACA
:10BEA000116A116A116A116A116A116A116A116ABA
:10BEB000116A116A116A116A116A116A116A116AAA
:10BEC000116A116A116A116A116A116A116A116A9A
:10BED000116A116A116A116A116A116A116A116A8A
:10BEE000116A116A4C1608A508A508A508A508A599
:10BEF00008A508A508A508A508A508A54C16116A57
:10BF0000116A116A116A116A116A116A116A116A59
:10BF1000116A116A116A116A116A116A116A116A49
:10BF2000116A116A116A116A116A116A116A116A39
:10BF3000116A116A116A116A116A116A116A116A29
:10BF4000116A116A116A116A116A116A116A116A19
:10BF5000116A116A116A116A116A116A116A116A09
:10BF6000116A116A116A116A116A116A116A116AF9
:10BF7000CEFECEFECEFE116A116A116A116A116AF6
:10BF8000116A116A116A116A116A116A116A116AD9
:10BF9000116A116A116A116A116A116A116A116AC9
:10BFA000116A116A116A116A116A116A116A116AB9
:10BFB000116A116A4C1608A508A508A508A508A5C8
:10BFC00008A508A508A508A508A508A535BC35BC81
:10BFD0001270127012701270127012701270127051
:10BFE0001270127012701270127012701270127041
:10BFF0001270127012701270127012701270127031
:10C000001270127012701270127012701270127020
:10C010001270127012701270127012701270127010
:10C020001270127012701270127012701270127000
:10C0300012701270127012701270127012701270F0
:10C0400012701270127012701270127012701270E0
:10C0500012701270127012701270127012701270D0
:10C0600012701270127012701270127012701270C0
:10C0700012701270127012701270127012701270B0
:10C08000127035BC35BC08A508A508A508A508A5EB
:10C0900008A508A508A508A508A508A508A508A538
:10C0A00008A508A508A508A508A508A54C16116AA5
:10C0B000116A116A116A116A116A116A116A116AA8
:10C0C000116A116A116A116A116A116A116A116A98
:10C0D000116A116A116A116A116A116A116A116A88
:10C0E000116A116A116A116A116A116A116A116A78
:10C0F000116A116A116A116A116A116A116A116A68
:10C10000116A116A116A116A116A116A116A116A57
:10C11000116A116A116A116A116A116A116A116A47
:10C12000116A116A116A116A116A116A116A116A37
:10C13000116A116A116A116A116A116A116A116A27
:10C14000116A116A116A116A116A116A116A116A17
:10C15000116A116A116A116A116A116A116A116A07
:10C16000116A116A4C1608A508A508A508A508A516
:10C1700008A508A508A508A508A508A54C16116AD4
:10C18000116A116A116A116A116A116A116A116AD7
:10C19000116A116A116A116A116A116A116A116AC7
:10C1A000116A116A116A116A116A116A116A116AB7
:10C1B000116A116A116A116A116A116A116A116AA7
:10C1C000116A116A116A116A116A116A116A116A97
:10C1D000116A116A116A116A116A116A116A116A87
:10C1E000116A116A116A116A116A116A116A116A77
:10C1F000116ACEFE116A116A116A116A116A116A16
:10C20000116A116A116A116A116A116A116A116A56
:10C21000116A116A116A116A116A116A116A116A46
:10C22000116A116A116A116A116A116A116A116A36
:10C23000116A116A4C1608A508A508A508A508A545
:10C2400008A508A508A508A508A508A535BC35BCFE
:10C2500012701270127012701270127012701270CE
:10C2600012701270127012701270127012701270BE
:10C2700012701270127012701270127012701270AE
:10C28000127012701270127012701270127012709E
:10C29000127012701270127012701270127012708E
:10C2A000127012701270127012701270127012707E
:10C2B000127012701270127012701270127012706E
:10C2C000127012701270127012701270127012705E
:10C2D000127012701270127012701270127012704E
:10C2E000127012701270127012701270127012703E
:10C2F000127012701270127012701270127012702E
:10C30000127035BC35BC08A508A508A508A508A568
:10C3100008A508A508A508A508A508A508A508A5B5
:10C3200008A508A508A508A508A508A54C16116A22
:10C33000116A116A116A116A116A116A116A116A25
:10C34000116A116A116A116A116A116A116A116A15
:10C35000116A116A116A116A116A116A116A116A05
:10C36000116A116A116A116A116A116A116A116AF5
:10C37000116A116A116A116A116A116A116A116AE5
:10C38000116A116A116A116A116A116A116A116AD5
:10C39000116A116A116A116A116A116A116A116AC5
:10C3A000116A116A116A116A116A116A116A116AB5
:10C3B000116A116A116A116A116A116A116A116AA5
:10C3C000116A116A116A116A116A116A116A116A95
:10C3D000116A116A116A116A116A116A116A116A85
:10C3E000116A116A4C1608A508A508A508A508A594
:10C3F00008A508A508A508A508A508A54C16116A52
:10C40000116A116A116A116A116A116A116A116A54
:10C41000116A116A116A116A116A116A116A116A44
:10C42000116A116A116A116A116A116A116A116A34
:10C43000116A116A116A116A116A116A116A116A24
:10C44000116A116A116A116A116A116A116A116A14
:10C45000116A116A116A116A116A116A116A116A04
:10C46000116A116A116A116A116A116A116A116AF4
:10C47000116A116A116A116A116A116A116A116AE4
:10C48000116A116A116A116A116A116A116A116AD4
:10C49000116A116A116A116A116A116A116A116AC4
:10C4A000116A116A116A116A116A116A116A116AB4
:10C4B000116A116A4C1608A508A508A508A508A5C3
:10C4C00008A508A508A508A508A508A535BC35BC7C
:10C4D000127012701270127012701270127012704C
:10C4E000127012701270127012701270127012703C
:10C4F000127012701270127012701270127012702C
:10C50000127012701270127012701270127012701B
:10C51000127012701270127012701270127012700B
:10C5200012701270127012701270127012701270FB
:10C5300012701270127012701270127012701270EB
:10C5400012701270127012701270127012701270DB
:10C5500012701270127012701270127012701270CB
:10C5600012701270127012701270127012701270BB
:10C5700012701270127012701270127012701270AB
:10C58000127035BC35BC08A508A508A508A508A5E6
:10C5900008A508A508A508A508A508A508A508A533
:10C5A00008A508A508A508A508A508A54C16116AA0
:10C5B000116A116A116A116A116A116A116A116AA3
:10C5C000116A116A116A116A116A116A116A116A93
:10C5D000116A116A116A116A116A116A116A116A83
:10C5E000116A116A116A116A116A116A116A116A73
:10C5F000116A116A116A116A116A116A116A116A63
:10C60000116A116A116A116A116A116A116A116A52
:10C61000116A116A116A116A116A116A116A116A42
:10C62000116A116A116A116A116A116A116A116A32
:10C63000116A116A116A116A116A116A116A116A22
:10C64000116A116A116A116A116A116A116A116A12
:10C65000116A116A116A116A116A116A116A116A02
:10C66000116A116A4C1608A508A508A508A508A511
:10C6700008A508A508A508A508A508A54C16116ACF
:10C68000116A116A116A116A116A116A116A116AD2
:10C69000116A116A116A116A116A116A116A116AC2
:10C6A000116A116A116A116A116A116A116A116AB2
:10C6B000116A116A116A116A116A116A116A116AA2
:10C6C000116A116A116A116A116A116A116A116A92
:10C6D000116A116A116A116A116A116A116A116A82
:10C6E000116A116A116A116A116A116A116A116A72
:10C6F000116A116A116A116A116A116A116A116A62
:10C70000116A116A116A116A116A116A116A116A51
:10C71000116A116A116A116A116A116A116A116A41
:10C72000116A116A116A116A116A116A116A116A31
:10C73000116A116A4C1608A508A508A508A508A540
:10C7400008A508A508A508A508A508A535BC35BCF9
:10C7500012701270127012701270127012701270C9
:10C7600012701270127012701270127012701270B9
:10C7700012701270127012701270127012701270A9
:10C780001270127012701270127012701270127099
:10C790001270127012701270127012701270127089
:10C7A0001270127012701270127012701270127079
:10C7B0001270127012701270127012701270127069
:10C7C0001270127012701270127012701270127059
:10C7D0001270127012701270127012701270127049
:10C7E0001270127012701270127012701270127039
:10C7F0001270127012701270127012701270127029
:10C80000127035BC35BC08A508A508A508A508A563
:10C8100008A508A508A508A508A508A508A508A5B0
:10C8200008A508A508A508A508A508A54C16116A1D
:10C83000116A116A116A116A116A116A116A116A20
:10C84000116A116A116A116A116A116A116A116A10
:10C85000116A116A116A116A116A116A116A116A00
:10C86000116A116A116A116A116A116A116A116AF0
:10C87000116A116A116A116A116A116A116A116AE0
:10C88000116A116A116A116A116A116A116A116AD0
:10C89000116A116A116A116A116A116A116A116AC0
:10C8A000116A116A116A116A116A116A116A116AB0
:10C8B000116A116A116A116A116A116A116A116AA0
:10C8C000116A116A116A116A116A116A116A116A90
:10C8D000116A116A116A116A116A116A116A116A80
:10C8E000116A116A4C1608A508A508A508A508A58F
:10C8F00008A508A508A508A508A508A54C16116A4D
:10C90000116A116A116A116A116A116A116A116A4F
:10C91000116A116A116A116A116A116A116A116A3F
:10C92000116A116A116A116A116A116A116A116A2F
:10C93000116A116A116A116A116A116A116A116A1F
:10C94000116A116A116A116A116A116A116A116A0F
:10C95000116A116A116A116A116A116A116A116AFF
:10C96000116A116A116A116A116A116A116A116AEF
:10C97000116A116A116A116A116A116A116A116ADF
:10C98000116A116A116A116A116A116A116A116ACF
:10C99000116A116A116A116A116A116A116A116ABF
:10C9A000116A116A116A116A116A116A116A116AAF
:10C9B000116A116A4C1608A508A508A508A508A5BE
:10C9C00008A508A508A508A508A508A535BC35BC77
:10C9D0001270127012701270127012701270127047
:10C9E0001270127012701270127012701270127037
:10C9F0001270127012701270127012701270127027
:10CA00001270127012701270127012701270127016
:10CA10001270127012701270127012701270127006
:10CA200012701270127012701270127012701270F6
:10CA300012701270127012701270127012701270E6
:10CA400012701270127012701270127012701270D6
:10CA500012701270127012701270127012701270C6
:10CA600012701270127012701270127012701270B6
:10CA700012701270127012701270127012701270A6
:10CA8000127035BC35BC08A508A508A508A508A5E1
:10CA900008A508A508A508A508A508A508A508A52E
:10CAA00008A508A508A508A508A508A54C16116A9B
:10CAB000116A116A116A116A116A116A116A116A9E
:10CAC000116A116A116A116A116A116A116A116A8E
:10CAD000116A116A116A116A116A116A116A116A7E
:10CAE000116A116A116A116A116A116A116A116A6E
:10CAF000116A116A116A116A116A116A116A116A5E
:10CB0000116A116A116A116A116A116A116A116A4D
:10CB1000116A116A116A116A116A116A116A116A3D
:10CB2000116A116A116A116A116A116A116A116A2D
:10CB3000116A116A116A116A116A116A116A116A1D
:10CB4000116A116A116A116A116A116A116A116A0D
:10CB5000116A116A116A116A116A116A116A116AFD
:10CB6000116A116A4C1608A508A508A508A508A50C
:10CB700008A508A508A508A508A508A54C16116ACA
:10CB8000116A116A116A116A116A116A116A116ACD
:10CB9000116A116A116A116A116A116A116A116ABD
:10CBA000116A116A116A116A116A116A116A116AAD
:10CBB000116A116A116A116A116A116A116A116A9D
:10CBC000116A116A116A116A116A116A116A116A8D
:10CBD000116A116A116A116A116A116A116A116A7D
:10CBE000116A116A116A116A116A116A116A116A6D
:10CBF000116A116A116A116A116A116A116A116A5D
:10CC0000116A116A116A116A116A116A116A116A4C
:10CC1000116A116A116A116A116A116A116A116A3C
:10CC2000116A116A116A116A116A116A116A116A2C
:10CC3000116A116A4C1608A508A508A508A508A53B
:10CC400008A508A508A508A508A508A535BC35BCF4
:10CC500012701270127012701270127012701270C4
:10CC600012701270127012701270127012701270B4
:10CC700012701270127012701270127012701270A4
:10CC80001270127012701270127012701270127094
:10CC90001270127012701270127012701270127084
:10CCA0001270127012701270127012701270127074
:10CCB0001270127012701270127012701270127064
:10CCC0001270127012701270127012701270127054
:10CCD0001270127012701270127012701270127044
:10CCE0001270127012701270127012701270127034
:10CCF0001270127012701270127012701270127024
:10CD0000127035BC35BC08A508A508A508A508A55E
:10CD100008A508A508A508A508A508A508A508A5AB
:10CD200008A508A508A508A508A508A54C16116A18
:10CD3000116A116A116A116A116A116A116A116A1B
:10CD4000116A116A116A116A116A116A116A116A0B
:10CD5000116A116A116A116A116A116A116A116AFB
:10CD6000116A116A116A116A116A116A116A116AEB
:10CD7000116A116A116A116A116A116A116A116ADB
:10CD8000116A116A116A116A116A116A116A116ACB
:10CD9000116A116A116A116A116A116A116A116ABB
:10CDA000116A116A116A116A116A116A116A116AAB
:10CDB000116A116A116A116A116A116A116A116A9B
:10CDC000116A116A116A116A116A116A116A116A8B
:10CDD000116A116A116A116A116A116A116A116A7B
:10CDE000116A116A4C1608A508A508A508A508A58A
:10CDF00008A508A508A508A508A508A54C16116A48
:10CE0000116A116A116A116A116A116A116A116A4A
:10CE1000116A116A116A116A116A116A116A116A3A
:10CE2000116A116A116A116A116A116A116A116A2A
:10CE3000116A116A116A116A116A116A116A116A1A
:10CE4000116A116A116A116A116A116A116A116A0A
:10CE5000116A116A116A116A116A116A116A116AFA
:10CE6000116A116A116A116A116A116A116A116AEA
:10CE7000116A116A116A116A116A116A116A116ADA
:10CE8000116A116A116A116A116A116A116A116ACA
:10CE9000116A116A116A116A116A116A116A116ABA
:10CEA000116A116A116A116A116A116A116A116AAA
:10CEB000116A116A4C1608A508A508A508A508A5B9
:10CEC00008A508A508A508A508A508A535BC35BC72
:10CED0001270127012701270127012701270127042
:10CEE0001270127012701270127012701270127032
:10CEF0001270127012701270127012701270127022
:10CF00001270127012701270127012701270127011
:10CF10001270127012701270127012701270127001
:10CF200012701270127012701270127012701270F1
:10CF300012701270127012701270127012701270E1
:10CF400012701270127012701270127012701270D1
:10CF500012701270127012701270127012701270C1
:10CF600012701270127012701270127012701270B1
:10CF700012701270127012701270127012701270A1
:10CF8000127035BC35BC08A508A508A508A508A5DC
:10CF900008A508A508A508A508A508A508A508A529
:10CFA00008A508A508A508A508A508A54C16116A96
:10CFB000116A116A116A116A116A116A116A116A99
:10CFC000116A116A116A116A116A116A116A116A89
:10CFD000116A116A116A116A116A116A116A116A79
:10CFE000116A116A116A116A116A116A116A116A69
:10CFF000116A116A116A116A116A116A116A116A59
:10D00000116A116A116A116A116A116A116A116A48
:10D01000116A116A116A116A116A116A116A116A38
:10D02000116A116A116A116A116A116A116A116A28
:10D03000116A116A116A116A116A116A116A116A18
:10D04000116A116A116A116A116A116A116A116A08
:10D05000116A116A116A116A116A116A116A116AF8
:10D06000116A116A4C1608A508A508A508A508A507
:10D0700008A508A508A508A508A508A54C16116AC5
:10D08000116A116A116A116A116A116A116A116AC8
:10D09000116A116A116A116A116A116A116A116AB8
:10D0A000116A116A116A116A116A116A116A116AA8
:10D0B000116A116A116A116A116A116A116A116A98
:10D0C000116A116A116A116A116A116A116A116A88
:10D0D000116A116A116A116A116A116A116A116A78
:10D0E000116A116A116A116A116A116A116A116A68
:10D0F000116A116A116A116A116A116A116A116A58
:10D10000116A116A116A116A116A116A116A116A47
:10D11000116A116A116A116A116A116A116A116A37
:10D12000116A116A116A116A116A116A116A116A27
:10D13000116A116A4C1608A508A508A508A508A536
:10D1400008A508A508A508A508A508A535BC35BCEF
:10D1500012701270127012701270127012701270BF
:10D1600012701270127012701270127012701270AF
:10D17000127012701270127012701270127012709F
:10D18000127012701270127012701270127012708F
:10D19000127012701270127012701270127012707F
:10D1A000127012701270127012701270127012706F
:10D1B000127012701270127012701270127012705F
:10D1C000127012701270127012701270127012704F
:10D1D000127012701270127012701270127012703F
:10D1E000127012701270127012701270127012702F
:10D1F000127012701270127012701270127012701F
:10D20000127035BC35BC08A508A508A508A508A559
:10D2100008A508A508A508A508A508A508A508A5A6
:10D2200008A508A508A508A508A508A54C16116A13
:10D23000116A116A116A116A116A116A116A116A16
:10D24000116A116A116A116A116A116A116A116A06
:10D25000116A116A116A116A116A116A116A116AF6
:10D26000116A116A116A116A116A116A116A116AE6
:10D27000116A116A116A116A116A116A116A116AD6
:10D28000116A116A116A116A116A116A116A116AC6
:10D29000116A116A116A116A116A116A116A116AB6
:10D2A000116A116A116A116A116A116A116A116AA6
:10D2B000116A116A116A116A116A116A116A116A96
:10D2C000116A116A116A116A116A116A116A116A86
:10D2D000116A116A116A116A116A116A116A116A76
:10D2E000116A116A4C1608A508A508A508A508A585
:10D2F00008A508A508A508A508A508A54C16116A43
:10D30000116A116A116A116A116A116A116A116A45
:10D31000116A116A116A116A116A116A116A116A35
:10D32000116A116A116A116A116A116A116A116A25
:10D33000116A116A116A116A116A116A116A116A15
:10D34000116A116A116A116A116A116A116A116A05
:10D35000116A116A116A116A116A116A116A116AF5
:10D36000116A116A116A116A116A116A116A116AE5
:10D37000116A116A116A116A116A116A116A116AD5
:10D38000116A116A116A116A116A116A116A116AC5
:10D39000116A116A116A116A116A116A116A116AB5
:10D3A000116A116A116A116A116A116A116A116AA5
:10D3B000116A116A4C1608A508A508A508A508A5B4
:10D3C00008A508A508A508A508A508A535BC35BC6D
:10D3D000127012701270127012701270127012703D
:10D3E000127012701270127012701270127012702D
:10D3F000127012701270127012701270127012701D
:10D40000127012701270127012701270127012700C
:10D4100012701270127012701270127012701270FC
:10D4200012701270127012701270127012701270EC
:10D4300012701270127012701270127012701270DC
:10D4400012701270127012701270127012701270CC
:10D4500012701270127012701270127012701270BC
:10D4600012701270127012701270127012701270AC
:10D47000127012701270127012701270127012709C
:10D48000127035BC35BC08A508A508A508A508A5D7
:10D4900008A508A508A508A508A508A508A508A524
:10D4A00008A508A508A508A508A508A54C16116A91
:10D4B000116A116A116A116A116A116A116A116A94
:10D4C000116A116A116A116A116A116A116A116A84
:10D4D000116A116A116A116A116A116A116A116A74
:10D4E000116A116A116A116A116A116A116A116A64
:10D4F000116A116A116A116A116A116A116A116A54
:10D50000116A116A116A116A116A116A116A116A43
:10D51000116A116A116A116A116A116A116A116A33
:10D52000116A116A116A116A116A116A116A116A23
:10D53000116A116A116A116A116A116A116A116A13
:10D54000116A116A116A116A116A116A116A116A03
:10D55000116A116A116A116A116A116A116A116AF3
:10D56000116A116A4C1608A508A508A508A508A502
:10D5700008A508A508A508A508A508A54C16116AC0
:10D58000116A116A116A116A116A116A116A116AC3
:10D59000116A116A116A116A116A116A116A116AB3
:10D5A000116A116A116A116A116A116A116A116AA3
:10D5B000116A116A116A116A116A116A116A116A93
:10D5C000116A116A116A116A116A116A116A116A83
:10D5D000116A116A116A116A116A116A116A116A73
:10D5E000116A116A116A116A116A116A116A116A63
:10D5F000116A116A116A116A116A116A116A116A53
:10D60000116A116A116A116A116A116A116A116A42
:10D61000116A116A116A116A116A116A116A116A32
:10D62000116A116A116A116A116A116A116A116A22
:10D63000116A116A4C1608A508A508A508A508A531
:10D6400008A508A508A508A508A508A535BC35BCEA
:10D6500012701270127012701270127012701270BA
:10D6600012701270127012701270127012701270AA
:10D67000127012701270127012701270127012709A
:10D68000127012701270127012701270127012708A
:10D69000127012701270127012701270127012707A
:10D6A000127012701270127012701270127012706A
:10D6B000127012701270127012701270127012705A
:10D6C000127012701270127012701270127012704A
:10D6D000127012701270127012701270127012703A
:10D6E000127012701270127012701270127012702A
:10D6F000127012701270127012701270127012701A
:10D70000127035BC35BC08A508A508A508A508A554
:10D7100008A508A508A508A508A508A508A508A5A1
:10D7200008A508A508A508A508A508A54C16116A0E
:10D73000116A116A116A116A116A116A116A116A11
:10D74000116A116A116A116A116A116A116A116A01
:10D75000116A116A116A116A116A116A116A116AF1
:10D76000116A116A116A116A116A116A116A116AE1
:10D77000116A116A116A116A116A116A116A116AD1
:10D78000116A116A116A116A116A116A116A116AC1
:10D79000116A116A116A116A116A116A116A116AB1
:10D7A000116A116A116A116A116A116A116A116AA1
:10D7B000116A116A116A116A116A116A116A116A91
:10D7C000116A116A116A116A116A116A116A116A81
:10D7D000116A116A116A116A116A116A116A116A71
:10D7E000116A116A4C1608A508A508A508A508A580
:10D7F00008A508A508A508A508A508A54C16116A3E
:10D80000116A116A116A116A116A116A116A116A40
:10D81000116A116A116A116A116A116A116A116A30
:10D82000116A116A116A116A116A116A116A116A20
:10D83000116A116A116A116A116A116A116A116A10
:10D84000116A116A116A116A116A116A116A116A00
:10D85000116A116A116A116A116A116A116A116AF0
:10D86000116A116A116A116A116A116A116A116AE0
:10D87000116A116A116A116A116A116A116A116AD0
:10D88000116A116A116A116A116A116A116A116AC0
:10D89000116A116A116A116A116A116A116A116AB0
:10D8A000116A116A116A116A116A116A116A116AA0
:10D8B000116A116A4C1608A508A508A508A508A5AF
:10D8C00008A508A508A508A508A508A535BC35BC68
:10D8D0001270127012701270127012701270127038
:10D8E0001270127012701270127012701270127028
:10D8F0001270127012701270127012701270127018
:10D900001270127012701270127012701270127007
:10D9100012701270127012701270127012701270F7
:10D9200012701270127012701270127012701270E7
:10D9300012701270127012701270127012701270D7
:10D9400012701270127012701270127012701270C7
:10D9500012701270127012701270127012701270B7
:10D9600012701270127012701270127012701270A7
:10D970001270127012701270127012701270127097
:10D98000127035BC35BC08A508A508A508A508A5D2
:10D9900008A508A508A508A508A508A508A508A51F
:10D9A00008A508A508A508A508A508A54C16116A8C
:10D9B000116A116A116A116A116A116A116A116A8F
:10D9C000116A116A116A116A116A116A116A116A7F
:10D9D000116A116A116A116A116A116A116A116A6F
:10D9E000116A116A116A116A116A116A116A116A5F
:10D9F000116A116A116A116A116A116A116A116A4F
:10DA0000116A116A116A116A116A116A116A116A3E
:10DA1000116A116A116A116A116A116A116A116A2E
:10DA2000116A116A116A116A116A116A116A116A1E
:10DA3000116A116A116A116A116A116A116A116A0E
:10DA4000116A116A116A116A116A116A116A116AFE
:10DA5000116A116A116A116A116A116A116A116AEE
:10DA6000116A116A4C1608A508A508A508A508A5FD
:10DA700008A508A508A508A508A508A54C16116ABB
:10DA8000116A116A116A116A116A116A116A116ABE
:10DA9000116A116A116A116A116A116A116A116AAE
:10DAA000116A116A116A116A116A116A116A116A9E
:10DAB000116A116A116A116A116A116A116A116A8E
:10DAC000116A116A116A116A116A116A116A116A7E
:10DAD000116A116A116A116A116A116A116A116A6E
:10DAE000116A116A116A116A116A116A116A116A5E
:10DAF000116A116A116A116A116A116A116A116A4E
:10DB0000116A116A116A116A116A116A116A116A3D
:10DB1000116A116A116A116A116A116A116A116A2D
:10DB2000116A116A116A116A116A116A116A116A1D
:10DB3000116A116A4C1608A508A508A508A508A52C
:10DB400008A508A508A508A508A508A535BC35BCE5
:10DB500012701270127012701270127012701270B5
:10DB600012701270127012701270127012701270A5
:10DB70001270127012701270127012701270127095
:10DB80001270127012701270127012701270127085
:10DB90001270127012701270127012701270127075
:10DBA0001270127012701270127012701270127065
:10DBB0001270127012701270127012701270127055
:10DBC0001270127012701270127012701270127045
:10DBD0001270127012701270127012701270127035
:10DBE0001270127012701270127012701270127025
:10DBF0001270127012701270127012701270127015
:10DC0000127035BC35BC08A508A508A508A508A54F
:10DC100008A508A508A508A508A508A508A508A59C
:10DC200008A508A508A508A508A508A54C16116A09
:10DC3000116A116A116A116A116A116A116A116A0C
:10DC4000116A116A116A116A116A116A116A116AFC
:10DC5000116A116A116A116A116A116A116A116AEC
:10DC6000116A116A116A116A116A116A116A116ADC
:10DC7000116A116A116A116A116A116A116A116ACC
:10DC8000116A116A116A116A116A116A116A116ABC
:10DC9000116A116A116A116A116A116A116A116AAC
:10DCA000116A116A116A116A116A116A116A116A9C
:10DCB000116A116A116A116A116A116A116A116A8C
:10DCC000116A116A116A116A116A116A116A116A7C
:10DCD000116A116A116A116A116A116A116A116A6C
:10DCE000116A116A4C1608A508A508A508A508A57B
:10DCF00008A508A508A508A508A508A54C16116A39
:10DD0000116A116A116A116A116A116A116A116A3B
:10DD1000116A116A116A116A116A116A116A116A2B
:10DD2000116A116A116A116A116A116A116A116A1B
:10DD3000116A116A116A116A116A116A116A116A0B
:10DD4000116A116A116A116A116A116A116A116AFB
:10DD5000116A116A116A116A116A116A116A116AEB
:10DD6000116A116A116A116A116A116A116A116ADB
:10DD7000116A116A116A116A116A116A116A116ACB
:10DD8000116A116A116A116A116A116A116A116ABB
:10DD9000116A116A116A116A116A116A116A116AAB
:10DDA000116A116A116A116A116A116A116A116A9B
:10DDB000116A116A4C1608A508A508A508A508A5AA
:10DDC00008A508A508A508A508A508A535BC35BC63
:10DDD0001270127012701270127012701270127033
:10DDE0001270127012701270127012701270127023
:10DDF0001270127012701270127012701270127013
:10DE00001270127012701270127012701270127002
:10DE100012701270127012701270127012701270F2
:10DE200012701270127012701270127012701270E2
:10DE300012701270127012701270127012701270D2
:10DE400012701270127012701270127012701270C2
:10DE500012701270127012701270127012701270B2
:10DE600012701270127012701270127012701270A2
:10DE70001270127012701270127012701270127092
:10DE8000127035BC35BC08A508A508A508A508A5CD
:10DE900008A508A508A508A508A508A508A508A51A
:10DEA00008A508A508A508A508A508A54C16116A87
:10DEB000116A116A116A116A116A116A116A116A8A
:10DEC000116A116A116A116A116A116A116A116A7A
:10DED000116A116A116A116A116A116A116A116A6A
:10DEE000116A116A116A116A116A116A116A116A5A
:10DEF000116A116A116A116A116A116A116A116A4A
:10DF0000116A116A116A116A116A116A116A116A39
:10DF1000116A116A116A116A116A116A116A116A29
:10DF2000116A116A116A116A116A116A116A116A19
:10DF3000116A116A116A116A116A116A116A116A09
:10DF4000116A116A116A116A116A116A116A116AF9
:10DF5000116A116A116A116A116A116A116A116AE9
:10DF6000116A116A4C1608A508A508A508A508A5F8
:10DF700008A508A508A508A508A508A54C16116AB6
:10DF8000116A116A116A116A116A116A116A116AB9
:10DF9000116A116A116A116A116A116A116A116AA9
:10DFA000116A116A116A116A116A116A116A116A99
:10DFB000116A116A116A116A116A116A116A116A89
:10DFC000116A116A116A116A116A116A116A116A79
:10DFD000116A116A116A116A116A116A116A116A69
:10DFE000116A116A116A116A116A116A116A116A59
:10DFF000116A116A116A116A116A116A116A116A49
:10E00000116A116A116A116A116A116A116A116A38
:10E01000116A116A116A116A116A116A116A116A28
:10E02000116A116A116A116A116A116A116A116A18
:10E03000116A116A4C1608A508A508A508A508A527
:10E0400008A508A508A508A508A508A535BC35BCE0
:10E0500012701270127012701270127012701270B0
:10E0600012701270127012701270127012701270A0
:10E070001270127012701270127012701270127090
:10E080001270127012701270127012701270127080
:10E090001270127012701270127012701270127070
:10E0A0001270127012701270127012701270127060
:10E0B0001270127012701270127012701270127050
:10E0C0001270127012701270127012701270127040
:10E0D0001270127012701270127012701270127030
:10E0E0001270127012701270127012701270127020
:10E0F0001270127012701270127012701270127010
:10E10000127035BC35BC08A508A508A508A508A54A
:10E1100008A508A508A508A508A508A508A508A597
:10E1200008A508A508A508A508A508A54C16116A04
:10E13000116A116A116A116A116A116A116A116A07
:10E14000116A116A116A116A116A116A116A116AF7
:10E15000116A116A116A116A116A116A116A116AE7
:10E16000116A116A116A116A116A116A116A116AD7
:10E17000116A116A116A116A116A116A116A116AC7
:10E18000116A116A116A116A116A116A116A116AB7
:10E19000116A116A116A116A116A116A116A116AA7
:10E1A000116A116A116A116A116A116A116A116A97
:10E1B000116A116A116A116A116A116A116A116A87
:10E1C000116A116A116A116A116A116A116A116A77
:10E1D000116A116A116A116A116A116A116A116A67
:10E1E000116A116A4C1608A508A508A508A508A576
:10E1F00008A508A508A508A508A508A54C16116A34
:10E20000116A116A116A116A116A116A116A116A36
:10E21000116A116A116A116A116A116A116A116A26
:10E22000116A116A116A116A116A116A116A116A16
:10E23000116A116A116A116A116A116A116A116A06
:10E24000116A116A116A116A116A116A116A116AF6
:10E25000116A116A116A116A116A116A116A116AE6
:10E26000116A116A116A116A116A116A116A116AD6
:10E27000116A116A116A116A116A116A116A116AC6
:10E28000116A116A116A116A116A116A116A116AB6
:10E29000116A116A116A116A116A116A116A116AA6
:10E2A000116A116A116A116A116A116A116A116A96
:10E2B000116A116A4C1608A508A508A508A508A5A5
:10E2C00008A508A508A508A508A508A535BC35BC5E
:10E2D000127012701270127012701270127012702E
:10E2E000127012701270127012701270127012701E
:10E2F000127012701270127012701270127012700E
:10E3000012701270127012701270127012701270FD
:10E3100012701270127012701270127012701270ED
:10E3200012701270127012701270127012701270DD
:10E3300012701270127012701270127012701270CD
:10E3400012701270127012701270127012701270BD
:10E3500012701270127012701270127012701270AD
:10E36000127012701270127012701270127012709D
:10E37000127012701270127012701270127012708D
:10E38000127035BC35BC08A508A508A508A508A5C8
:10E3900008A508A508A508A508A508A508A508A515
:10E3A00008A508A508A508A508A508A54C16116A82
:10E3B000116A116A116A116A116A116A116A116A85
:10E3C000116A116A116A116A116A116A116A116A75
:10E3D000116A116A116A116A116A116A116A116A65
:10E3E000116A116A116A116A116A116A116A116A55
:10E3F000116A116A116A116A116A116A116A116A45
:10E40000116A116A116A116A116A116A116A116A34
:10E41000116A116A116A116A116A116A116A116A24
:10E42000116A116A116A116A116A116A116A116A14
:10E43000116A116A116A116A116A116A116A116A04
:10E44000116A116A116A116A116A116A116A116AF4
:10E45000116A116A116A116A116A116A116A116AE4
:10E46000116A116A4C1608A508A508A508A508A5F3
:10E4700008A508A508A508A508A508A54C16116AB1
:10E48000116A116A116A116A116A116A116A116AB4
:10E49000116A116A116A116A116A116A116A116AA4
:10E4A000116A116A116A116A116A116A116A116A94
:10E4B000116A116A116A116A116A116A116A116A84
:10E4C000116A116A116A116A116A116A116A116A74
:10E4D000116A116A116A116A116A116A116A116A64
:10E4E000116A116A116A116A116A116A116A116A54
:10E4F000116A116A116A116A116A116A116A116A44
:10E50000116A116A116A116A116A116A116A116A33
:10E51000116A116A116A116A116A116A116A116A23
:10E52000116A116A116A116A116A116A116A116A13
:10E53000116A116A4C1608A508A508A508A508A522
:10E5400008A508A508A508A508A508A535BC35BCDB
:10E5500012701270127012701270127012701270AB
:10E56000127012701270127012701270127012709B
:10E57000127012701270127012701270127012708B
:10E58000127012701270127012701270127012707B
:10E59000127012701270127012701270127012706B
:10E5A000127012701270127012701270127012705B
:10E5B000127012701270127012701270127012704B
:10E5C000127012701270127012701270127012703B
:10E5D000127012701270127012701270127012702B
:10E5E000127012701270127012701270127012701B
:10E5F000127012701270127012701270127012700B
:10E60000127035BC35BC08A508A508A508A508A545
:10E6100008A508A508A508A508A508A508A508A592
:10E6200008A508A508A508A508A508A54C16116AFF
:10E63000116A116A116A116A116A116A116A116A02
:10E64000116A116A116A116A116A116A116A116AF2
:10E65000116A116A116A116A116A116A116A116AE2
:10E66000116A116A116A116A116A116A116A116AD2
:10E67000116A116A116A116A116A116A116A116AC2
:10E68000116A116A116A116A116A116A116A116AB2
:10E69000116A116A116A116A116A116A116A116AA2
:10E6A000116A116A116A116A116A116A116A116A92
:10E6B000116A116A116A116A116A116A116A116A82
:10E6C000116A116A116A116A116A116A116A116A72
:10E6D000116A116A116A116A116A116A116A116A62
:10E6E000116A116A4C1608A508A508A508A508A571
:10E6F00008A508A508A508A508A508A54C16116A2F
:10E70000116A116A116A116A116A116A116A116A31
:10E71000116A116A116A116A116A116A116A116A21
:10E72000116A116A116A116A116A116A116A116A11
:10E73000116A116A116A116A116A116A116A116A01
:10E74000116A116A116A116A116A116A116A116AF1
:10E75000116A116A116A116A116A116A116A116AE1
:10E76000116A116A116A116A116A116A116A116AD1
:10E77000116A116A116A116A116A116A116A116AC1
:10E78000116A116A116A116A116A116A116A116AB1
:10E79000116A116A116A116A116A116A116A116AA1
:10E7A000116A116A116A116A116A116A116A116A91
:10E7B000116A116A4C1608A508A508A508A508A5A0
:10E7C00008A508A508A508A508A508A535BC35BC59
:10E7D0001270127012701270127012701270127029
:10E7E0001270127012701270127012701270127019
:10E7F0001270127012701270127012701270127009
:10E8000012701270127012701270127012701270F8
:10E8100012701270127012701270127012701270E8
:10E8200012701270127012701270127012701270D8
:10E8300012701270127012701270127012701270C8
:10E8400012701270127012701270127012701270B8
:10E8500012701270127012701270127012701270A8
:10E860001270127012701270127012701270127098
:10E870001270127012701270127012701270127088
:10E88000127035BC35BC08A508A508A508A508A5C3
:10E8900008A508A508A508A508A508A508A508A510
:10E8A00008A508A508A508A508A508A54C16116A7D
:10E8B000116A116A116A116A116A116A116A116A80
:10E8C000116A116A116A116A116A116A116A116A70
:10E8D000116A116A116A116A116A116A116A116A60
:10E8E000116A116A116A116A116A116A116A116A50
:10E8F000116A116A116A116A116A116A116A116A40
:10E90000116A116A116A116A116A116A116A116A2F
:10E91000116A116A116A116A116A116A116A116A1F
:10E92000116A116A116A116A116A116A116A116A0F
:10E93000116A116A116A116A116A116A116A116AFF
:10E94000116A116A116A116A116A116A116A116AEF
:10E95000116A116A116A116A116A116A116A116ADF
:10E96000116A116A4C1608A508A508A508A508A5EE
:10E9700008A508A508A508A508A508A54C16116AAC
:10E98000116A116A116A116A116A116A116A116AAF
:10E99000116A116A116A116A116A116A116A116A9F
:10E9A000116A116A116A116A116A116A116A116A8F
:10E9B000116A116A116A116A116A116A116A116A7F
:10E9C000116A116A116A116A116A116A328EFFFFA7
:10E9D0009D57116A116A116A116A116A116A116AE6
:10E9E000116A116A116A116A116A116A116A116A4F
:10E9F000116A116A116A116A116A116A116A116A3F
:10EA0000116A116A116A116A116A116A116A116A2E
:10EA1000116A116A116A116A116A116A116A116A1E
:10EA2000116A116A116A116A116A116A116A116A0E
:10EA3000116A116A4C1608A508A508A508A508A51D
:10EA400008A508A508A508A508A508A535BC35BCD6
:10EA500012701270127012701270127012701270A6
:10EA60001270127012701270127012701270127096
:10EA70001270127012701270127012701270127086
:10EA80001270127012701270127012701270127076
:10EA90001270127012701270127012701270127066
:10EAA0001270127012701270127012701270127056
:10EAB0001270127012701270127012701270127046
:10EAC0001270127012701270127012701270127036
:10EAD0001270127012701270127012701270127026
:10EAE0001270127012701270127012701270127016
:10EAF0001270127012701270127012701270127006
:10EB0000127035BC35BC08A508A508A508A508A540
:10EB100008A508A508A508A508A508A508A508A58D
:10EB200008A508A508A508A508A508A54C16116AFA
:10EB3000116A116A116A116A116A116A116A116AFD
:10EB4000116A116A116A116A116A116A116A116AED
:10EB5000116A116A116A116A116A116A116A116ADD
:10EB6000116A116A116A116A116A116A116A116ACD
:10EB7000116A116A116A116A116A116A116A116ABD
:10EB8000116A116A116A116A116A116A116A116AAD
:10EB9000116A116A116A116A116A116A7C54FFFFC5
:10EBA0005B91116A116A116A116A116A116A116A1C
:10EBB000116A116A116A116A116A116A116A116A7D
:10EBC000116A116A116A116A116A116A116A116A6D
:10EBD000116A116A116A116A116A116A116A116A5D
:10EBE000116A116A4C1608A508A508A508A508A56C
:10EBF00008A508A508A508A508A508A54C16116A2A
:10EC0000116A116A116A116A116A116A116A116A2C
:10EC1000116A116A116A116A116A116A116A116A1C
:10EC2000116A116A116A116A116A116A116A116A0C
:10EC3000116A116A116A116A116A116A21ECFFFFE7
:10EC4000FFFFFFDFEF7EBE1942CF116A328EFFFF5A
:10EC50009D57116A116A116A116A116A116A116A63
:10EC6000116A116A116A116A116A116A116A116ACC
:10EC7000116A116A116A116A116A116A116A116ABC
:10EC8000116A116A116A116A116A116A116A116AAC
:10EC9000116A116A116A116A116A116A116A116A9C
:10ECA000116A116A116A116A116A116A116A116A8C
:10ECB000116A116A4C1608A508A508A508A508A59B
:10ECC00008A508A508A508A508A508A535BC35BC54
:10ECD0001270127012701270127012701270127024
:10ECE0001270127012701270127012701270127014
:10ECF0001270127012701270127012701270127004
:10ED000012701270127012701270127012701270F3
:10ED100012701270127012701270127012701270E3
:10ED200012701270127012701270127012701270D3
:10ED300012701270127012701270127012701270C3
:10ED400012701270127012701270127012701270B3
:10ED500012701270127012701270127012701270A3
:10ED60001270127012701270127012701270127093
:10ED70001270127012701270127012701270127083
:10ED8000127035BC35BC08A508A508A508A508A5BE
:10ED900008A508A508A508A508A508A508A508A50B
:10EDA00008A508A508A508A508A508A54C16116A78
:10EDB000116A116A116A116A116A116A116A116A7B
:10EDC000116A116A116A116A116A116A116A116A6B
:10EDD000116A116A116A116A116A116A116A116A5B
:10EDE000116A116A116A116A116A116A116A116A4B
:10EDF00021EC9D36DF1DFFDFE75D84B5116A116AE6
:10EE0000116A116A116A116A116A116A116A116A2A
:10EE1000116A116A116A116A116A116A7C54FFFF42
:10EE20005B91116A116A116A116A116A116A116A99
:10EE3000116A116A116A116A116A116A116A116AFA
:10EE4000116A116A116A116A116A116A116A116AEA
:10EE5000116A116A116A116A116A116A116A116ADA
:10EE6000116A116A4C1608A508A508A508A508A5E9
:10EE700008A508A508A508A508A508A54C16116AA7
:10EE8000116A116A116A116A116A116A116A116AAA
:10EE9000116A116A116A116A116A116A116A116A9A
:10EEA000116A116A116A116A116A116A116A116A8A
:10EEB000116A116A116A116A116A116A21ECFFFF65
:10EEC000CEBB118B42EFDF1DFFDF42CE116A116A0C
:10EED000116A116A116A116A116A116A116A116A5A
:10EEE000116A116A116A116A116A116A116A116A4A
:10EEF000116A116A116A116A116A116A116A116A3A
:10EF0000116A116A116A116A116A116A116A116A29
:10EF1000116A116A116A116A116A116A116A116A19
:10EF2000116A116A116A116A116A116A116A116A09
:10EF3000116A116A4C1608A508A508A508A508A518
:10EF400008A508A508A508A508A508A535BC35BCD1
:10EF500012701270127012701270127012701270A1
:10EF60001270127012701270127012701270127091
:10EF70001270127012701270127012701270127081
:10EF80001270127012701270127012701270127071
:10EF90001270127012701270127012701270127061
:10EFA0001270127012701270127012701270127051
:10EFB0001270127012701270127012701270127041
:10EFC0001270127012701270127012701270127031
:10EFD0001270127012701270127012701270127021
:10EFE0001270127012701270127012701270127011
:10EFF0001270127012701270127012701270127001
:10F00000127035BC35BC08A508A508A508A508A53B
:10F0100008A508A508A508A508A508A508A508A588
:10F0200008A508A508A508A508A508A54C16116AF5
:10F03000116A116A116A116A116A116A116A116AF8
:10F04000116A116A116A116A116A116A116A116AE8
:10F05000116A116A116A116A116A116A116A116AD8
:10F06000116A116A116A116A116A116A116A19AB7F
:10F07000DF1CFFDF63B119CB4AEF84B5116A116A57
:10F08000116A116A116A116A116A116A116A116AA8
:10F09000116A116A116A116A116A116A7C54FFFFC0
:10F0A0005B91116A116A116A116A116A116A116A17
:10F0B000116A116A116A116A116A116A116A116A78
:10F0C000116A116A116A116A116A116A116A116A68
:10F0D000116A116A116A116A116A116A116A116A58
:10F0E000116A116A4C1608A508A508A508A508A567
:10F0F00008A508A508A508A508A508A54C16116A25
:10F10000116A116A116A116A116A116A116A116A27
:10F11000116A116A116A116A116A116A116A116A17
:10F12000116A116A116A116A116A116A116A116A07
:10F13000116A116A116A116A116A116A21ECFFFFE2
:10F14000CEBB116A116A63B1FFFFA577328EFFFF54
:10F150009D57220CFFFFFFFFF7DFCEBB42EF116A86
:10F16000118A9536F7BEFFFFFFFFFFFF5B91116A23
:10F17000116A116A116A116A116A116A116A116AB7
:10F18000116A116A116A116A116A116A116A116AA7
:10F19000116A116A116A116A116A116A116A116A97
:10F1A000116A116A116A116A116A116A116A116A87
:10F1B000116A116A4C1608A508A508A508A508A596
:10F1C00008A508A508A508A508A508A535BC35BC4F
:10F1D000127012701270127012701270127012701F
:10F1E000127012701270127012701270127012700F
:10F1F00012701270127012701270127012701270FF
:10F2000012701270127012701270127012702AF254
:10F21000FFFFD6FC12701270B63BFFFF43931270D3
:10F2200012701270127012701270127012701270CE
:10F2300012701270127012701270127012701270BE
:10F2400012701270127012701270127012701270AE
:10F25000127012701270127012701270127012709E
:10F26000127012701270127012701270127012708E
:10F27000127012701270127012701270127012707E
:10F28000127035BC35BC08A508A508A508A508A5B9
:10F2900008A508A508A508A508A508A508A508A506
:10F2A00008A508A508A508A508A508A54C16116A73
:10F2B000116A116A116A116A116A116A116A116A76
:10F2C000116A116A116A116A116A116A116A116A66
:10F2D000116A116A116A116A116A116A116A116A56
:10F2E000116A116A116A116A116A116A116A63D28C
:10F2F000FFFFA597116A116A116A116A220CFFFFBC
:10F30000FFFFF7DFCEBB42EF116A328EFFFFFFFF38
:10F31000FFFFEF7E118A9D36F7BEFFFFFFFFFFFF65
:10F320005B91116A116A116A116A116A116A116A94
:10F33000116A116A116A116A116A116A116A116AF5
:10F34000116A116A116A116A116A116A116A116AE5
:10F35000116A116A116A116A116A116A116A116AD5
:10F36000116A116A4C1608A508A508A508A508A5E4
:10F3700008A508A508A508A508A508A54C16116AA2
:10F38000116A116A116A116A116A116A116A116AA5
:10F39000116A116A116A116A116A116A116A116A95
:10F3A000116A116A116A116A116A116A116A116A85
:10F3B000116A116A116A116A116A116A21ECFFFF60
:10F3C000CEBB116A116A3AAEFFFFC65A328EFFFFFA
:10F3D0009D57116A116A116A220CE73DD6DC116A49
:10F3E0005B91FFFF9D3619CBC65AFFFF5B91116AF7
:10F3F000116A116A116A116A116A116A116A116A35
:10F40000116A116A116A116A116A116A116A116A24
:10F41000116A116A116A116A116A116A116A116A14
:10F42000116A116A116A116A116A116A116A116A04
:10F43000116A116A4C1608A508A508A508A508A513
:10F4400008A508A508A508A508A508A535BC35BCCC
:10F45000127012701270127012701270127012709C
:10F46000127012701270127012701270127012708C
:10F47000127012701270127012701270127012707C
:10F4800012701270127012701270127012702AF2D2
:10F49000FFFFD6FC12701270B63BFFFF4393127051
:10F4A000127012701270127012701270127012704C
:10F4B000127012701270127012701270127012703C
:10F4C000127012701270127012701270127012702C
:10F4D000127012701270127012701270127012701C
:10F4E000127012701270127012701270127012700C
:10F4F00012701270127012701270127012701270FC
:10F50000127035BC35BC08A508A508A508A508A536
:10F5100008A508A508A508A508A508A508A508A583
:10F5200008A508A508A508A508A508A54C16116AF0
:10F53000116A116A116A116A116A116A116A116AF3
:10F54000116A116A116A116A116A116A116A116AE3
:10F55000116A116A116A116A116A116A116A116AD3
:10F56000116A116A116A116A116A116A116A849426
:10F57000FFFF8494116A116A116A116A116A116A93
:10F58000116A220CE73DD6DC116A328EFFFFDF1DC7
:10F590002A4D116A5BB1FFFF9D3619CBBE3AFFFFC2
:10F5A0005B91116A116A116A116A116A116A116A12
:10F5B000116A116A116A116A116A116A116A116A73
:10F5C000116A116A116A116A116A116A116A116A63
:10F5D000116A116A116A116A116A116A116A116A53
:10F5E000116A116A4C1608A508A508A508A508A562
:10F5F00008A508A508A508A508A508A54C16116A20
:10F60000116A116A116A116A116A116A116A116A22
:10F61000116A116A116A116A116A116A116A116A12
:10F62000116A116A116A116A116A116A116A116A02
:10F63000116A116A116A116A116A116A21ECFFFFDD
:10F64000CEBB116A116A63B1FFFFA577328EFFFF4F
:10F650009D57326DC67AF7BEFFFFFFFFF7BF116AF5
:10F660008CD5FFFF5350116A8494FFFF5B91116AA0
:10F67000116A116A116A116A116A116A116A116AB2
:10F68000116A116A116A116A116A116A116A116AA2
:10F69000116A116A116A116A116A116A116A116A92
:10F6A000116A116A116A116A116A116A116A116A82
:10F6B000116A116A4C1608A508A508A508A508A591
:10F6C00008A508A508A508A508A508A535BC35BC4A
:10F6D000127012701270127012701270127012701A
:10F6E000127012701270127012701270127012700A
:10F6F00012701270127012701270127012701270FA
:10F7000012701270127012701270127012702AF24F
:10F71000FFFFD6FC12701270B63BFFFF43932B1213
:10F72000C69CF7DFFFFFFFFF331212707CF7E73D47
:10F73000F7DFD6FD53F412703B53FFFFFFFFFFFFCF
:10F74000EF7E1270127012701270127012701270BE
:10F750001270127012701270127012701270127099
:10F760001270127012701270127012701270127089
:10F770001270127012701270127012701270127079
:10F78000127035BC35BC08A508A508A508A508A5B4
:10F7900008A508A508A508A508A508A508A508A501
:10F7A00008A508A508A508A508A508A54C16116A6E
:10F7B000116A116A116A116A116A116A116A116A71
:10F7C000116A116A116A116A116A116A116A116A61
:10F7D000116A116A116A116A116A116A116A116A51
:10F7E000116A116A116A116A116A116A116A63D287
:10F7F000FFFFA577116A116A116A116A326DC67A24
:10F80000F7BEFFFFFFFFF7BF116A328EFFFFA5773C
:10F81000116A116A8CD5FFFF5370116A8494FFFF3F
:10F820005B91116A116A116A116A116A116A116A8F
:10F83000116A116A116A116A116A116A116A116AF0
:10F84000116A116A116A116A116A116A116A116AE0
:10F85000116A116A116A116A116A116A116A116AD0
:10F86000116A116A4C1608A508A508A508A508A5DF
:10F8700008A508A508A508A508A508A54C16116A9D
:10F88000116A116A116A116A116A116A116A116AA0
:10F89000116A116A116A116A116A116A116A116A90
:10F8A000116A116A116A116A116A116A116A116A80
:10F8B000116A116A116A116A116A116A21ECFFFF5B
:10F8C000CEBB118B42EFDF1DFFDF42CE328EFFFF3A
:10F8D0009D578CD5FFFF6C13326DEF7EFFDF116AF1
:10F8E0005B91FFFF951619CBC65AFFFF5B91116A1A
:10F8F000FFFFCE9B116A116A116A116A116A116ABF
:10F90000116A116A116A116A116A116A116A116A1F
:10F91000116A116A116A116A116A116A116A116A0F
:10F92000116A116A116A116A116A116A116A116AFF
:10F93000116A116A4C1608A508A508A508A508A50E
:10F9400008A508A508A508A508A508A535BC35BCC7
:10F950001270127012701270127012701270127097
:10F960001270127012701270127012701270127087
:10F970001270127012701270127012701270127077
:10F9800012701270127012701270127012702AF2CD
:10F99000FFFFD6FC12701270B63BFFFF43937CD77B
:10F9A000FFFF95794BD422B112705C35FFFF95793A
:10F9B00022B1BE5BF7BF2AF23B53FFFFE73D333274
:10F9C0001270127012701270127012701270127027
:10F9D0001270127012701270127012701270127017
:10F9E0001270127012701270127012701270127007
:10F9F00012701270127012701270127012701270F7
:10FA0000127035BC35BC08A508A508A508A508A531
:10FA100008A508A508A508A508A508A508A508A57E
:10FA200008A508A508A508A508A508A54C16116AEB
:10FA3000116A116A116A116A116A116A116A116AEE
:10FA4000116A116A116A116A116A116A116A116ADE
:10FA5000116A116A116A116A116A116A116A116ACE
:10FA6000116A116A116A116A116A116A116A19AB75
:10FA7000DF1CFFDF5BB119CB42EF84B58CD5FFFFF4
:10FA80006C13326DEF7EFFDF116A328EFFFF9D57E0
:10FA9000116A116A5BB1FFFF953619CBBE3AFFFFC1
:10FAA0005B91116A116A116A116A116A116A116A0D
:10FAB000116A116A116A116A116A116A116A116A6E
:10FAC000116A116A116A116A116A116A116A116A5E
:10FAD000116A116A116A116A116A116A116A116A4E
:10FAE000116A116A4C1608A508A508A508A508A55D
:10FAF00008A508A508A508A508A508A54C16116A1B
:10FB0000116A116A116A116A116A116A116A116A1D
:10FB1000116A116A116A116A116A116A116A116A0D
:10FB2000116A116A116A116A116A116A116A116AFD
:10FB3000116A116A116A116A116A116A21ECFFFFD8
:10FB4000FFFFFFFFEF7EBE1942CF116A328EFFFF2B
:10FB50009D57328ED6FCFFFFFFFFFFFFFFDF116ACC
:10FB6000118A9536F7BEFFFFFFFFFFFF5B91116A19
:10FB7000FFFFCE9B116A116A116A116A116A116A3C
:10FB8000116A116A116A116A116A116A116A116A9D
:10FB9000116A116A116A116A116A116A116A116A8D
:10FBA000116A116A116A116A116A116A116A116A7D
:10FBB000116A116A4C1608A508A508A508A508A58C
:10FBC00008A508A508A508A508A508A535BC35BC45
:10FBD0001270127012701270127012701270127015
:10FBE0001270127012701270127012701270127005
:10FBF00012701270127012701270127012701270F5
:10FC0000127012701270127012701270127022B193
:10FC1000FFFFD6FD12701270BE5BFFFF3B53439394
:10FC2000F79EFFFFFFFFF7BF43948D58FFFFFFFFD5
:10FC3000FFFFFFFFFFFF53F43B53FFFFA5DA1270F6
:10FC400012701270127012701270127012701270A4
:10FC50001270127012701270127012701270127094
:10FC60001270127012701270127012701270127084
:10FC70001270127012701270127012701270127074
:10FC8000127035BC35BC08A508A508A508A508A5AF
:10FC900008A508A508A508A508A508A508A508A5FC
:10FCA00008A508A508A508A508A508A54C16116A69
:10FCB000116A116A116A116A116A116A116A116A6C
:10FCC000116A116A116A116A116A116A116A116A5C
:10FCD000116A116A116A116A116A116A116A116A4C
:10FCE000116A116A116A116A116A116A116A116A3C
:10FCF000220C9D57DF1DFFDFEF5D8CB5328ED6FCE9
:10FD0000FFFFFFFFFFFFFFDF116A328EFFFF9D57EE
:10FD1000116A116A118A9D36F7BEFFFFFFFFFFFFD0
:10FD20005B91116A116A116A116A116A116A116A8A
:10FD3000116A116A116A116A116A116A116A116AEB
:10FD4000116A116A116A116A116A116A116A116ADB
:10FD5000116A116A116A116A116A116A116A116ACB
:10FD6000116A116A4C1608A508A508A508A508A5DA
:10FD700008A508A508A508A508A508A54C16116A98
:10FD8000116A116A116A116A116A116A116A116A9B
:10FD9000116A116A116A116A116A116A116A116A8B
:10FDA000116A116A116A116A116A116A116A116A7B
:10FDB000116A116A116A116A116A116A116A116A6B
:10FDC000116A116A116A116A116A116A116A116A5B
:10FDD000116A116A116A116A116A116A116A116A4B
:10FDE000116A116A116A19CBB5D8FFFF3AAE116AD0
:10FDF000116A116A116A116A116A116A116A116A2B
:10FE0000116A116A116A116A116A116A116A116A1A
:10FE1000116A116A116A116A116A116A116A116A0A
:10FE2000116A116A116A116A116A116A116A116AFA
:10FE3000116A116A4C1608A508A508A508A508A509
:10FE400008A508A508A508A508A508A535BC35BCC2
:10FE50001270127012701270127012701270127092
:10FE60001270127012701270127012701270127082
:10FE70001270127012701270127012701270127072
:10FE80001270127012701270127012701270127062
:10FE9000D71DFFDF3B533312E77EEF9E1A9112709E
:10FEA0001A9143949D99FFFF7CD76435FFFF8D58CD
:10FEB0001A911270127012703B53FFFFA5D9127085
:10FEC0001270127012701270127012701270127022
:10FED0001270127012701270127012701270127012
:10FEE0001270127012701270127012701270127002
:10FEF00012701270127012701270127012701270F2
:10FF0000127035BC35BC08A508A508A508A508A52C
:10FF100008A508A508A508A508A508A508A508A579
:10FF200008A508A508A508A508A508A54C16116AE6
:10FF3000116A116A116A116A116A116A116A116AE9
:10FF4000116A116A116A116A116A116A116A116AD9
:10FF5000116A116A116A116A116A116A116A116AC9
:10FF6000116A116A116A116A116A116A116A116AB9
:10FF7000116A116A116A116A116A116A116A116AA9
:10FF8000116A116A116A116A116A116A116A116A99
:10FF9000116A116A116A116A116A116A116A116A89
:10FFA000116A116A116A116A116A116A116A116A79
:10FFB000116A116A116A116A116A116A116A116A69
:10FFC000116A116A116A116A116A116A116A116A59
:10FFD000116A116A116A116A116A116A116A116A49
:10FFE000116A116A4C1608A508A508A508A508A558
:10FFF00008A508A508A508A508A508A54C16116A16
:020000022000DC
:10000000116A116A116A116A116A116A116A116A18
:10001000116A116A116A116A116A116A116A116A08
:10002000116A116A116A116A116A116A116A116AF8
:10003000116A116A116A116A116A116A116A116AE8
:10004000116A116A116A116A116A116A116A116AD8
:10005000116A116A116A116A116A116A116A116AC8
:10006000116AE73DFFFFF7DFD6FC6C13116A116AD6
:10007000116A116A116A116A116A116A116A116AA8
:10008000116A116A116A116A116A116A116A116A98
:10009000116A116A116A116A116A116A116A116A88
:1000A000116A116A116A116A116A116A116A116A78
:1000B000116A116A4C1608A508A508A508A508A587
:1000C00008A508A508A508A508A508A535BC35BC40
:1000D0001270127012701270127012701270127010
:1000E0001270127012701270127012701270127000
:1000F00012701270127012701270127012701270F0
:1001000012701270127012701270127012701270DF
:100110003B73C69BF7BEF7BFCEBC4BB4127074B72F
:10012000FFFFFFFFF7BFBE7B2AF212707CF7DF3DB7
:10013000FFFFFFFFFFFF22B13B53FFFFA5D9127066
:10014000127012701270127012701270127012709F
:10015000127012701270127012701270127012708F
:10016000127012701270127012701270127012707F
:10017000127012701270127012701270127012706F
:10018000127035BC35BC08A508A508A508A508A5AA
:1001900008A508A508A508A508A508A508A508A5F7
:1001A00008A508A508A508A508A508A54C16116A64
:1001B000116A116A116A116A116A116A116A116A67
:1001C000116A116A116A116A116A116A116A116A57
:1001D000116A116A116A116A116A116A116A116A47
:1001E000116A116A116A116A116A116A116A116A37
:1001F000116A116A116A116A116A116A116A116A27
:10020000116A116A116A116A116A116A116A116A16
:10021000116A116A116A116A116A116A116A116A06
:10022000116A116A116A116A116A116A116A116AF6
:10023000116A116A116A116A116A116A116A116AE6
:10024000116A116A116A116A116A116A116A116AD6
:10025000116A116A116A116A116A116A116A116AC6
:10026000116A116A4C1608A508A508A508A508A5D5
:1002700008A508A508A508A508A508A54C16116A93
:10028000116A116A116A116A116A116A116A116A96
:10029000116A116A116A116A116A116A116A116A86
:1002A000116A116A116A116A116A116A116A116A76
:1002B000116A116A116A116A116A116A116A116A66
:1002C000116A116A116A116A116A116A116A116A56
:1002D000116A116A116A116A116A116A116A116A46
:1002E000116A116A116A116A116A116A116A116A36
:1002F000116A116A116A116A116A116A116A116A26
:10030000116A116A116A116A116A116A116A116A15
:10031000116A116A116A116A116A116A116A116A05
:10032000116A116A116A116A116A116A116A116AF5
:10033000116A116A4C1608A508A508A508A508A504
:1003400008A508A508A508A508A508A535BC35BCBD
:10035000127012701270127012701270127012708D
:10036000127012701270127012701270127012707D
:10037000127012701270127012701270127012706D
:10038000127012701270127012701270127012705D
:10039000127012701270127012701270127012704D
:1003A000127012701270127012701270127012703D
:1003B000127012701270127012701270127012702D
:1003C000127012701270127012701270127012701D
:1003D000127012701270127012701270127012700D
:1003E00012701270127012701270127012701270FD
:1003F00012701270127012701270127012701270ED
:10040000127035BC35BC08A508A508A508A508A527
:1004100008A508A508A508A508A508A508A508A574
:1004200008A508A508A508A508A508A54C16116AE1
:10043000116A116A116A116A116A116A116A116AE4
:10044000116A116A116A116A116A116A116A116AD4
:10045000116A116A116A116A116A116A116A116AC4
:10046000116A116A116A116A116A116A116A116AB4
:10047000116A116A116A116A116A116A116A116AA4
:10048000116A116A116A116A116A116A116A116A94
:10049000116A116A116A116A116A116A116A116A84
:1004A000116A116A116A116A116A116A116A116A74
:1004B000116A116A116A116A116A116A116A116A64
:1004C000116A116A116A116A116A116A116A116A54
:1004D000116A116A116A116A116A116A116A116A44
:1004E000116A116A4C1608A508A508A508A508A553
:1004F00008A508A508A508A508A508A54C16116A11
:10050000116A116A116A116A116A116A116A116A13
:10051000116A116A116A116A116A116A116A116A03
:10052000116A116A116A116A116A116A116A116AF3
:10053000116A116A116A116A116A116A116A116AE3
:10054000116A116A116A116A116A116A116A116AD3
:10055000116A116A116A116A116A116A116A116AC3
:10056000116A116A116A116A116A116A116A116AB3
:10057000116A116A116A116A116A116A116A116AA3
:10058000116A116A116A116A116A116A116A116A93
:10059000116A116A116A116A116A116A116A116A83
:1005A000116A116A116A116A116A116A116A116A73
:1005B000116A116A4C1608A508A508A508A508A582
:1005C00008A508A508A508A508A508A535BC35BC3B
:1005D000127012701270127012701270127012700B
:1005E00012701270127012701270127012701270FB
:1005F00012701270127012701270127012701270EB
:1006000012701270127012701270127012701270DA
:1006100012701270127012701270127012701270CA
:1006200012701270127012701270127012701270BA
:1006300012701270127012701270127012701270AA
:10064000127012701270127012701270127012709A
:10065000127012701270127012701270127012708A
:10066000127012701270127012701270127012707A
:10067000127012701270127012701270127012706A
:10068000127035BC35BC08A508A508A508A508A5A5
:1006900008A508A508A508A508A508A508A508A5F2
:1006A00008A508A508A508A508A508A54C16116A5F
:1006B000116A116A116A116A116A116A116A116A62
:1006C000116A116A116A116A116A116A116A116A52
:1006D000116A116A116A116A116A116A116A116A42
:1006E000116A116A116A116A116A116A116A116A32
:1006F000116A116A116A116A116A116A116A116A22
:10070000116A116A116A116A116A116A116A116A11
:10071000116A116A116A116A116A116A116A116A01
:10072000116A116A116A116A116A116A116A116AF1
:10073000116A116A116A116A116A116A116A116AE1
:10074000116A116A116A116A116A116A116A116AD1
:10075000116A116A116A116A116A116A116A116AC1
:10076000116A116A4C1608A508A508A508A508A5D0
:1007700008A508A508A508A508A508A54C16116A8E
:10078000116A116A116A116A116A116A116A116A91
:10079000116A116A116A116A116A116A116A116A81
:1007A000116A116A116A116A116A116A116A116A71
:1007B000116A116A116A116A116A116A116A116A61
:1007C000116A116A116A116A116A116A116A116A51
:1007D000116A116A116A116A116A116A116A116A41
:1007E000116A116A116A116A116A116A116A116A31
:1007F000116A116A116A116A116A116A116A116A21
:10080000116A116A116A116A116A116A116A116A10
:10081000116A116A116A116A116A116A116A116A00
:10082000116A116A116A116A116A116A116A116AF0
:10083000116A116A4C1608A508A508A508A508A5FF
:1008400008A508A508A508A508A508A535BC35BCB8
:100850001270127012701270127012701270127088
:100860001270127012701270127012701270127078
:100870001270127012701270127012701270127068
:100880001270127012701270127012701270127058
:100890001270127012701270127012701270127048
:1008A0001270127012701270127012701270127038
:1008B0001270127012701270127012701270127028
:1008C0001270127012701270127012701270127018
:1008D0001270127012701270127012701270127008
:1008E00012701270127012701270127012701270F8
:1008F00012701270127012701270127012701270E8
:10090000127035BC35BC08A508A508A508A508A522
:1009100008A508A508A508A508A508A508A508A56F
:1009200008A508A508A508A508A508A54C16116ADC
:10093000116A116A116A116A116A116A116A116ADF
:10094000116A116A116A116A116A116A116A116ACF
:10095000116A116A116A116A116A116A116A116ABF
:10096000116A116A116A116A116A116A116A116AAF
:10097000116A116A116A116A116A116A116A116A9F
:10098000116A116A116A116A116A116A116A116A8F
:10099000116A116A116A116A116A116A116A116A7F
:1009A000116A116A116A116A116A116A116A116A6F
:1009B000116A116A116A116A116A116A116A116A5F
:1009C000116A116A116A116A116A116A116A116A4F
:1009D000116A116A116A116A116A116A116A116A3F
:1009E000116A116A4C1608A508A508A508A508A54E
:1009F00008A508A508A508A508A508A54C16116A0C
:100A0000116A116A116A116A116A116A116A116A0E
:100A1000116A116A116A116A116A116A116A116AFE
:100A2000116A116A116A116A116A116A116A116AEE
:100A3000116A116A116A116A116A116A116A116ADE
:100A4000116A116A116A116A116A116A116A116ACE
:100A5000116A116A116A116A116A116A116A116ABE
:100A6000116A116A116A116A116A116A116A116AAE
:100A7000116A116A116A116A116A116A116A116A9E
:100A8000116A116A116A116A116A116A116A116A8E
:100A9000116A116A116A116A116A116A116A116A7E
:100AA000116A116A116A116A116A116A116A116A6E
:100AB000116A116A4C1608A508A508A508A508A57D
:100AC00008A508A508A508A508A508A535BC35BC36
:100AD0001270127012701270127012701270127006
:100AE00012701270127012701270127012701270F6
:100AF00012701270127012701270127012701270E6
:100B000012701270127012701270127012701270D5
:100B100012701270127012701270127012701270C5
:100B200012701270127012701270127012701270B5
:100B300012701270127012701270127012701270A5
:100B40001270127012701270127012701270127095
:100B50001270127012701270127012701270127085
:100B60001270127012701270127012701270127075
:100B70001270127012701270127012701270127065
:100B8000127035BC35BC08A508A508A508A508A5A0
:100B900008A508A508A508A508A508A508A508A5ED
:100BA00008A508A508A508A508A508A54C16116A5A
:100BB000116A116A116A116A116A116A116A116A5D
:100BC000116A116A116A116A116A116A116A116A4D
:100BD000116A116A116A116A116A116A116A116A3D
:100BE000116A116A116A116A116A116A116A116A2D
:100BF000116A116A116A116A116A116A116A116A1D
:100C0000116A116A116A116A116A116A116A116A0C
:100C1000116A116A116A116A116A116A116A116AFC
:100C2000116A116A116A116A116A116A116A116AEC
:100C3000116A116A116A116A116A116A116A116ADC
:100C4000116A116A116A116A116A116A116A116ACC
:100C5000116A116A116A116A116A116A116A116ABC
:100C6000116A116A4C1608A508A508A508A508A5CB
:100C700008A508A508A508A508A508A54C16116A89
:100C8000116A116A116A116A116A116A116A116A8C
:100C9000116A116A116A116A116A116A116A116A7C
:100CA000116A116A116A116A116A116A116A116A6C
:100CB000116A116A116A116A116A116A116A116A5C
:100CC000116A116A116A116A116A116A116A116A4C
:100CD000116A116A116A116A116A116A116A116A3C
:100CE000116A116A116A116A116A116A116A116A2C
:100CF000116A116A116A116A116A116A116A116A1C
:100D0000116A116A116A116A116A116A116A116A0B
:100D1000116A116A116A116A116A116A116A116AFB
:100D2000116A116A116A116A116A116A116A116AEB
:100D3000116A116A4C1608A508A508A508A508A5FA
:100D400008A508A508A508A508A508A535BC35BCB3
:100D50001270127012701270127012701270127083
:100D60001270127012701270127012701270127073
:100D70001270127012701270127012701270127063
:100D80001270127012701270127012701270127053
:100D90001270127012701270127012701270127043
:100DA0001270127012701270127012701270127033
:100DB0001270127012701270127012701270127023
:100DC0001270127012701270127012701270127013
:100DD0001270127012701270127012701270127003
:100DE00012701270127012701270127012701270F3
:100DF00012701270127012701270127012701270E3
:100E0000127035BC35BC08A508A508A508A508A51D
:100E100008A508A508A508A508A508A508A508A56A
:100E200008A508A508A508A508A508A54C16116AD7
:100E3000116A116A116A116A116A116A116A116ADA
:100E4000116A116A116A116A116A116A116A116ACA
:100E5000116A116A116A116A116A116A116A116ABA
:100E6000116A116A116A116A116A116A116A116AAA
:100E7000116A116A116A116A116A116A116A116A9A
:100E8000116A116A116A116A116A116A116A116A8A
:100E9000116A116A116A116A116A116A116A116A7A
:100EA000116A116A116A116A116A116A116A116A6A
:100EB000116A116A116A116A116A116A116A116A5A
:100EC000116A116A116A116A116A116A116A116A4A
:100ED000116A116A116A116A116A116A116A116A3A
:100EE000116A116A4C1608A508A508A508A508A549
:100EF00008A508A508A508A508A508A54C16116A07
:100F0000116A116A116A116A116A116A116A116A09
:100F1000116A116A116A116A116A116A116A116AF9
:100F2000116A116A116A116A116A116A116A116AE9
:100F3000116A116A116A116A116A116A116A116AD9
:100F4000116A116A116A116A116A116A116A116AC9
:100F5000116A116A116A116A116A116A116A116AB9
:100F6000116A116A116A116A116A116A116A116AA9
:100F7000116A116A116A116A116A116A116A116A99
:100F8000116A116A116A116A116A116A116A116A89
:100F9000116A116A116A116A116A116A116A116A79
:100FA000116A116A116A116A116A116A116A116A69
:100FB000116A116A4C1608A508A508A508A508A578
:100FC00008A508A508A508A508A508A535BC35BC31
:100FD0001270127012701270127012701270127001
:100FE00012701270127012701270127012701270F1
:100FF00012701270127012701270127012701270E1
:1010000012701270127012701270127012701270D0
:1010100012701270127012701270127012701270C0
:1010200012701270127012701270127012701270B0
:1010300012701270127012701270127012701270A0
:101040001270127012701270127012701270127090
:101050001270127012701270127012701270127080
:101060001270127012701270127012701270127070
:101070001270127012701270127012701270127060
:10108000127035BC35BC08A508A508A508A508A59B
:1010900008A508A508A508A508A508A508A508A5E8
:1010A00008A508A508A508A508A508A54C16116A55
:1010B000116A116A116A116A116A116A116A116A58
:1010C000116A116A116A116A116A116A116A116A48
:1010D000116A116A116A116A116A116A116A116A38
:1010E000116A116A116A116A116A116A116A116A28
:1010F000116A116A116A116A116A116A116A116A18
:10110000116A116A116A116A116A116A116A116A07
:10111000116A116A116A116A116A116A116A116AF7
:10112000116A116A116A116A116A116A116A116AE7
:10113000116A116A116A116A116A116A116A116AD7
:10114000116A116A116A116A116A116A116A116AC7
:10115000116A116A116A116A116A116A116A116AB7
:10116000116A116A4C1608A508A508A508A508A5C6
:1011700008A508A508A508A508A508A54C16116A84
:10118000116A116A116A116A116A116A116A116A87
:10119000116A116A116A116A116A116A116A116A77
:1011A000116A116A116A116A116A116A116A116A67
:1011B000116A116A116A116A116A116A116A116A57
:1011C000116A116A116A116A116A116A116A116A47
:1011D000116A116A116A116A116A116A116A116A37
:1011E000116A116A116A116A116A116A116A116A27
:1011F000116A116A116A116A116A116A116A116A17
:10120000116A116A116A116A116A116A116A116A06
:10121000116A116A116A116A116A116A116A116AF6
:10122000116A116A116A116A116A116A116A116AE6
:10123000116A116A4C1608A508A508A508A508A5F5
:1012400008A508A508A508A508A508A535BC35BCAE
:10125000127012701270127012701270127012707E
:10126000127012701270127012701270127012706E
:10127000127012701270127012701270127012705E
:10128000127012701270127012701270127012704E
:10129000127012701270127012701270127012703E
:1012A000127012701270127012701270127012702E
:1012B000127012701270127012701270127012701E
:1012C000127012701270127012701270127012700E
:1012D00012701270127012701270127012701270FE
:1012E00012701270127012701270127012701270EE
:1012F00012701270127012701270127012701270DE
:10130000127035BC35BC08A508A508A508A508A518
:1013100008A508A508A508A508A508A508A508A565
:1013200008A508A508A508A508A508A54C16116AD2
:10133000116A116A116A116A116A116A116A116AD5
:10134000116A116A116A116A116A116A116A116AC5
:10135000116A116A116A116A116A116A116A116AB5
:10136000116A116A116A116A116A116A116A116AA5
:10137000116A116A116A116A116A116A116A116A95
:10138000116A116A116A116A116A116A116A116A85
:10139000116A116A116A116A116A116A116A116A75
:1013A000116A116A116A116A116A116A116A116A65
:1013B000116A116A116A116A116A116A116A116A55
:1013C000116A116A116A116A116A116A116A116A45
:1013D000116A116A116A116A116A116A116A116A35
:1013E000116A116A4C1608A508A508A508A508A544
:1013F00008A508A508A508A508A508A54C16116A02
:10140000116A116A116A116A116A116A116A116A04
:10141000116A116A116A116A116A116A116A116AF4
:10142000116A116A116A116A116A116A116A116AE4
:10143000116A116A116A116A116A116A116A116AD4
:10144000116A116A116A116A116A116A116A116AC4
:10145000116A116A116A116A116A116A116A116AB4
:10146000116A116A116A116A116A116A116A116AA4
:10147000116A116A116A116A116A116A116A116A94
:10148000116A116A116A116A116A116A116A116A84
:10149000116A116A116A116A116A116A116A116A74
:1014A000116A116A116A116A116A116A116A116A64
:1014B000116A116A4C1608A508A508A508A508A573
:1014C00008A508A508A508A508A508A535BC35BC2C
:1014D00012701270127012701270127012701270FC
:1014E00012701270127012701270127012701270EC
:1014F00012701270127012701270127012701270DC
:1015000012701270127012701270127012701270CB
:1015100012701270127012701270127012701270BB
:1015200012701270127012701270127012701270AB
:10153000127012701270127012701270127012709B
:10154000127012701270127012701270127012708B
:10155000127012701270127012701270127012707B
:10156000127012701270127012701270127012706B
:10157000127012701270127012701270127012705B
:10158000127035BC35BC08A508A508A508A508A596
:1015900008A508A508A508A508A508A508A508A5E3
:1015A00008A508A508A508A508A508A508A54C161E
:1015B000116A116A116A116A116A116A116A116A53
:1015C000116A116A116A116A116A116A116A116A43
:1015D000116A116A116A116A116A116A116A116A33
:1015E000116A116A116A116A116A116A116A116A23
:1015F000116A116A116A116A116A116A116A116A13
:10160000116A116A116A116A116A116A116A116A02
:10161000116A116A116A116A116A116A116A116AF2
:10162000116A116A116A116A116A116A116A116AE2
:10163000116A116A116A116A116A116A116A116AD2
:10164000116A116A116A116A116A116A116A116AC2
:10165000116A116A116A116A116A116A116A116AB2
:10166000116A4C1608A508A508A508A508A508A58F
:1016700008A508A508A508A508A508A508A54C164D
:10168000116A116A116A116A116A116A116A116A82
:10169000116A116A116A116A116A116A116A116A72
:1016A000116A116A116A116A116A116A116A116A62
:1016B000116A116A116A116A116A116A116A116A52
:1016C000116A116A116A116A116A116A116A116A42
:1016D000116A116A116A116A116A116A116A116A32
:1016E000116A116A116A116A116A116A116A116A22
:1016F000116A116A116A116A116A116A116A116A12
:10170000116A116A116A116A116A116A116A116A01
:10171000116A116A116A116A116A116A116A116AF1
:10172000116A116A116A116A116A116A116A116AE1
:10173000116A4C1608A508A508A508A508A508A5BE
:1017400008A508A508A508A508A508A508A535BCED
:1017500035BC12701270127012701270127012700A
:101760001270127012701270127012701270127069
:101770001270127012701270127012701270127059
:101780001270127012701270127012701270127049
:101790001270127012701270127012701270127039
:1017A0001270127012701270127012701270127029
:1017B0001270127012701270127012701270127019
:1017C0001270127012701270127012701270127009
:1017D00012701270127012701270127012701270F9
:1017E00012701270127012701270127012701270E9
:1017F00012701270127012701270127012701270D9
:1018000035BC35BC08A508A508A508A508A508A5E8
:1018100008A508A508A508A508A508A508A508A560
:1018200008A508A508A508A508A508A508A508A550
:101830004C16116A116A116A116A116A116A116AE9
:10184000116A116A116A116A116A116A116A116AC0
:10185000116A116A116A116A116A116A116A116AB0
:10186000116A116A116A116A116A116A116A116AA0
:10187000116A116A116A116A116A116A116A116A90
:10188000116A116A116A116A116A116A116A116A80
:10189000116A116A116A116A116A116A116A116A70
:1018A000116A116A116A116A116A116A116A116A60
:1018B000116A116A116A116A116A116A116A116A50
:1018C000116A116A116A116A116A116A116A116A40
:1018D000116A116A116A116A116A116A116A116A30
:1018E0004C1608A508A508A508A508A508A508A5DB
:1018F00008A508A508A508A508A508A508A508A580
:101900004C16116A116A116A116A116A116A116A18
:10191000116A116A116A116A116A116A116A116AEF
:10192000116A116A116A116A116A116A116A116ADF
:10193000116A116A116A116A116A116A116A116ACF
:10194000116A116A116A116A116A116A116A116ABF
:10195000116A116A116A116A116A116A116A116AAF
:10196000116A116A116A116A116A116A116A116A9F
:10197000116A116A116A116A116A116A116A116A8F
:10198000116A116A116A116A116A116A116A116A7F
:10199000116A116A116A116A116A116A116A116A6F
:1019A000116A116A116A116A116A116A116A116A5F
:1019B0004C1608A508A508A508A508A508A508A50A
:1019C00008A508A508A508A508A508A508A508A5AF
:1019D00035BC35BC12701270127012701270127019
:1019E00012701270127012701270127012701270E7
:1019F00012701270127012701270127012701270D7
:101A000012701270127012701270127012701270C6
:101A100012701270127012701270127012701270B6
:101A200012701270127012701270127012701270A6
:101A30001270127012701270127012701270127096
:101A40001270127012701270127012701270127086
:101A50001270127012701270127012701270127076
:101A60001270127012701270127012701270127066
:101A7000127012701270127012701270127035BCE7
:101A800035BC08A508A508A508A508A508A508A5AA
:101A900008A508A508A508A508A508A508A508A5DE
:101AA00008A508A508A508A508A508A508A508A5CE
:101AB00008A54C16116A116A116A116A116A116A35
:101AC000116A116A116A116A116A116A116A116A3E
:101AD000116A116A116A116A116A116A116A116A2E
:101AE000116A116A116A116A116A116A116A116A1E
:101AF000116A116A116A116A116A116A116A116A0E
:101B0000116A116A116A116A116A116A116A116AFD
:101B1000116A116A116A116A116A116A116A116AED
:101B2000116A116A116A116A116A116A116A116ADD
:101B3000116A116A116A116A116A116A116A116ACD
:101B4000116A116A116A116A116A116A116A116ABD
:101B5000116A116A116A116A116A116A116A4C16C6
:101B600008A508A508A508A508A508A508A508A50D
:101B700008A508A508A508A508A508A508A508A5FD
:101B800008A54C16116A116A116A116A116A116A64
:101B9000116A116A116A116A116A116A116A116A6D
:101BA000116A116A116A116A116A116A116A116A5D
:101BB000116A116A116A116A116A116A116A116A4D
:101BC000116A116A116A116A116A116A116A116A3D
:101BD000116A116A116A116A116A116A116A116A2D
:101BE000116A116A116A116A116A116A116A116A1D
:101BF000116A116A116A116A116A116A116A116A0D
:101C0000116A116A116A116A116A116A116A116AFC
:101C1000116A116A116A116A116A116A116A116AEC
:101C2000116A116A116A116A116A116A116A4C16F5
:101C300008A508A508A508A508A508A508A508A53C
:101C400008A508A508A508A508A508A508A508A52C
:101C500008A535BC35BC35BC35BC35BC35BC35BC40
:101C600035BC35BC35BC35BC35BC35BC35BC35BCEC
:101C700035BC35BC35BC35BC35BC35BC35BC35BCDC
:101C800035BC35BC35BC35BC35BC35BC35BC35BCCC
:101C900035BC35BC35BC35BC35BC35BC35BC35BCBC
:101CA00035BC35BC35BC35BC35BC35BC35BC35BCAC
:101CB00035BC35BC35BC35BC35BC35BC35BC35BC9C
:101CC00035BC35BC35BC35BC35BC35BC35BC35BC8C
:101CD00035BC35BC35BC35BC35BC35BC35BC35BC7C
:101CE00035BC35BC35BC35BC35BC35BC35BC35BC6C
:101CF00035BC35BC35BC35BC35BC35BC35BC35BC5C
:101D000008A508A508A508A508A508A508A508A56B
:101D100008A508A508A508A508A508A508A508A55B
:101D200008A508A508A508A508A508A508A508A54B
:101D300008A508A54C164C164C164C164C164C16FD
:101D40004C164C164C164C164C164C164C164C1683
:101D50004C164C164C164C164C164C164C164C1673
:101D60004C164C164C164C164C164C164C164C1663
:101D70004C164C164C164C164C164C164C164C1653
:101D80004C164C164C164C164C164C164C164C1643
:101D90004C164C164C164C164C164C164C164C1633
:101DA0004C164C164C164C164C164C164C164C1623
:101DB0004C164C164C164C164C164C164C164C1613
:101DC0004C164C164C164C164C164C164C164C1603
:101DD0004C164C164C164C164C164C164C1608A5A8
:101DE00008A508A508A508A508A508A508A508A58B
:101DF00008A508A508A508A508A508A508A508A57B
:101E000008A508A54C164C164C164C164C164C162C
:101E10004C164C164C164C164C164C164C164C16B2
:101E20004C164C164C164C164C164C164C164C16A2
:101E30004C164C164C164C164C164C164C164C1692
:101E40004C164C164C164C164C164C164C164C1682
:101E50004C164C164C164C164C164C164C164C1672
:101E60004C164C164C164C164C164C164C164C1662
:101E70004C164C164C164C164C164C164C164C1652
:101E80004C164C164C164C164C164C164C164C1642
:101E90004C164C164C164C164C164C164C164C1632
:101EA0004C164C164C164C164C164C164C1608A5D7
:101EB00008A508A508A508A508A508A508A508A5BA
:101EC00008A508A508A508A508A508A508A508A5AA
:101ED00008A508A535BC35BC35BC35BC35BC35BC02
:101EE00035BC35BC35BC35BC35BC35BC35BC35BC6A
:101EF00035BC35BC35BC35BC35BC35BC35BC35BC5A
:101F000035BC35BC35BC35BC35BC35BC35BC35BC49
:101F100035BC35BC35BC35BC35BC35BC35BC35BC39
:101F200035BC35BC35BC35BC35BC35BC35BC35BC29
:101F300035BC35BC35BC35BC35BC35BC35BC35BC19
:101F400035BC35BC35BC35BC35BC35BC35BC35BC09
:101F500035BC35BC35BC35BC35BC35BC35BC35BCF9
:101F600035BC35BC35BC35BC35BC35BC35BC35BCE9
:101F700035BC35BC35BC35BC35BC35BC35BC08A51D
:101F800008A508A508A508A508A508A508A508A5E9
:101F900008A508A508A508A508A508A508A508A5D9
:101FA00008A508A508A508A508A508A508A508A5C9
:101FB00008A508A508A508A508A508A508A508A5B9
:101FC00008A508A508A508A508A508A508A508A5A9
:101FD00008A508A508A508A508A508A508A508A599
:101FE00008A508A508A508A508A508A508A508A589
:101FF00008A508A508A508A508A508A508A508A579
:1020000008A508A508A508A508A508A508A508A568
:1020100008A508A508A508A508A508A508A508A558
:1020200008A508A508A508A508A508A508A508A548
:1020300008A508A508A508A508A508A508A508A538
:1020400008A508A508A508A508A508A508A508A528
:1020500008A508A508A508A508A508A508A508A518
:1020600008A508A508A508A508A508A508A508A508
:1020700008A508A508A508A508A508A508A508A5F8
:1020800008A508A508A508A508A508A508A508A5E8
:1020900008A508A508A508A508A508A508A508A5D8
:1020A00008A508A508A508A508A508A508A508A5C8
:1020B00008A508A508A508A508A508A508A508A5B8
:1020C00008A508A508A508A508A508A508A508A5A8
:1020D00008A508A508A508A508A508A508A508A598
:1020E00008A508A508A508A508A508A508A508A588
:1020F00008A508A508A508A508A508A508A508A578
:1021000008A508A508A508A508A508A508A508A567
:1021100008A508A508A508A508A508A508A508A557
:1021200008A508A508A508A508A508A508A508A547
:1021300008A508A508A508A508A508A508A508A537
:1021400008A508A508A508A508A508A508A508A527
:1021500008A508A508A508A508A508A508A508A517
:1021600008A508A508A508A508A508A508A508A507
:1021700008A508A508A508A508A508A508A508A5F7
:1021800008A508A508A508A508A508A508A508A5E7
:1021900008A508A508A508A508A508A508A508A5D7
:1021A00008A508A508A508A508A508A508A508A5C7
:1021B00008A508A508A508A508A508A508A508A5B7
:1021C00008A508A508A508A508A508A508A508A5A7
:1021D00008A508A508A508A508A508A508A508A597
:1021E00008A508A508A508A508A508A508A508A587
:1021F00008A508A508A508A508A508A508A508A577
:1022000008A508A508A508A508A508A508A508A566
:1022100008A508A508A508A508A508A508A508A556
:1022200008A508A508A508A508A508A508A508A546
:1022300008A508A508A508A508A508A508A508A536
:1022400008A508A508A508A508A508A508A508A526
:1022500008A508A508A508A508A508A508A508A516
:1022600008A508A508A508A508A508A508A508A506
:1022700008A508A508A508A508A508A508A508A5F6
:1022800008A508A508A508A508A508A508A508A5E6
:1022900008A508A508A508A508A508A508A508A5D6
:1022A00008A508A508A508A508A508A508A508A5C6
:1022B00008A508A508A508A508A508A508A508A5B6
:1022C00008A508A508A508A508A508A508A508A5A6
:1022D00008A508A508A508A508A508A508A508A596
:1022E00008A508A508A508A508A508A508A508A586
:1022F00008A508A508A508A508A508A508A508A576
:1023000008A508A508A508A508A508A508A508A565
:1023100008A508A508A508A508A508A508A508A555
:1023200008A508A508A508A508A508A508A508A545
:1023300008A508A508A508A508A508A508A508A535
:1023400008A508A508A508A508A508A508A508A525
:1023500008A508A508A508A508A508A508A508A515
:1023600008A508A508A508A508A508A508A508A505
:1023700008A508A508A508A508A508A508A508A5F5
:1023800008A508A508A508A508A508A508A508A5E5
:1023900008A508A508A508A508A508A508A508A5D5
:1023A00008A508A508A508A508A508A508A508A5C5
:1023B00008A508A508A508A508A508A508A508A5B5
:1023C00008A508A508A508A508A508A508A508A5A5
:1023D00008A508A508A508A508A508A508A508A595
:1023E00008A508A508A508A508A508A508A508A585
:1023F00008A508A508A508A508A508A508A508A575
:1024000008A508A508A508A508A508A508A508A564
:1024100008A508A508A508A508A508A508A508A554
:1024200008A508A508A508A508A508A508A508A544
:1024300008A508A508A508A508A508A508A508A534
:1024400008A508A508A508A508A508A508A508A524
:1024500008A508A508A508A508A508A508A508A514
:1024600008A508A508A508A508A508A508A508A504
:1024700008A508A508A508A508A508A508A508A5F4
:1024800008A508A508A508A508A508A508A508A5E4
:1024900008A508A508A508A508A508A508A508A5D4
:1024A00008A508A508A508A508A508A508A508A5C4
:1024B00008A508A508A508A508A508A508A508A5B4
:1024C00008A508A508A508A508A508A508A508A5A4
:1024D00008A508A508A508A508A508A508A508A594
:1024E00008A508A508A508A508A508A508A508A584
:1024F00008A508A508A508A508A508A508A508A574
:1025000008A508A508A508A508A508A508A508A563
:1025100008A508A508A508A508A508A508A508A553
:1025200008A508A508A508A508A508A508A508A543
:1025300008A508A508A508A508A508A508A508A533
:1025400008A508A508A508A508A508A508A508A523
:1025500008A508A508A508A508A508A508A508A513
:1025600008A508A508A508A508A508A508A508A503
:1025700008A508A508A508A508A508A508A508A5F3
:1025800008A508A508A508A508A508A508A508A5E3
:1025900008A508A508A508A508A508A508A508A5D3
:1025A00008A508A508A508A508A508A508A508A5C3
:1025B00008A508A508A508A508A508A508A508A5B3
:1025C00008A508A508A508A508A508A508A508A5A3
:1025D00008A508A508A508A508A508A508A508A593
:1025E00008A508A508A508A508A508A508A508A583
:1025F00008A508A508A508A508A508A508A508A573
:1026000008A508A508A508A508A508A508A508A562
:1026100008A508A508A508A508A508A508A508A552
:1026200008A508A508A508A508A508A508A508A542
:1026300008A508A508A508A508A508A508A508A532
:1026400008A508A508A508A508A508A508A508A522
:1026500008A508A508A508A508A508A508A508A512
:1026600008A508A508A508A508A508A508A508A502
:1026700008A508A508A508A508A508A508A508A5F2
:1026800008A508A508A508A508A508A508A508A5E2
:1026900008A508A508A508A508A508A508A508A5D2
:1026A00008A508A508A508A508A508A508A508A5C2
:1026B00008A508A508A508A508A508A508A508A5B2
:1026C00008A508A508A508A508A508A508A508A5A2
:1026D00008A508A508A508A508A508A508A508A592
:1026E00008A508A508A508A508A508A508A508A582
:1026F00008A508A508A508A508A508A508A508A572
:1027000008A508A508A508A508A508A508A508A561
:1027100008A508A508A508A508A508A508A508A551
:1027200008A508A508A508A508A508A508A508A541
:1027300008A508A508A508A508A508A508A508A531
:1027400008A508A508A508A508A508A508A508A521
:1027500008A508A508A508A508A508A508A508A511
:1027600008A508A508A508A508A508A508A508A501
:1027700008A508A508A508A508A508A508A508A5F1
:1027800008A508A508A508A508A508A508A508A5E1
:1027900008A508A508A508A508A508A508A508A5D1
:1027A00008A508A508A508A508A508A508A508A5C1
:1027B00008A508A508A508A508A508A508A508A5B1
:1027C00008A508A508A508A508A508A508A508A5A1
:1027D00008A508A508A508A508A508A508A508A591
:1027E00008A508A508A508A508A508A508A508A581
:1027F00008A508A508A508A508A508A508A508A571
:1028000008A508A508A508A508A508A508A508A560
:1028100008A508A508A508A508A508A508A508A550
:1028200008A508A508A508A508A508A508A508A540
:1028300008A508A508A508A508A508A508A508A530
:1028400008A508A508A508A508A508A508A508A520
:1028500008A508A508A508A508A508A508A508A510
:1028600008A508A508A508A508A508A508A508A500
:1028700008A508A508A508A508A508A508A508A5F0
:1028800008A508A508A508A508A508A508A508A5E0
:1028900008A508A508A508A508A508A508A508A5D0
:1028A00008A508A508A508A508A508A508A508A5C0
:1028B00008A508A508A508A508A508A508A508A5B0
:1028C00008A508A508A508A508A508A508A508A5A0
:1028D00008A508A508A508A508A508A508A508A590
:1028E00008A508A508A508A508A508A508A508A580
:1028F00008A508A508A508A508A508A508A508A570
:1029000008A508A508A508A508A508A508A508A55F
:1029100008A508A508A508A508A508A508A508A54F
:1029200008A508A508A508A508A508A508A508A53F
:1029300008A508A508A508A508A508A508A508A52F
:1029400008A508A508A508A508A508A508A508A51F
:1029500008A508A508A508A508A508A508A508A50F
:1029600008A508A508A508A508A508A508A508A5FF
:1029700008A508A508A508A508A508A508A508A5EF
:1029800008A508A508A508A508A508A508A508A5DF
:1029900008A508A508A508A508A508A508A508A5CF
:1029A00008A508A508A508A508A508A508A508A5BF
:1029B00008A508A508A508A508A508A508A508A5AF
:1029C00008A508A508A508A508A508A508A508A59F
:1029D00008A508A508A508A508A508A508A508A58F
:1029E00008A508A508A508A508A508A508A508A57F
:1029F00008A508A508A508A508A508A508A508A56F
:102A000008A508A508A508A508A508A508A508A55E
:102A100008A508A508A508A508A508A508A508A54E
:102A200008A508A508A508A508A508A508A508A53E
:102A300008A508A508A508A508A508A508A508A52E
:102A400008A508A508A508A508A508A508A508A51E
:102A500008A508A508A508A508A508A508A508A50E
:102A600008A508A508A508A508A508A508A508A5FE
:102A700008A508A508A508A508A508A508A508A5EE
:102A800008A508A508A508A508A508A508A508A5DE
:102A900008A508A508A508A508A508A508A508A5CE
:102AA00008A508A508A508A508A508A508A508A5BE
:102AB00008A508A508A508A508A508A508A508A5AE
:102AC00008A508A508A508A508A508A508A508A59E
:102AD00008A508A508A508A508A508A508A508A58E
:102AE00008A508A508A508A508A508A508A508A57E
:102AF00008A508A508A508A508A508A508A508A56E
:102B000008A508A508A508A508A508A508A508A55D
:102B100008A508A508A508A508A508A508A508A54D
:102B200008A508A508A508A508A508A508A508A53D
:102B300008A508A508A508A508A508A508A508A52D
:102B400008A508A508A508A508A508A508A508A51D
:102B500008A508A508A508A508A508A508A508A50D
:102B600008A508A508A508A508A508A508A508A5FD
:102B700008A508A508A508A508A508A508A508A5ED
:102B800008A508A508A508A508A508A508A508A5DD
:102B900008A508A508A508A508A508A508A508A5CD
:102BA00008A508A508A508A508A508A508A508A5BD
:102BB00008A508A508A508A508A508A508A508A5AD
:102BC00008A508A508A508A508A508A508A508A59D
:102BD00008A508A508A508A508A508A508A508A58D
:102BE00008A508A508A508A508A508A508A508A57D
:102BF00008A508A508A508A508A508A508A508A56D
:102C000008A508A508A508A508A508A508A508A55C
:102C100008A508A508A508A508A508A508A508A54C
:102C200008A508A508A508A508A508A508A508A53C
:102C300008A508A508A508A508A508A508A508A52C
:102C400008A508A508A508A508A508A508A508A51C
:102C500008A508A508A508A508A508A508A508A50C
:102C600008A508A508A508A508A508A508A508A5FC
:102C700008A508A508A508A508A508A508A508A5EC
:102C800008A508A508A508A508A508A508A508A5DC
:102C900008A508A508A508A508A508A508A508A5CC
:102CA00008A508A508A508A508A508A508A508A5BC
:102CB00008A508A508A508A508A508A508A508A5AC
:102CC00008A508A508A508A508A508A508A508A59C
:102CD00008A508A508A508A508A508A508A508A58C
:102CE00008A508A508A508A508A508A508A508A57C
:102CF00008A508A508A508A508A508A508A508A56C
:102D000008A508A508A508A508A508A508A508A55B
:102D100008A508A508A508A508A508A508A508A54B
:102D200008A508A508A508A508A508A508A508A53B
:102D300008A508A508A508A508A508A508A508A52B
:102D400008A508A508A508A508A508A508A508A51B
:102D500008A508A508A508A508A508A508A508A50B
:102D600008A508A508A508A508A508A508A508A5FB
:102D700008A508A508A508A508A508A508A508A5EB
:102D800008A508A508A508A508A508A508A508A5DB
:102D900008A508A508A508A508A508A508A508A5CB
:102DA00008A508A508A508A508A508A508A508A5BB
:102DB00008A508A508A508A508A508A508A508A5AB
:102DC00008A508A508A508A508A508A508A508A59B
:102DD00008A508A508A508A508A508A508A508A58B
:102DE00008A508A508A508A508A508A508A508A57B
:102DF00008A508A508A508A508A508A508A508A56B
:102E000008A508A508A508A508A508A508A508A55A
:102E100008A508A508A508A508A508A508A508A54A
:102E200008A508A508A508A508A508A508A508A53A
:102E300008A508A508A508A508A508A508A508A52A
:102E400008A508A508A508A508A508A508A508A51A
:102E500008A508A508A508A508A508A508A508A50A
:102E600008A508A508A508A508A508A508A508A5FA
:102E700008A508A508A508A508A508A508A508A5EA
:102E800008A508A508A508A508A508A508A508A5DA
:102E900008A508A508A508A508A508A508A508A5CA
:102EA00008A508A508A508A508A508A508A508A5BA
:102EB00008A508A508A508A508A508A508A508A5AA
:102EC00008A508A508A508A508A508A508A508A59A
:102ED00008A508A508A508A508A508A508A508A58A
:102EE00008A508A508A508A508A508A508A508A57A
:102EF00008A508A508A508A508A508A508A508A56A
:102F000008A508A508A508A508A508A508A508A559
:102F100008A508A508A508A508A508A508A508A549
:102F200008A508A508A508A508A508A508A508A539
:102F300008A508A508A508A508A508A508A508A529
:102F400008A508A508A508A508A508A508A508A519
:102F500008A508A508A508A508A508A508A508A509
:102F600008A508A508A508A508A508A508A508A5F9
:102F700008A508A508A508A508A508A508A508A5E9
:102F800008A508A508A508A508A508A508A508A5D9
:102F900008A508A508A508A508A508A508A508A5C9
:102FA00008A508A508A508A508A508A508A508A5B9
:102FB00008A508A508A508A508A508A508A508A5A9
:102FC00008A508A508A508A508A508A508A508A599
:102FD00008A508A508A508A508A508A508A508A589
:102FE00008A508A508A508A508A508A508A508A579
:102FF00008A508A508A508A508A508A508A508A569
:1030000008A508A508A508A508A508A508A508A558
:1030100008A508A508A508A508A508A508A508A548
:1030200008A508A508A508A508A508A508A508A538
:1030300008A508A508A508A508A508A508A508A528
:1030400008A508A508A508A508A508A508A508A518
:1030500008A508A508A508A508A508A508A508A508
:1030600008A508A508A508A508A508A508A508A5F8
:1030700008A508A508A508A508A508A508A508A5E8
:1030800008A508A508A508A508A508A508A508A5D8
:1030900008A508A508A508A508A508A508A508A5C8
:1030A00008A508A508A508A508A508A508A508A5B8
:1030B00008A508A508A508A508A508A508A508A5A8
:1030C00008A508A508A508A508A508A508A508A598
:1030D00008A508A508A508A508A508A508A508A588
:1030E00008A508A508A508A508A508A508A508A578
:1030F00008A508A508A508A508A508A508A508A568
:1031000008A508A508A508A508A508A508A508A557
:1031100008A508A508A508A5092909290929092933
:10312000092909290929092909290929092909290F
:1031300009290929092909290929092909290929FF
:1031400009290929092909290929092909290929EF
:1031500009290929092909290929092909290929DF
:1031600009290929092909290929092909290929CF
:1031700009290929092909290929092909290929BF
:1031800009290929092909290929092909290929AF
:10319000092909290929092909290929092909299F
:1031A000092909290929092909290929092909298F
:1031B000092909290929092909290929092909297F
:1031C000092909290929092909290929092909296F
:1031D000092909290929092909290929092909295F
:1031E000092909290929092909290929092909294F
:1031F000092909290929092909290929092909293F
:10320000092909290929092909290929092909292E
:10321000092909290929092909290929092909291E
:10322000092909290929092909290929092909290E
:1032300009290929092909290929092909290929FE
:1032400009290929092909290929092909290929EE
:1032500009290929092909290929092909290929DE
:1032600009290929092909290929092909290929CE
:1032700009290929092909290929092909290929BE
:1032800009290929092909290929092909290929AE
:10329000092909290929092909290929092909299E
:1032A000092909290929092909290929092909298E
:1032B000092909290929092909290929092909297E
:1032C000092909290929092909290929092909296E
:1032D000092909290929092909290929092909295E
:1032E000092909290929092909290929092909294E
:1032F000092909290929092909290929092909293E
:10330000092909290929092909290929092909292D
:10331000092909290929092909290929092909291D
:10332000092909290929092909290929092909290D
:1033300009290929092909290929092909290929FD
:1033400009290929092909290929092909290929ED
:1033500009290929092909290929092909290929DD
:1033600009290929092909290929092909290929CD
:1033700009290929092909290929092909290929BD
:1033800009290929092909290929092909290929AD
:10339000092909290929092909290929092909299D
:1033A000092909290929092909290929092909298D
:1033B000092909290929092909290929092909297D
:1033C000092909290929092909290929092909296D
:1033D000092909290929092909290929092909295D
:1033E000092909290929092909290929092909294D
:1033F000092909290929092909290929092909293D
:10340000092909290929092909290929092909292C
:10341000092909290929092909290929092909291C
:10342000092909290929092909290929092909290C
:1034300009290929092909290929092909290929FC
:1034400009290929092909290929092909290929EC
:1034500009290929092909290929092909290929DC
:1034600009290929092909290929092909290929CC
:1034700009290929092909290929092909290929BC
:1034800009290929092909290929092909290929AC
:10349000092909290929092909290929092909299C
:1034A000092909290929092909290929092909298C
:1034B000092909290929092909290929092909297C
:1034C000092909290929092909290929092909296C
:1034D000092909290929092909290929092909295C
:1034E000092909290929092909290929092909294C
:1034F000092909290929092909290929092909293C
:10350000092909290929092909290929092909292B
:10351000092909290929092909290929092909291B
:10352000092909290929092909290929092909290B
:1035300009290929092909290929092909290929FB
:1035400009290929092909290929092909290929EB
:1035500009290929092909290929092909290929DB
:1035600009290929092909290929092909290929CB
:1035700009290929092909290929092909290929BB
:1035800009290929092909290929092909290929AB
:10359000092909290929092909290929092909299B
:1035A000092909290929092909290929092909298B
:1035B000092909290929092909290929092909297B
:1035C000092909290929092909290929092909296B
:1035D000092909290929092909290929092909295B
:1035E000092909290929092909290929092909294B
:1035F000092909290929092909290929092909293B
:10360000092909290929092909290929092909292A
:10361000092909290929092909290929092909291A
:10362000092909290929092909290929092909290A
:1036300009290929092909290929092909290929FA
:1036400009290929092909290929092909290929EA
:1036500009290929092909290929092909290929DA
:1036600009290929092909290929092909290929CA
:1036700009290929092909290929092909290929BA
:1036800009290929092909290929092909290929AA
:10369000092909290929092909290929092909299A
:1036A000092909290929092909290929092909298A
:1036B000092909290929092909290929092909297A
:1036C000092909290929092909290929092909296A
:1036D000092909290929092909290929092909295A
:1036E000092909290929092909290929092909294A
:1036F000092909290929092909290929092909293A
:103700000929092909290929092909290929092929
:103710000929092909290929092909290929092919
:103720000929092909290929092909290929092909
:1037300009290929092909290929092909290929F9
:1037400009290929092909290929092909290929E9
:1037500009290929092909290929092909290929D9
:1037600009290929092909290929092909290929C9
:1037700009290929092909290929092909290929B9
:1037800009290929092909290929092909290929A9
:103790000929092909290929092909290929092999
:1037A0000929092909290929092909290929092989
:1037B0000929092909290929092909290929092979
:1037C0000929092909290929092909290929092969
:1037D0000929092909290929092909290929092959
:1037E0000929092909290929092909290929092949
:1037F0000929092909290929092909290929092939
:103800000929092909290929092909290929092928
:103810000929092909290929092909290929092918
:103820000929092909290929092909290929092908
:1038300009290929092909290929092909290929F8
:1038400009290929092909290929092909290929E8
:1038500009290929092909290929092909290929D8
:1038600009290929092909290929092909290929C8
:1038700009290929092909290929092909290929B8
:1038800009290929092909290929092909290929A8
:103890000929092909290929092909290929092998
:1038A0000929092909290929092909290929092988
:1038B0000929092909290929092909290929092978
:1038C0000929092909290929092909290929092968
:1038D0000929092909290929092909290929092958
:1038E0000929092909290929092909290929092948
:1038F0000929092909290929092909290929092938
:103900000929092909290929092909290929092927
:103910000929092909290929092909290929092917
:103920000929092909290929092909290929092907
:1039300009290929092909290929092909290929F7
:1039400009290929092909290929092909290929E7
:1039500009290929092909290929092909290929D7
:1039600009290929092909290929092909290929C7
:1039700009290929092909290929092909290929B7
:1039800009290929092909290929092909290929A7
:103990000929092909290929092909290929092997
:1039A0000929092909290929092909290929092987
:1039B0000929092909290929092909290929092977
:1039C0000929092909290929092909290929092967
:1039D0000929092909290929092909290929092957
:1039E0000929092909290929092909290929092947
:1039F0000929092909290929092909290929092937
:103A00000929092909290929092909290929092926
:103A10000929092909290929092909290929092916
:103A20000929092909290929092909290929092906
:103A300009290929092909290929092909290929F6
:103A400009290929092909290929092909290929E6
:103A500009290929092909290929092909290929D6
:103A600009290929092909290929092909290929C6
:103A700009290929092909290929092909290929B6
:103A800009290929092909290929092909290929A6
:103A90000929092909290929092909290929092996
:103AA0000929092909290929092909290929092986
:103AB0000929092909290929092909290929092976
:103AC0000929092909290929092909290929092966
:103AD0000929092909290929092909290929092956
:103AE0000929092909290929092909290929092946
:103AF0000929092909290929092909290929092936
:103B00000929092909290929092909290929092925
:103B10000929092909290929092909290929092915
:103B20000929092909290929092909290929092905
:103B300009290929092909290929092909290929F5
:103B400009290929092909290929092909290929E5
:103B500009290929092909290929092909290929D5
:103B600009290929092909290929092909290929C5
:103B700009290929092909290929092909290929B5
:103B800009290929092909290929092909290929A5
:103B90000929092909290929092909290929092995
:103BA0000929092909290929092909290929092985
:103BB0000929092909290929092909290929092975
:103BC0000929092909290929092909290929092965
:103BD0000929092909290929092909290929092955
:103BE0000929092909290929092909290929092945
:103BF0000929092909290929092909290929092935
:103C00000929092909290929092909290929092924
:103C10000929092909290929092909290929092914
:103C20000929092909290929092909290929092904
:103C300009290929092909290929092909290929F4
:103C400009290929092909290929092909290929E4
:103C500009290929092909290929092909290929D4
:103C600009290929092909290929092909290929C4
:103C700009290929092909290929092909290929B4
:103C800009290929092909290929092909290929A4
:103C90000929092909290929092909290929092994
:103CA0000929092909290929092909290929092984
:103CB0000929092909290929092909290929092974
:103CC0000929092909290929092909290929092964
:103CD0000929092909290929092909290929092954
:103CE0000929092909290929092909290929092944
:103CF0000929092909290929092909290929092934
:103D00000929092909290929092909290929092923
:103D10000929092909290929092909290929092913
:103D20000929092909290929092909290929092903
:103D300009290929092909290929092909290929F3
:103D400009290929092909290929092909290929E3
:103D500009290929092909290929092909290929D3
:103D600009290929092909290929092909290929C3
:103D700009290929092909290929092909290929B3
:103D800009290929092909290929092909290929A3
:103D90000929092909290929092909290929092993
:103DA0000929092909290929092909290929092983
:103DB0000929092909290929092909290929092973
:103DC0000929092909290929092909290929092963
:103DD0000929092909290929092909290929092953
:103DE0000929092909290929092909290929092943
:103DF0000929092909290929092909290929092933
:103E00000929092909290929092909290929092922
:103E10000929092909290929092909290929092912
:103E20000929092909290929092909290929092902
:103E300009290929092909290929092909290929F2
:103E400009290929092909290929092909290929E2
:103E500009290929092909290929092909290929D2
:103E600009290929092909290929092909290929C2
:103E700009290929092909290929092909290929B2
:103E800009290929092909290929092909290929A2
:103E90000929092909290929092909290929092992
:103EA0000929092909290929092909290929092982
:103EB0000929092909290929092909290929092972
:103EC0000929092909290929092909290929092962
:103ED0000929092909290929092909290929092952
:103EE0000929092909290929092909290929092942
:103EF0000929092909290929092909290929092932
:103F00000929092909290929092909290929092921
:103F10000929092909290929092909290929092911
:103F20000929092909290929092909290929092901
:103F300009290929092909290929092909290929F1
:103F400009290929092909290929092909290929E1
:103F500009290929092909290929092909290929D1
:103F600009290929092909290929092909290929C1
:103F700009290929092909290929092909290929B1
:103F800009290929092909290929092909290929A1
:103F90000929092909290929092909290929092991
:103FA0000929092909290929092909290929092981
:103FB0000929092909290929092909290929092971
:103FC0000929092909290929092909290929092961
:103FD0000929092909290929092909290929092951
:103FE0000929092909290929092909290929092941
:103FF0000929092909290929092909290929092931
:104000000929092909290929092909290929092920
:104010000929092909290929092909290929092910
:104020000929092909290929092909290929092900
:1040300009290929092909290929092909290929F0
:1040400009290929092909290929092909290929E0
:1040500009290929092909290929092909290929D0
:1040600009290929092909290929092909290929C0
:1040700009290929092909290929092909290929B0
:1040800009290929092909290929092909290929A0
:104090000929092909290929092909290929092990
:1040A0000929092909290929092909290929092980
:1040B0000929092909290929092909290929092970
:1040C0000929092909290929092909290929092960
:1040D0000929092909290929092909290929092950
:1040E0000929092909290929092909290929092940
:1040F0000929092909290929092909290929092930
:10410000092909290929092909290929092909291F
:10411000092909290929092909290929092909290F
:1041200009290929092909290929092909290929FF
:1041300009290929092909290929092909290929EF
:1041400009290929092909290929092909290929DF
:1041500009290929092909290929092909290929CF
:1041600009290929092909290929092909290929BF
:1041700009290929092909290929092909290929AF
:10418000092909290929092909290929092909299F
:10419000092909290929092909290929092909298F
:1041A000092909290929092909290929092909297F
:1041B000092909290929092909290929092909296F
:1041C000092909290929092909290929092909295F
:1041D000092909290929092909290929092909294F
:1041E000092909290929092909290929092909293F
:1041F000092909290929092909290929092909292F
:10420000092909290929092909290929092909291E
:10421000092909290929092909290929092909290E
:1042200009290929092909290929092909290929FE
:1042300009290929092909290929092909290929EE
:1042400009290929092909290929092909290929DE
:1042500009290929092909290929092909290929CE
:1042600009290929092909290929092909290929BE
:1042700009290929092909290929092909290929AE
:10428000092909290929092909290929092909299E
:10429000092909290929092909290929092909298E
:1042A000092909290929092909290929092909297E
:1042B000092909290929092909290929092909296E
:1042C000092909290929092909290929092909295E
:1042D000092909290929092909290929092909294E
:1042E000092909290929092909290929092909293E
:1042F000092909290929092909290929092909292E
:10430000092909290929092909290929092909291D
:10431000092909290929092909290929092909290D
:1043200009290929092909290929092909290929FD
:1043300009290929092909290929092909290929ED
:1043400009290929092909290929092909290929DD
:1043500009290929092909290929092909290929CD
:1043600009290929092909290929092909290929BD
:1043700009290929092909290929092909290929AD
:10438000092909290929092909290929092909299D
:10439000092909290929092909290929092909298D
:1043A000092909290929092909290929092909297D
:1043B000092909290929092909290929092909296D
:1043C000092909290929092909290929092909295D
:1043D000092909290929092909290929092909294D
:1043E000092909290929092909290929092909293D
:1043F000092909290929092909290929092909292D
:10440000092909290929092909290929092909291C
:10441000092909290929092909290929092909290C
:1044200009290929092909290929092909290929FC
:1044300009290929092909290929092909290929EC
:1044400009290929092909290929092909290929DC
:1044500009290929092909290929092909290929CC
:1044600009290929092909290929092909290929BC
:1044700009290929092909290929092909290929AC
:10448000092909290929092909290929092909299C
:10449000092909290929092909290929092909298C
:1044A000092909290929092909290929092909297C
:1044B000092909290929092909290929092909296C
:1044C000092909290929092909290929092909295C
:1044D000092909290929092909290929092909294C
:1044E000092909290929092909290929092909293C
:1044F000092909290929092909290929092909292C
:10450000092909290929092909290929092909291B
:10451000092909290929092909290929092909290B
:1045200009290929092909290929092909290929FB
:1045300009290929092909290929092909290929EB
:1045400009290929092909290929092909290929DB
:1045500009290929092909290929092909290929CB
:1045600009290929092909290929092909290929BB
:1045700009290929092909290929092909290929AB
:10458000092909290929092909290929092909299B
:10459000092909290929092909290929092909298B
:1045A000092909290929092909290929092909297B
:1045B000092909290929092909290929092909296B
:1045C000092909290929092909290929092909295B
:1045D000092909290929092909290929092909294B
:1045E000092909290929092909290929092909293B
:1045F000092909290929092909290929092909292B
:10460000092909290929092909290929092909291A
:10461000092909290929092909290929092909290A
:1046200009290929092909290929092909290929FA
:1046300009290929092909290929092909290929EA
:1046400009290929092909290929092909290929DA
:1046500009290929092909290929092909290929CA
:1046600009290929092909290929092909290929BA
:1046700009290929092909290929092909290929AA
:10468000092909290929092909290929092909299A
:10469000092909290929092909290929092909298A
:1046A000092909290929092909290929092909297A
:1046B000092909290929092909290929092909296A
:1046C000092909290929092909290929092909295A
:1046D000092909290929092909290929092909294A
:1046E000092909290929092909290929092909293A
:1046F000092909290929092909290929092909292A
:104700000929092909290929092909290929092919
:104710000929092909290929092909290929092909
:1047200009290929092909290929092909290929F9
:1047300009290929092909290929092909290929E9
:1047400009290929092909290929092909290929D9
:1047500009290929092909290929092909290929C9
:1047600009290929092909290929092909290929B9
:1047700009290929092909290929092909290929A9
:104780000929092909290929092909290929092999
:104790000929092909290929092909290929092989
:1047A0000929092909290929092909290929092979
:1047B0000929092909290929092909290929092969
:1047C0002A2C8D17092909290929092909290929C3
:1047D0000929092909290929092909290929092949
:1047E0000929092909290929092909290929092939
:1047F0000929092909290929092963F2C6DD4B304C
:104800000929092909290929092909290929092918
:104810000929092909290929092909290929092908
:1048200009290929092909290929092909290929F8
:1048300009290929092909290929092909290929E8
:1048400009290929092909290929092909290929D8
:1048500009290929092909290929092909290929C8
:1048600009290929092909290929092909290929B8
:1048700009290929092909290929092909290929A8
:104880000929092909290929092909290929092998
:104890000929092909290929092909290929092988
:1048A0000929092909290929092909290929092978
:1048B0000929092909290929092909290929092968
:1048C0000929092909290929092909290929092958
:1048D0000929092909290929092909290929092948
:1048E0000929092909290929092909290929092938
:1048F0000929092909290929092909290929092928
:104900000929092909290929092909290929092917
:104910000929092909290929092909290929092907
:1049200009290929092909290929092909290929F7
:1049300009290929092909290929092909290929E7
:1049400009290929092909290929092909290929D7
:1049500009290929092909290929092909290929C7
:1049600009290929092909290929092909290929B7
:1049700009290929092909290929092909290929A7
:104980000929092909290929092909290929092997
:104990000929092909290929092909290929092987
:1049A0000929092909290929092909290929092977
:1049B0000929092909290929092909290929092967
:1049C0000929092909290929092909290929092957
:1049D0000929092909290929092909290929092947
:1049E0000929092909290929092909290929092937
:1049F0000929092909290929092909290929092927
:104A00000929092909290929092909290929092916
:104A10000929092909290929092909290929092906
:104A200009290929092909290929114984D6BEBD5D
:104A3000AE1A3AAE0929092909290929092909299A
:104A40002A2C8D1709290929092909290929092940
:104A500009290929092909290929092909290929C6
:104A600009290929092909290929092909290929B6
:104A700009290929092909290929A5FA11690929F1
:104A80000929092909290929092909290929092996
:104A90000929092909290929092909290929092986
:104AA0000929092909292A2C8D17092909290929E0
:104AB0000929092909290929092909290929092966
:104AC0000929092909290929092909290929092956
:104AD0000929092909290929092909290929092946
:104AE0000929092909290929092909290929092936
:104AF0000929092909290929092909290929092926
:104B00000929092909290929092909290929092915
:104B10000929092909290929092909290929092905
:104B200009290929092909290929092909290929F5
:104B300009290929092909290929092909290929E5
:104B400009290929092909290929092909290929D5
:104B500009290929092909290929092909290929C5
:104B600009290929092909290929092909290929B5
:104B700009290929092909290929092909290929A5
:104B80000929092909290929092909290929092995
:104B90000929092909290929092909290929092985
:104BA0000929092909290929092909290929092975
:104BB0000929092909290929092909290929092965
:104BC0000929092909290929092909290929092955
:104BD0000929092909290929092909290929092945
:104BE0000929092909290929092909290929092935
:104BF0000929126E35BC124D092923B3359C0929A8
:104C000009291AF02D19357B2CD8124D0929126E5D
:104C100035BC2D19092909492D3A35BC1B3135BC44
:104C200035BC35BC2CD809290929092909290929A4
:104C300009290929092909290929092909290929E4
:104C400009290929092909290929092909290929D4
:104C500009290929092909290929092909290929C4
:104C600009290929092909290929092909290929B4
:104C700009290929092909290929092909290929A4
:104C80000929092909290929092909290929092994
:104C90000929092909290929092909290929092984
:104CA000092909290929092909294B0F9D7819AAD8
:104CB0002A0C7474092909290929092909290929AA
:104CC0002A2C8D17092909290929092909290929BE
:104CD000092909290929092909292A2C84F60929D8
:104CE0000929092909290929092909290929092934
:104CF00009290929092909290949A5D909290929B8
:104D00000929092909290929092909290929092913
:104D10000929092909290929092909290929092903
:104D20002A2C84F609290929092909290929092987
:104D300009290929092909290929092909290929E3
:104D400009290929092909290929092909290929D3
:104D500009290929092909290929092909290929C3
:104D600009290929092909290929092909290929B3
:104D700009290929092909290929092909290929A3
:104D80000929092909290929092909290929092993
:104D90000929092909290929092909290929092983
:104DA0000929092909290929092909290929092973
:104DB0000929092909290929092909290929092963
:104DC0000929092909290929092909290929092953
:104DD0000929092909290929092909290929092943
:104DE0000929092909290929092909290929092933
:104DF0000929092909290929092909290929092923
:104E00000929092909290929092909290929092912
:104E10000929092909290929092909290929092902
:104E200009290929092909290929092909290929F2
:104E300009290929092909290929092909290929E2
:104E400009290929092909290929092909290929D2
:104E500009290929092909290929092909290929C2
:104E600009290929092909290929092909290929B2
:104E70000929126E35BC124D092923B3359C092925
:104E8000122D35BC1B31096A2415357B11AA126E0F
:104E900035BC359C124E1A8E359C35BC1B3135BC49
:104EA000124D092909290929092909290929092945
:104EB0000929092909290929092909290929092962
:104EC0000929092909290929092909290929092952
:104ED0000929092909290929092909290929092942
:104EE0000929092909290929092909290929092932
:104EF0000929092909290929092909290929092922
:104F00000929092909290929092909290929092911
:104F10000929092909290929092909290929092901
:104F20000929092909290929092942CE8D17094981
:104F300009290929092909297454BE9CB65B42EF45
:104F40002A2C8D17092909297454BE9CB65B42EF9F
:104F500009297454BE9CCEFE53719DB9CEFECEFE7F
:104F60004B0F09290929092919CBCEFEC6FEA5D95F
:104F700021EB092909290929A5DACEFECEFE4B30FD
:104F80007C9509290929A5FA0929324D95579D993A
:104F9000BE9C5350092909297454BE9CCEFE5371FE
:104FA0009DB9CEFECEFE5BB18D17092909497CB5AE
:104FB000BEBDAE1A326D324D95579D99BE9C535071
:104FC0000929092909290929092909290929092951
:104FD0000929092909290929092909290929092941
:104FE0000929092909290929092909290929092931
:104FF0000929092909290929092909290929092921
:105000000929092909290929092909290929092910
:105010000929092909290929092909290929092900
:1050200009290929092909290929092909290929F0
:1050300009290929092909290929092909290929E0
:1050400009290929092909290929092909290929D0
:1050500009290929092909290929092909290929C0
:1050600009290929092909290929092909290929B0
:1050700009290929092909290929092909290929A0
:105080000929092909290929092909290929092990
:105090000929092909290929092909290929092980
:1050A0000929092909290929092909290929092970
:1050B0000929092909290929092909290929092960
:1050C0000929092909290929092909290929092950
:1050D0000929092909290929092909290929092940
:1050E0000929092909290929092909290929092930
:1050F0000929126E35BC35BC35BC35BC359C092937
:10510000239335BC09490929122D35BC1AAF126EFB
:1051100035BC243624352456243535BC1B3135BCEA
:1051200035BC35BC2415092909290929092909296A
:1051300009290929092909290929092909290929DF
:1051400009290929092909290929092909290929CF
:1051500009290929092909290929092909290929BF
:1051600009290929092909290929092909290929AF
:10517000092909290929092909290929092909299F
:10518000092909290929092909290929092909298F
:10519000092909290929092909290929092909297F
:1051A000092909290929092909290929537184F695
:1051B00084F642CE092942CF8516198A220BA5FA18
:1051C0002A2C8D17092942CF8516198A220BA5FA98
:1051D00042EF957819AA092909292A2C84F6092968
:1051E00009290929092909290929092909494B30C6
:1051F00074740929092909291149A5DA09293A8E5E
:105200007C9509290929A5FA0929324DB65B21EBBC
:105210002A0CA5FA092942EF957819AA0929092922
:105220002A2C84F609292A2C8D1709294B0F955809
:10523000198A3ACEA5FA324DB65B21EB2A0CA5FAB3
:1052400009290929092909290929092909290929CE
:1052500009290929092909290929092909290929BE
:1052600009290929092909290929092909290929AE
:10527000092909290929092909290929092909299E
:10528000092909290929092909290929092909298E
:10529000092909290929092909290929092909297E
:1052A000092909290929092909290929092909296E
:1052B000092909290929092909290929092909295E
:1052C000092909290929092909290929092909294E
:1052D000092909290929092909290929092909293E
:1052E000092909290929092909290929092909292E
:1052F000092909290929092909290929092909291E
:10530000092909290929092909290929092909290D
:1053100009290929092909290929092909290929FD
:1053200009290929092909290929092909290929ED
:1053300009290929092909290929092909290929DD
:1053400009290929092909290929092909290929CD
:1053500009290929092909290929092909290929BD
:1053600009290929092909290929092909290929AD
:105370000929126E35BC124D092923B3359C092920
:10538000239335BC09490929122D35BC1AAF126E79
:1053900035BC126E359B357B1A6E35BC1B3135BC66
:1053A000124D092909290929092909290929092940
:1053B000092909290929092909290929092909295D
:1053C000092909290929092909290929092909294D
:1053D000092909290929092909290929092909293D
:1053E000092909290929092909290929092909292D
:1053F000092909290929092909290929092909291D
:10540000092909290929092909290929092909290C
:1054100009290929092909290929092909290929FC
:1054200009290929092909290929092909290929EC
:105430001169A5FA19CB63D2C6FEC6FEC6FECEFE22
:10544000326D8D17092963D2C6FEC6FEC6FECEFE9A
:105450006C1353710929092909292A2C84F6092971
:10546000092909290929092919CB9DB9C6DDCEFECB
:105470008D370929092909291149A5DA09293A8D00
:105480007C9509290929A5FA0929324D84F60929AB
:105490000929A5FA092963F253710929092909295A
:1054A0002A2C84F609292A2C8D17092963F25371B5
:1054B00009290929AE3B324D84F609290929A5FAA3
:1054C000092909290929092909290929092909294C
:1054D000092909290929092909290929092909293C
:1054E000092909290929092909290929092909292C
:1054F000092909290929092909290929092909291C
:10550000092909290929092909290929092909290B
:1055100009290929092909290929092909290929FB
:1055200009290929092909290929092909290929EB
:1055300009290929092909290929092909290929DB
:1055400009290929092909290929092909290929CB
:1055500009290929092909290929092909290929BB
:1055600009290929092909290929092909290929AB
:10557000092909290929092909290929092909299B
:10558000092909290929092909290929092909298B
:10559000092909290929092909290929092909297B
:1055A000092909290929092909290929092909296B
:1055B000092909290929092909290929092909295B
:1055C000092909290929092909290929092909294B
:1055D000092909290929092909290929092909293B
:1055E000092909290929092909290929092909292B
:1055F0000929126E35BC124D092923B3359C09299E
:10560000122D35BC1B31096A2415357B11AA126E87
:1056100035BC11EC2C562435122D35BC1B3135BC54
:10562000124D0929092909290929092909290929BD
:1056300009290929092909290929092909290929DA
:1056400009290929092909290929092909290929CA
:1056500009290929092909290929092909290929BA
:1056600009290929092909290929092909290929AA
:10567000092909290929092909290929092909299A
:10568000092909290929092909290929092909298A
:10569000092909290929092909290929092909297A
:1056A000092909290929092909294B0F5B91198A17
:1056B0002A0CB67C220B42EF84F619AA0929092983
:1056C0002A2C8D17092942EF84F619AA09290929DC
:1056D00042EF957819AA09290929220C95580949F8
:1056E00009290929092909295B917C95118A5350B7
:1056F00095580929092909291149A5DA09292A0CE6
:105700009DB9118A42EFB65B0929324D84D6092929
:105710000929A5FA092942EF957819AA0929092921
:10572000220C955809492A2C8D1709294B0F9537BA
:10573000198A3ACEA5FA324D84D609290929A5FA43
:1057400009290929092909290929092909290929C9
:1057500009290929092909290929092909290929B9
:1057600009290929092909290929092909290929A9
:105770000929092909290929092909290929092999
:105780000929092909290929092909290929092989
:105790000929092909290929092909290929092979
:1057A0000929092909290929092909290929092969
:1057B0000929092909290929092909290929092959
:1057C0000929092909290929092909290929092949
:1057D0000929092909290929092909290929092939
:1057E0000929092909290929092909290929092929
:1057F0000929092909290929092909290929092919
:105800000929092909290929092909290929092908
:1058100009290929092909290929092909290929F8
:1058200009290929092909290929092909290929E8
:1058300009290929092909290929092909290929D8
:1058400009290929092909290929092909290929C8
:1058500009290929092909290929092909290929B8
:1058600009290929092909290929092909290929A8
:105870000929126E35BC124D092923B3359C09291B
:1058800009291AF02D19357B2CD8124E0929126ED0
:1058900035BC11EC09290929122D35BC1B3135BC49
:1058A00035BC35BC2D3A09290929092909290929B5
:1058B0000929092909290929092909290929092958
:1058C0000929092909290929092909290929092948
:1058D0000929092909290929092909290929092938
:1058E0000929092909290929092909290929092928
:1058F0000929092909290929092909290929092918
:105900000929092909290929092909290929092907
:1059100009290929092909290929092909290929F7
:1059200009290929092909290929118A7CB5BE9C57
:10593000B67C6C13092909296C34BE9CCEFEB65B7B
:105940002A2C8D17092909296C34BE9CCEFEB65B22
:1059500009297454BE9CCEFE537109499D99C6FE17
:105960004B0F092909290929220BAE3BBE9C7495CE
:1059700095580929092909291149A5DA0929092967
:1059800084D6BEBD7495A5FA0929324D84D609295D
:105990000929A5FA092909297454BE9CCEFE537120
:1059A00009499D99C6FE5BB18D17092909497CB546
:1059B000BEBDAE1B3A8D324D84D609290929A5FA00
:1059C0000929092909290929092909290929092947
:1059D0000929092909290929092909290929092937
:1059E0000929092909290929092909290929092927
:1059F0000929092909290929092909290929092917
:105A00000929092909290929092909290929092906
:105A100009290929092909290929092909290929F6
:105A200009290929092909290929092909290929E6
:105A300009290929092909290929092909290929D6
:105A400009290929092909290929092909290929C6
:105A500009290929092909290929092909290929B6
:105A600009290929092909290929092909290929A6
:105A70000929092909290929092909290929092996
:105A80000929092909290929092909290929092986
:105A90000929092909290929092909290929092976
:105AA0000929092909290929092909290929092966
:105AB0000929092909290929092909290929092956
:105AC0000929092909290929092909290929092946
:105AD0000929092909290929092909290929092936
:105AE0000929092909290929092909290929092926
:105AF0000929092909290929092909290929092916
:105B00000929092909290929092909290929092905
:105B100009290929092909290929092909290929F5
:105B200009290929092909290929092909290929E5
:105B300009290929092909290929092909290929D5
:105B400009290929092909290929092909290929C5
:105B500009290929092909290929092909290929B5
:105B600009290929092909290929092909290929A5
:105B70000929092909290929092909290929092995
:105B80000929092909290929092909290929092985
:105B90000929092909290929092909290929092975
:105BA0000929092909290929092909290929092965
:105BB0000929092909290929092909290929092955
:105BC0000929092909290929092909290929092945
:105BD0000929092909290929092909290929092935
:105BE0000929092909290929092909290929092925
:105BF0000929092909290929092909290929092915
:105C00000929092909290929092909290929092904
:105C100009290929092909290929092909290929F4
:105C200009290929092909290929092909290929E4
:105C300009290929092909290929092909290929D4
:105C400009290929092909290929092909290929C4
:105C500009290929092909290929092909290929B4
:105C600009290929092909290929092909290929A4
:105C70000929092909290929092909290929092994
:105C80000929092909290929092909290929092984
:105C90000929092909290929092909290929092974
:105CA0000929092909290929092909290929092964
:105CB0000929092909290929092909290929092954
:105CC0000929092909290929092909290929092944
:105CD0000929092909290929092909290929092934
:105CE0000929092909290929092909290929092924
:105CF0000929092909290929092909290929092914
:105D00000929092909290929092909290929092903
:105D100009290929092909290929092909290929F3
:105D200009290929092909290929092909290929E3
:105D300009290929092909290929092909290929D3
:105D400009290929092909290929092909290929C3
:105D500009290929092909290929092909290929B3
:105D600009290929092909290929092909290929A3
:105D70000929092909290929092909290929092993
:105D80000929092909290929092909290929092983
:105D90000929092909290929092909290929092973
:105DA0000929092909290929092909290929092963
:105DB0000929092909290929092909290929092953
:105DC0000929092909290929092909290929092943
:105DD0000929092909290929092909290929092933
:105DE0000929092909290929092909290929092923
:105DF0000929092909290929092909290929092913
:105E00000929092909290929092909290929092902
:105E100009290929092909290929092909290929F2
:105E200009290929092909290929092909290929E2
:105E300009290929092909290929092909290929D2
:105E400009290929092909290929092909290929C2
:105E500009290929092909290929092909290929B2
:105E600009290929092909290929092909290929A2
:105E70000929092909290929092909290929092992
:105E80000929092909290929092909290929092982
:105E90000929092909290929092909290929092972
:105EA0000929092909290929092909290929092962
:105EB0000929092909290929092909290929092952
:105EC0000929092909290929092909290929092942
:105ED0000929092909290929092909290929092932
:105EE0000929092909290929092909290929092922
:105EF0000929092909290929092909290929092912
:105F00000929092909290929092909290929092901
:105F100009290929092909290929092909290929F1
:105F200009290929092909290929092909290929E1
:105F300009290929092909290929092909290929D1
:105F400009290929092909290929092909290929C1
:105F500009290929092909290929092909290929B1
:105F600009290929092909290929092909290929A1
:105F70000929092909290929092909290929092991
:105F80000929092909290929092909290929092981
:105F90000929092909290929092909290929092971
:105FA0000929092909290929092909290929092961
:105FB0000929092909290929092909290929092951
:105FC0000929092909290929092909290929092941
:105FD0000929092909290929092909290929092931
:105FE0000929092909290929092909290929092921
:105FF0000929092909290929092909290929092911
:106000000929092909290929092909290929092900
:1060100009290929092909290929092909290929F0
:1060200009290929092909290929092909290929E0
:1060300009290929092909290929092909290929D0
:1060400009290929092909290929092909290929C0
:1060500009290929092909290929092909290929B0
:1060600009290929092909290929092909290929A0
:106070000929092909290929092909290929092990
:106080000929092909290929092909290929092980
:106090000929092909290929092909290929092970
:1060A0000929092909290929092909290929092960
:1060B0000929092909290929092909290929092950
:1060C0000929092909290929092909290929092940
:1060D0000929092909290929092909290929092930
:1060E0000929092909290929092909290929092920
:1060F0000929092909290929092909290929092910
:1061000009290929092909290929092909290929FF
:1061100009290929092909290929092909290929EF
:1061200009290929092909290929092909290929DF
:1061300009290929092909290929092909290929CF
:1061400009290929092909290929092909290929BF
:1061500009290929092909290929092909290929AF
:10616000092909290929092909290929092909299F
:10617000092909290929092909290929092909298F
:10618000092909290929092909290929092909297F
:10619000092909290929092909290929092909296F
:1061A000092909290929092909290929092909295F
:1061B000092909290929092909290929092909294F
:1061C000092909290929092909290929092909293F
:1061D000092909290929092909290929092909292F
:1061E000092909290929092909290929092909291F
:1061F000092909290929092909290929092909290F
:1062000009290929092909290929092909290929FE
:1062100009290929092909290929092909290929EE
:1062200009290929092909290929092909290929DE
:1062300009290929092909290929092909290929CE
:1062400009290929092909290929092909290929BE
:1062500009290929092909290929092909290929AE
:10626000092909290929092909290929092909299E
:10627000092909290929092909290929092909298E
:10628000092909290929092909290929092909297E
:10629000092909290929092909290929092909296E
:1062A000092909290929092909290929092909295E
:1062B000092909290929092909290929092909294E
:1062C000092909290929092909290929092909293E
:1062D000092909290929092909290929092909292E
:1062E000092909290929092909290929092909291E
:1062F000092909290929092909290929092909290E
:1063000009290929092909290929092909290929FD
:1063100009290929092909290929092909290929ED
:1063200009290929092909290929092909290929DD
:1063300009290929092909290929092909290929CD
:1063400009290929092909290929092909290929BD
:1063500009290929092909290929092909290929AD
:10636000092909290929092909290929092909299D
:10637000092909290929092909290929092909298D
:10638000092909290929092909290929092909297D
:10639000092909290929092909290929092909296D
:1063A000092909290929092909290929092909295D
:1063B000092909290929092909290929092909294D
:1063C000092909290929092909290929092909293D
:1063D000092909290929092909290929092909292D
:1063E000092909290929092909290929092909291D
:1063F000092909290929092909290929092909290D
:1064000009290929092909290929092909290929FC
:1064100009290929092909290929092909290929EC
:1064200009290929092909290929092909290929DC
:1064300009290929092909290929092909290929CC
:1064400009290929092909290929092909290929BC
:1064500009290929092909290929092909290929AC
:10646000092909290929092909290929092909299C
:10647000092909290929092909290929092909298C
:10648000092909290929092909290929092909297C
:10649000092909290929092909290929092909296C
:1064A000092909290929092909290929092909295C
:1064B000092909290929092909290929092909294C
:1064C000092909290929092909290929092909293C
:1064D000092909290929092909290929092909292C
:1064E000092909290929092909290929092909291C
:1064F000092909290929092909290929092909290C
:1065000009290929092909290929092909290929FB
:1065100009290929092909290929092909290929EB
:1065200009290929092909290929092909290929DB
:1065300009290929092909290929092909290929CB
:1065400009290929092909290929092909290929BB
:1065500009290929092909290929092909290929AB
:10656000092909290929092909290929092909299B
:10657000092909290929092909290929092909298B
:10658000092909290929092909290929092909297B
:10659000092909290929092909290929092909296B
:1065A000092909290929092909290929092909295B
:1065B000092909290929092909290929092909294B
:1065C000092909290929092909290929092909293B
:1065D000092909290929092909290929092909292B
:1065E000092909290929092909290929092909291B
:1065F000092909290929092909290929092909290B
:1066000009290929092909290929092909290929FA
:1066100009290929092909290929092909290929EA
:1066200009290929092909290929092909290929DA
:1066300009290929092909290929092909290929CA
:1066400009290929092909290929092909290929BA
:1066500009290929092909290929092909290929AA
:10666000092909290929092909290929092909299A
:10667000092909290929092909290929092909298A
:10668000092909290929092909290929092909297A
:10669000092909290929092909290929092909296A
:1066A000092909290929092909290929092909295A
:1066B000092909290929092909290929092909294A
:1066C000092909290929092909290929092909293A
:1066D000092909290929092909290929092909292A
:1066E000092909290929092909290929092909291A
:1066F000092909290929092909290929092909290A
:1067000009290929092909290929092909290929F9
:1067100009290929092909290929092909290929E9
:1067200009290929092909290929092909290929D9
:1067300009290929092909290929092909290929C9
:1067400009290929092909290929092909290929B9
:1067500009290929092909290929092909290929A9
:106760000929092909290929092909290929092999
:106770000929092909290929092909290929092989
:106780000929092909290929092909290929092979
:106790000929092909290929092909290929092969
:1067A0000929092909290929092909290929092959
:1067B0000929092909290929092909290929092949
:1067C0000929092909290929092909290929092939
:1067D0000929092909290929092909290929092929
:1067E0000929092909290929092909290929092919
:1067F0000929092909290929092909290929092909
:1068000009290929092909290929092909290929F8
:1068100009290929092909290929092909290929E8
:1068200009290929092909290929092909290929D8
:1068300009290929092909290929092909290929C8
:1068400009290929092909290929092909290929B8
:1068500009290929092909290929092909290929A8
:106860000929092909290929092909290929092998
:106870000929092909290929092909290929092988
:106880000929092909290929092909290929092978
:106890000929092909290929092909290929092968
:1068A0000929092909290929092909290929092958
:1068B0000929092909290929092909290929092948
:1068C0000929092909290929092909290929092938
:1068D0000929092909290929092909290929092928
:1068E0000929092909290929092909290929092918
:1068F0000929092909290929092909290929092908
:1069000009290929092909290929092909290929F7
:1069100009290929092909290929092909290929E7
:1069200009290929092909290929092909290929D7
:1069300009290929092909290929092909290929C7
:1069400009290929092909290929092909290929B7
:1069500009290929092909290929092909290929A7
:106960000929092909290929092909290929092997
:106970000929092909290929092909290929092987
:106980000929092909290929092909290929092977
:106990000929092909290929092909290929092967
:1069A0000929092909290929092909290929092957
:1069B0000929092909290929092909290929092947
:1069C0000929092909290929092909290929092937
:1069D0000929092909290929092909290929092927
:1069E0000929092909290929092909290929092917
:1069F0000929092909290929092909290929092907
:106A000009290929092909290929092909290929F6
:106A100009290929092909290929092909290929E6
:106A200009290929092909290929092909290929D6
:106A300009290929092909290929092909290929C6
:106A400009290929092909290929092909290929B6
:106A500009290929092909290929092909290929A6
:106A60000929092909290929092909290929092996
:106A70000929092909290929092909290929092986
:106A80000929092909290929092909290929092976
:106A90000929092909290929092909290929092966
:106AA0000929092909290929092909290929092956
:106AB0000929092909290929092909290929092946
:106AC0000929092909290929092909290929092936
:106AD0000929092909290929092909290929092926
:106AE0000929092909290929092909290929092916
:106AF0000929092909290929092909290929092906
:106B000009290929092909290929092909290929F5
:106B100009290929092909290929092909290929E5
:106B200009290929092909290929092909290929D5
:106B300009290929092909290929092909290929C5
:106B400009290929092909290929092909290929B5
:106B500009290929092909290929092909290929A5
:106B60000929092909290929092909290929092995
:106B70000929092909290929092909290929092985
:106B80000929092909290929092909290929092975
:106B90000929092909290929092909290929092965
:106BA0000929092909290929092909290929092955
:106BB0000929092909290929092909290929092945
:106BC0000929092909290929092909290929092935
:106BD0000929092909290929092909290929092925
:106BE0000929092909290929092909290929092915
:106BF0000929092909290929092909290929092905
:106C000009290929092909290929092909290929F4
:106C100009290929092909290929092909290929E4
:106C200009290929092909290929092909290929D4
:106C300009290929092909290929092909290929C4
:106C400009290929092909290929092909290929B4
:106C500009290929092909290929092909290929A4
:106C60000929092909290929092909290929092994
:106C70000929092909290929092909290929092984
:106C80000929092909290929092909290929092974
:106C90000929092909290929092909290929092964
:106CA0000929092909290929092909290929092954
:106CB0000929092909290929092909290929092944
:106CC0000929092909290929092909290929092934
:106CD0000929092909290929092909290929092924
:106CE0000929092909290929092909290929092914
:106CF0000929092909290929092909290929092904
:106D000009290929092909290929092909290929F3
:106D100009290929092909290929092909290929E3
:106D200009290929092909290929092909290929D3
:106D300009290929092909290929092909290929C3
:106D400009290929092909290929092909290929B3
:106D500009290929092909290929092909290929A3
:106D60000929092909290929092909290929092993
:106D70000929092909290929092909290929092983
:106D80000929092909290929092909290929092973
:106D90000929092909290929092909290929092963
:106DA0000929092909290929092909290929092953
:106DB0000929092909290929092909290929092943
:106DC0000929092909290929092909290929092933
:106DD0000929092909290929092909290929092923
:106DE0000929092909290929092909290929092913
:106DF0000929092909290929092909290929092903
:106E000009290929092909290929092909290929F2
:106E100009290929092909290929092909290929E2
:106E200009290929092909290929092909290929D2
:106E300009290929092909290929092909290929C2
:106E400009290929092909290929092909290929B2
:106E500009290929092909290929092909290929A2
:106E60000929092909290929092909290929092992
:106E70000929092909290929092909290929092982
:106E80000929092909290929092909290929092972
:106E90000929092909290929092909290929092962
:106EA0000929092909290929092909290929092952
:106EB0000929092909290929092909290929092942
:106EC0000929092909290929092909290929092932
:106ED0000929092909290929092909290929092922
:106EE0000929092909290929092909290929092912
:106EF0000929092909290929092909290929092902
:106F000009290929092909290929092909290929F1
:106F100009290929092909290929092909290929E1
:106F200009290929092909290929092909290929D1
:106F300009290929092909290929092909290929C1
:106F400009290929092909290929092909290929B1
:106F500009290929092909290929092909290929A1
:106F60000929092909290929092909290929092991
:106F70000929092909290929092909290929092981
:106F80000929092909290929092909290929092971
:106F90000929092909290929092909290929092961
:106FA0000929092909290929092909290929092951
:106FB0000929092909290929092909290929092941
:106FC0000929092909290929092909290929092931
:106FD0000929092909290929092909290929092921
:106FE0000929092909290929092909290929092911
:106FF0000929092909290929092909290929092901
:1070000009290929092909290929092909290929F0
:1070100009290929092909290929092909290929E0
:1070200009290929092909290929092909290929D0
:1070300009290929092909290929092909290929C0
:1070400009290929092909290929092909290929B0
:1070500009290929092909290929092909290929A0
:107060000929092909290929092909290929092990
:107070000929092909290929092909290929092980
:107080000929092909290929092909290929092970
:107090000929092909290929092909290929092960
:1070A0000929092909290929092909290929092950
:1070B0000929092909290929092909290929092940
:1070C0000929092909290929092909290929092930
:1070D0000929092909290929092909290929092920
:1070E0000929092909290929092909290929092910
:1070F0000929092909290929092909290929092900
:1071000009290929092909290929092909290929EF
:1071100009290929092909290929092909290929DF
:1071200009290929092909290929092909290929CF
:1071300009290929092909290929092909290929BF
:1071400009290929092909290929092909290929AF
:10715000092909290929092909290929092909299F
:10716000092909290929092909290929092909298F
:10717000092909290929092909290929092909297F
:10718000092909290929092909290929092909296F
:10719000092909290929092909290929092909295F
:1071A000092909290929092909290929092909294F
:1071B000092909290929092909290929092909293F
:1071C000092909290929092909290929092909292F
:1071D000092909290929092909290929092909291F
:1071E000092909290929092909290929092909290F
:1071F00009290929092909290929092909290929FF
:1072000009290929092909290929092909290929EE
:1072100009290929092909290929092909290929DE
:1072200009290929092909290929092909290929CE
:1072300009290929092909290929092909290929BE
:1072400009290929092909290929092909290929AE
:10725000092909290929092909290929092909299E
:10726000092909290929092909290929092909298E
:10727000092909290929092909290929092909297E
:10728000092909290929092909290929092909296E
:10729000092909290929092909290929092909295E
:1072A000092909290929092909290929092909294E
:1072B000092909290929092909290929092909293E
:1072C000092909290929092909290929092909292E
:1072D000092909290929092909290929092909291E
:1072E000092909290929092909290929092909290E
:1072F00009290929092909290929092909290929FE
:1073000009290929092909290929092909290929ED
:1073100009290929092909290929092909290929DD
:1073200009290929092909290929092909290929CD
:1073300009290929092909290929092909290929BD
:1073400009290929092909290929092909290929AD
:10735000092909290929092909290929092909299D
:10736000092909290929092909290929092909298D
:10737000092909290929092909290929092909297D
:10738000092909290929092909290929092909296D
:10739000092909290929092909290929092909295D
:1073A000092909290929092909290929092909294D
:1073B000092909290929092909290929092909293D
:1073C000092909290929092909290929092909292D
:1073D000092909290929092909290929092909291D
:1073E000092909290929092909290929092909290D
:1073F00009290929092909290929092909290929FD
:1074000009290929092909290929092909290929EC
:1074100009290929092909290929092909290929DC
:1074200009290929092909290929092909290929CC
:1074300009290929092909290929092909290929BC
:1074400009290929092909290929092909290929AC
:10745000092909290929092909290929092909299C
:10746000092909290929092909290929092909298C
:10747000092909290929092909290929092909297C
:10748000092909290929092909290929092909296C
:10749000092909290929092909290929092909295C
:1074A000092909290929092909290929092909294C
:1074B000092909290929092909290929092909293C
:1074C000092909290929092909290929092909292C
:1074D000092909290929092909290929092909291C
:1074E000092909290929092909290929092909290C
:1074F00009290929092909290929092909290929FC
:1075000009290929092909290929092909290929EB
:1075100009290929092909290929092909290929DB
:1075200009290929092909290929092909290929CB
:1075300009290929092909290929092909290929BB
:1075400009290929092909290929092909290929AB
:10755000092909290929092909290929092909299B
:10756000092909290929092909290929092909298B
:10757000092909290929092909290929092909297B
:10758000092909290929092909290929092909296B
:10759000092909290929092909290929092909295B
:1075A000092909290929092909290929092909294B
:1075B000092909290929092909290929092909293B
:1075C000092909290929092909290929092909292B
:1075D000092909290929092909290929092909291B
:1075E000092909290929092909290929092909290B
:1075F00009290929092909290929092909290929FB
:1076000009290929092909290929092909290929EA
:1076100009290929092909290929092909290929DA
:1076200009290929092909290929092909290929CA
:1076300009290929092909290929092909290929BA
:1076400009290929092909290929092909290929AA
:10765000092909290929092909290929092909299A
:10766000092909290929092909290929092909298A
:10767000092909290929092909290929092909297A
:10768000092909290929092909290929092909296A
:10769000092909290929092909290929092909295A
:1076A000092909290929092909290929092909294A
:1076B000092909290929092909290929092909293A
:1076C000092909290929092909290929092909292A
:1076D000092909290929092909290929092909291A
:1076E000092909290929092909290929092909290A
:1076F00009290929092909290929092909290929FA
:1077000009290929092909290929092909290929E9
:1077100009290929092909290929092909290929D9
:1077200009290929092909290929092909290929C9
:1077300009290929092909290929092909290929B9
:1077400009290929092909290929092909290929A9
:107750000929092909290929092909290929092999
:107760000929092909290929092909290929092989
:107770000929092909290929092909290929092979
:107780000929092909290929092909290929092969
:107790000929092909290929092909290929092959
:1077A0000929092909290929092909290929092949
:1077B0000929092909290929092909290929092939
:1077C0000929092909290929092909290929092929
:1077D0000929092909290929092909290929092919
:1077E0000929092909290929092909290929092909
:1077F00009290929092909290929092909290929F9
:1078000009290929092909290929092909290929E8
:1078100009290929092909290929092909290929D8
:1078200009290929092909290929092909290929C8
:1078300009290929092909290929092909290929B8
:1078400009290929092909290929092909290929A8
:107850000929092909290929092909290929092998
:107860000929092909290929092909290929092988
:107870000929092909290929092909290929092978
:107880000929092909290929092909290929092968
:107890000929092909290929092909290929092958
:1078A0000929092909290929092909290929092948
:1078B0000929092909290929092909290929092938
:1078C0000929092909290929092909290929092928
:1078D0000929092909290929092909290929092918
:1078E0000929092909290929092909290929092908
:1078F00009290929092909290929092909290929F8
:1079000009290929092909290929092909290929E7
:1079100009290929092909290929092909290929D7
:1079200009290929092909290929092909290929C7
:1079300009290929092909290929092909290929B7
:1079400009290929092909290929092909290929A7
:107950000929092909290929092909290929092997
:107960000929092909290929092909290929092987
:107970000929092909290929092909290929092977
:107980000929092909290929092909290929092967
:107990000929092909290929092909290929092957
:1079A0000929092909290929092909290929092947
:1079B0000929092909290929092909290929092937
:1079C0000929092909290929092909290929092927
:1079D0000929092909290929092909290929092917
:1079E0000929092909290929092909290929092907
:1079F00009290929092909290929092909290929F7
:107A000009290929092909290929092909290929E6
:107A100009290929092909290929092909290929D6
:107A200009290929092909290929092909290929C6
:107A300009290929092909290929092909290929B6
:107A400009290929092909290929092909290929A6
:107A50000929092909290929092909290929092996
:107A60000929092909290929092909290929092986
:107A70000929092909290929092909290929092976
:107A80000929092909290929092909290929092966
:107A90000929092909290929092909290929092956
:107AA0000929092909290929092909290929092946
:107AB0000929092909290929092909290929092936
:107AC0000929092909290929092909290929092926
:107AD0000929092909290929092909290929092916
:107AE0000929092909290929092909290929092906
:107AF00009290929092909290929092909290929F6
:107B000009290929092909290929092909290929E5
:107B100009290929092909290929092909290929D5
:107B200009290929092909290929092909290929C5
:107B300009290929092909290929092909290929B5
:107B400009290929092909290929092909290929A5
:107B50000929092909290929092909290929092995
:107B60000929092909290929092909290929092985
:107B70000929092909290929092909290929092975
:107B80000929092909290929092909290929092965
:107B90000929092909290929092909290929092955
:107BA0000929092909290929092909290929092945
:107BB0000929092909290929092909290929092935
:107BC0000929092909290929092909290929092925
:107BD0000929092909290929092909290929092915
:107BE0000929092909290929092909290929092905
:107BF00009290929092909290929092909290929F5
:107C000009290929092909290929092909290929E4
:107C10000929092909290929262F262F262F262F48
:107C2000262F262F262F262F262F262F262F262FAC
:107C3000262F262F262F262F262F262F262F262F9C
:107C4000262F262F262F262F262F262F262F262F8C
:107C5000262F262F262F262F262F262F262F262F7C
:107C6000262F262F262F262F262F262F262F262F6C
:107C7000262F262F262F262F262F262F262F262F5C
:107C8000262F262F262F262F262F262F262F262F4C
:107C9000262F262F262F262F262F262F262F262F3C
:107CA000262F262F262F262F262F262F262F262F2C
:107CB000262F262F262F262F262F262F262F262F1C
:107CC000262F262F262F262F262F262F262F262F0C
:107CD000262F262F262F262F262F262F262F262FFC
:107CE000262F262F262F262F262F262F262F262FEC
:107CF000262F262F262F262F262F262F262F262FDC
:107D0000262F262F262F262F262F262F262F262FCB
:107D1000262F262F262F262F262F262F262F262FBB
:107D2000262F262F262F262F262F262F262F262FAB
:107D3000262F262F262F262F262F262F262F262F9B
:107D4000262F262F262F262F262F262F262F262F8B
:107D5000262F262F262F262F262F262F262F262F7B
:107D6000262F262F262F262F262F262F262F262F6B
:107D7000262F262F262F262F262F262F262F262F5B
:107D8000262F262F262F262F262F262F262F262F4B
:107D9000262F262F262F262F262F262F262F262F3B
:107DA000262F262F262F262F262F262F262F262F2B
:107DB000262F262F262F262F262F262F262F262F1B
:107DC000262F262F262F262F262F262F262F262F0B
:107DD000262F262F262F262F262F262F262F262FFB
:107DE000262F262F262F262F262F262F262F262FEB
:107DF000262F262F262F262F262F262F262F262FDB
:107E0000262F262F262F262F262F262F262F262FCA
:107E1000262F262F262F262F262F262F262F262FBA
:107E2000262F262F262F262F262F262F262F262FAA
:107E3000262F262F262F262F262F262F262F262F9A
:107E4000262F262F262F262F262F262F262F262F8A
:107E5000262F262F262F262F262F262F262F262F7A
:107E6000262F262F262F262F262F262F262F262F6A
:107E7000262F262F262F262F262F262F262F262F5A
:107E8000262F262F262F262F262F262F262F262F4A
:107E9000262F262F262F262F262F262F262F262F3A
:107EA000262F262F262F262F262F262F262F262F2A
:107EB000262F262F262F262F262F262F262F262F1A
:107EC000262F262F262F262F262F262F262F262F0A
:107ED000262F262F262F262F262F262F262F262FFA
:107EE000262F262F262F262F262F262F262F262FEA
:107EF000262F262F262F262F262F262F262F262FDA
:107F0000262F262F262F262F262F262F262F262FC9
:107F1000262F262F262F262F262F262F262F262FB9
:107F2000262F262F262F262F262F262F262F262FA9
:107F3000262F262F262F262F262F262F262F262F99
:107F4000262F262F262F262F262F262F262F262F89
:107F5000262F262F262F262F262F262F262F262F79
:107F6000262F262F262F262F262F262F262F262F69
:107F7000262F262F262F262F262F262F262F262F59
:107F8000262F262F262F262F262F262F262F262F49
:107F9000262F262F262F262F262F262F262F262F39
:107FA000262F262F262F262F262F262F262F262F29
:107FB000262F262F262F262F262F262F262F262F19
:107FC000262F262F262F262F262F262F262F262F09
:107FD000262F262F262F262F262F262F262F262FF9
:107FE000262F262F262F262F262F262F262F262FE9
:107FF000262F262F262F262F262F262F262F262FD9
:10800000262F262F262F262F262F262F262F262FC8
:10801000262F262F262F262F262F262F262F262FB8
:10802000262F262F262F262F262F262F262F262FA8
:10803000262F262F262F262F262F262F262F262F98
:10804000262F262F262F262F262F262F262F262F88
:10805000262F262F262F262F262F262F262F262F78
:10806000262F262F262F262F262F262F262F262F68
:10807000262F262F262F262F262F262F262F262F58
:10808000262F262F262F262F262F262F262F262F48
:10809000262F262F262F262F262F262F262F262F38
:1080A000262F262F262F262F262F262F262F262F28
:1080B000262F262F262F262F262F262F262F262F18
:1080C000262F262F262F262F262F262F262F262F08
:1080D000262F262F262F262F262F262F262F262FF8
:1080E000262F262F262F262F262F262F262F262FE8
:1080F000262F262F262F262F262F262F262F262FD8
:10810000262F262F262F262F262F262F262F262FC7
:10811000262F262F262F262F262F262F262F262FB7
:10812000262F262F262F262F262F262F262F262FA7
:10813000262F262F262F262F262F262F262F262F97
:10814000262F262F262F262F262F262F262F262F87
:10815000262F262F262F262F262F262F262F262F77
:10816000262F262F262F262F262F262F262F262F67
:10817000262F262F262F262F262F262F262F262F57
:10818000262F262F262F262F262F262F262F262F47
:10819000262F262F262F262F262F262F262F262F37
:1081A000262F262F262F262F262F262F262F262F27
:1081B000262F262F262F262F262F262F262F262F17
:1081C000262F262F262F262F262F262F262F262F07
:1081D000262F262F262F262F262F262F262F262FF7
:1081E000262F262F262F262F262F262F262F262FE7
:1081F000262F262F262F262F262F262F262F262FD7
:10820000262F262F262F262F262F262F262F262FC6
:10821000262F262F262F262F262F262F262F262FB6
:10822000262F262F262F262F262F262F262F262FA6
:10823000262F262F262F262F262F262F262F262F96
:10824000262F262F262F262F262F262F262F262F86
:10825000262F262F262F262F262F262F262F262F76
:10826000262F262F262F262F262F262F262F262F66
:10827000262F262F262F262F262F262F262F262F56
:10828000262F262F262F262F262F262F262F262F46
:10829000262F262F262F262F262F262F262F262F36
:1082A000262F262F262F262F262F262F262F262F26
:1082B000262F262F262F262F262F262F262F262F16
:1082C000262F262F262F262F262F262F262F262F06
:1082D000262F262F262F262F262F262F262F262FF6
:1082E000262F262F262F262F262F262F262F262FE6
:1082F000262F262F262F262F262F262F262F262FD6
:10830000262F262F262F262F262F262F262F262FC5
:10831000262F262F262F262F262F262F262F262FB5
:10832000262F262F262F262F262F262F262F262FA5
:10833000262F262F262F262F262F262F262F262F95
:10834000262F262F262F262F262F262F262F262F85
:10835000262F262F262F262F262F262F262F262F75
:10836000262F262F262F262F262F262F262F262F65
:10837000262F262F262F262F262F262F262F262F55
:10838000262F262F262F262F262F262F262F262F45
:10839000262F262F262F262F00000102030202027D
:1083A00002000000010000000000000000000000CA
:1083B0004515000000000000BC8302000100000021
:1083C0000000000000000000000000004A00000063
:1083D000D8830200000000000080000000000000C0
:1083E000008000000100000000800000020000008A
:1083F00000800000030000000040000004000000B6
:10840000004000000500000004000000060000001D
:108410000400000007000000040000000800000045
:10842000008000000E000000008000000F0000002F
:108430000008011C000100000008011C01010000EF
:108440000008011C020100000008011C03010000DB
:108450000008011C040100000008011C05010000C7
:108460000008011C060100000008011C07010000B3
:108470000000010008010000000C01030B010000D6
:10848000040C00000C010000000000000D010000C1
:10849000000000000E010000000000000F010000BD
:1084A000040C0000070200000000010000030000AF
:1084B000040C000003030000000C01110503000080
:1084C000000C011106030000000C0111070300005D
:1084D000000C011108030000000C01110903000049
:1084E000000C01110A030000040C00000B03000043
:1084F0001040000000040000050C00000304000010
:10850000040C000004040000050C00000604000038
:10851000000C011307040000040C00000804000014
:108520001040000009040000000C01060A040000CD
:10853000000C01060B040000000C01060C040000F6
:10854000000C01070E040000000C01070F040000DE
:10855000000C011300050000000C011301050000D0
:10856000400C010405050000400C01040605000054
:10857000000C01070B050000000C01070C050000B2
:108580000008011C000600000008011C0106000094
:108590000000011C02060000040C00000806000098
:1085A0000000000009060000000000000A060000AC
:1085B000000000000B060000000001050D06000091
:1085C000000001050E060000040000000F06000078
:1085D000000001060007000000000106010700007E
:1085E0000000010602070000040C00000307000061
:1085F000050C000004070000004000000607000012
:10860000000001140707000000000000000800003F
:108610001040000005090000000C0114000B0000D0
:10862000000C0114010B0000C401C501C801C70101
:10863000020403040404000004000000E0860200B9
:108640000800000060860200020000005086020060
:1086500000000068000000682000002020000020CA
:1086600000000068000000680000006000010C08C5
:1086700000000068000000680000007000010908A8
:108680000000006800000068000000080001020807
:1086900000000068000000685000000000010108B0
:1086A00000000020000000200000006000010C031A
:1086B00000000020000000200000007000010903FD
:1086C000000000200000002000000008000002035D
:1086D0000000002004000020500000000000010302
:1086E0000000006800000068000100080000006849
:1086F00000000068000100080400002020000020A5
:10870000000000033C040020F80D002000000003DE
:108710000100020008001000200000004275696C92
:108720007420776974682052656E657361732041A7
:108730006476616E63656420466C657869626C6519
:1087400020536F667477617265205061636B616757
:10875000652076657273696F6E20362E352E300077
:0C876000362E352E30000000000005060B
:04876C00F8B500BF9D
:04877000F8B500BF99
:04877400C100000040
:048778009900000064
:020000020000FC
:020000040100F9
:04A10000FFFFFFFF5F
:04A20000FFFDFFFF60
:04A28000F8F8FFFFEC
:040000030000292DA3
:00000001FF
